method,cp_set,series_set,entry_set,holm_family,w,n_entries,n_entry_intervals,n_domain_days,n_changepoints,coverage_frac,aligned,aligned_frac,null1_mean,null1_sd,null1_q025,null1_q975,null1_p,null1_p_exact,null2_mean,null2_sd,null2_q025,null2_q975,null2_p,null1w_mean,null1w_sd,null1w_q025,null1w_q975,null1w_p,n_week_shifts,null2w_mean,null2w_sd,null2w_q025,null2w_q975,null2w_p,null1_p_holm,null2_p_holm,null1w_p_holm,null2w_p_holm
pelt_l2,all,agent,all,summary,0,186,110,389,1105,0.32904884318766064,501,0.45339366515837104,453.9275,57.495246882602466,350.0,556.0,0.25647435256474355,0.25773195876288657,469.3602,39.802918023535895,392.0,549.0,0.2221777822217778,462.1578947368421,53.22381738321768,387.75,559.375,0.2987012987012987,76,477.0238,39.598063516078945,400.975,554.0,0.28247175282471754,,,,
pelt_l2,all,agent,scaffolding,summary,0,126,88,389,1105,0.2750642673521851,392,0.3547511312217195,384.37,65.90803658833035,275.0,505.0,0.46035396460353967,0.46649484536082475,404.2555,41.571668719381606,325.0,487.0,0.6163383661633837,395.7105263157895,62.99710380421705,292.625,504.375,0.5064935064935064,76,415.2874,41.85674378090099,336.0,499.0,0.7030296970302969,,,,
pelt_l2,all,agent,roster only,changelog categories,0,60,43,389,1105,0.11053984575835475,257,0.232579185520362,190.8223,38.04260304809159,117.0,260.0,0.03849615038496151,0.041237113402061855,196.51,28.88463488107858,140.97500000000002,254.02499999999964,0.0201979802019798,193.05263157894737,40.62409621126919,131.0,270.625,0.05194805194805195,76,199.0979,28.486380306671073,145.0,255.0,0.022797720227977204,0.23097690230976903,0.1615838416158384,0.36363636363636365,0.18238176182381763
pelt_l2,all,agent,prompt (goal pooled),changelog categories,0,55,49,389,1105,0.14395886889460155,284,0.25701357466063346,227.9446,31.825534045821293,166.0,287.0,0.032596740325967405,0.03350515463917526,240.9454,32.92358144341995,178.0,306.0,0.0994900509949005,235.6184210526316,28.480153138756428,184.875,294.25,0.07792207792207792,76,250.1593,33.72298099893818,185.0,317.0,0.16128387161283872,0.22817718228177183,0.4974502549745025,0.4675324675324675,0.8039196080391962
pelt_l2,all,agent,prompt without goal,changelog categories,0,39,36,389,1105,0.11053984575835475,172,0.15565610859728507,180.6444,36.174941759194695,114.0,255.0,0.6161383861613838,0.615979381443299,188.9816,31.410516129034704,128.0,251.0,0.7071292870712929,182.73684210526315,35.29924207724679,112.375,252.125,0.6493506493506493,76,192.0495,31.83020524512204,131.0,255.0,0.7361263873612639,1.0,1.0,1.0,1.0
pelt_l2,all,agent,tool,changelog categories,0,54,43,389,1105,0.15167095115681234,213,0.19276018099547512,224.2911,68.25560228665739,113.0,349.0,0.5113488651134886,0.5103092783505154,238.1686,42.14044797787012,164.0,324.0,0.7057294270572942,232.6184210526316,70.59876620362203,117.5,349.375,0.5584415584415584,76,246.6495,42.56983519861081,171.0,335.0,0.7757224277572243,1.0,1.0,1.0,1.0
pelt_l2,all,agent,memory,changelog categories,0,18,17,389,1105,0.04627249357326478,120,0.1085972850678733,77.3611,19.200858680991555,44.0,118.0,0.021997800219978002,0.020618556701030927,85.7604,21.496883575075344,47.0,131.0,0.06429357064293571,71.23684210526316,18.890469146143605,42.625,108.5,0.025974025974025976,76,82.7658,20.36089897280319,45.0,124.0,0.041695830416958304,0.17598240175982402,0.45005499450055,0.2077922077922078,0.29187081291870814
pelt_l2,all,agent,model,changelog categories,0,51,40,389,1105,0.13367609254498714,252,0.22805429864253393,212.0776,47.41385014485277,120.0,283.0,0.2226777322267773,0.2190721649484536,214.9507,40.43095021989427,145.0,299.02499999999964,0.19688031196880312,209.01315789473685,49.466080882709285,123.75,276.375,0.15584415584415584,76,215.1117,40.39480656160783,144.0,298.0,0.196980301969803,0.6680331966803319,0.5906409359064093,0.6233766233766234,0.8039196080391962
pelt_l2,all,agent,goal,changelog categories,0,16,15,389,1105,0.038560411311053984,152,0.13755656108597286,67.4467,36.13473302797601,20.0,138.0,0.0022997700229977,0.002577319587628866,74.1844,19.910179259961883,39.0,115.0,0.00029997000299970003,72.53947368421052,39.70136548095835,19.625,147.125,0.012987012987012988,76,82.0799,20.56380808630301,44.0,124.0,0.0008999100089991,0.0206979302069793,0.0026997300269973002,0.1168831168831169,0.0080991900809919
pelt_l2,all,agent,chat,changelog categories,0,29,25,389,1105,0.06940874035989718,155,0.14027149321266968,118.1594,32.08923750350506,63.0,185.0,0.1406859314068593,0.13917525773195877,124.864,25.40992858012483,78.0,176.0,0.1267873212678732,122.64473684210526,28.948553883222292,79.75,179.5,0.15584415584415584,76,129.8044,24.83956603977019,83.0,181.0,0.16078392160783922,0.5627437256274372,0.5071492850714928,0.6233766233766234,0.8039196080391962
pelt_l2,all,agent,other,changelog categories,0,12,12,389,1105,0.030848329048843184,87,0.07873303167420814,56.7483,19.8437074253386,23.0,94.0,0.0841915808419158,0.08505154639175258,59.2357,18.014394171043747,27.0,97.0,0.0741925807419258,58.30263157894737,20.147469476730556,22.875,95.375,0.11688311688311688,76,63.4031,18.018598096903595,31.0,100.0,0.10548945105489452,0.420957904209579,0.45005499450055,0.5844155844155844,0.6329367063293672
pelt_l2,all,agent,village goal transitions,goals and monitor,0,51,51,389,1105,0.13110539845758354,332,0.3004524886877828,246.8991,53.813633123038535,158.0,343.0,0.059394060593940604,0.061855670103092786,227.4059,29.96416743917695,169.0,287.0,0.00039996000399960006,290.6842105263158,59.91131457441981,194.25,383.25,0.33766233766233766,76,295.7382,29.026889547309047,240.0,352.0,0.10728927107289271,0.35636436356364365,0.0027997200279972004,0.6753246753246753,0.2693730626937306
pelt_l2,all,agent,scaffolding + goal transitions,goals and monitor,0,177,118,389,1105,0.34704370179948585,504,0.45610859728506786,482.8282,82.51819078203904,343.975,622.0,0.45185481451854814,0.44329896907216493,491.5941,39.59091169976921,416.0,570.0,0.37806219378062195,515.6447368421053,82.6231128191732,386.625,645.375,0.5324675324675324,76,534.9013,37.90117951002086,461.0,609.0249999999996,0.797920207979202,1.0,1.0,0.6753246753246753,0.797920207979202
pelt_l2,all,agent,agent goal changes,goals and monitor,0,33,8,55,364,0.01818181818181818,25,0.06868131868131869,11.0638,5.721293811742938,0.0,21.0,0.00009999000099990002,0.0,11.245,5.862952534452426,0.0,22.0,0.0183981601839816,11.6,5.834761729877618,0.675,17.55,0.09090909090909091,10,12.8497,6.346994433890295,0.0,25.0,0.0897910208979102,0.0006999300069993001,0.09199080091990801,0.2727272727272727,0.2693730626937306
pelt_l2,all,agent,monitor likely-scaffolding-issue (medium/high),goals and monitor,0,55,55,64,447,0.859375,379,0.8478747203579419,368.2336,10.764590966770088,350.0,388.0,0.194980501949805,0.19047619047619047,368.3626,10.960133835559187,345.0,388.0,0.18018198180181982,,,,,,,,,,,,0.77992200779922,0.7207279272072793,,
pelt_l2,all,agent,monitor emotional-or-erratic (medium/high),goals and monitor,0,60,60,64,447,0.9375,409,0.9149888143176734,394.0213,8.624980309457747,373.0,411.0,0.0653934606539346,0.06349206349206349,394.2905,7.586465922715243,378.0,407.0,0.0136986301369863,,,,,,,,,,,,0.35636436356364365,0.0821917808219178,,
pelt_l2,all,agent,monitor likely-scaffolding-issue (high),goals and monitor,0,4,4,64,447,0.0625,45,0.10067114093959731,44.1042,10.490383557083003,26.0,63.0,0.44615538446155384,0.4444444444444444,41.9817,10.844469805506227,20.0,63.0,0.4126587341265873,,,,,,,,,,,,1.0,1.0,,
pelt_l2,all,agent,monitor emotional-or-erratic (high),goals and monitor,0,8,8,64,447,0.125,76,0.17002237136465326,71.2172,13.3847950837487,47.0,94.0,0.3658634136586341,0.36507936507936506,79.4663,14.24611383802434,51.0,107.0,0.6093390660933906,,,,,,,,,,,,1.0,1.0,,
pelt_l2,all,agent,all,summary,1,186,110,389,1105,0.5886889460154242,710,0.6425339366515838,704.8177,69.39228340103502,573.0,812.0,0.5171482851714828,0.5182291666666666,779.6706,47.249486209214,681.0,865.0,0.9246075392460754,708.3421052631579,59.97278330077824,600.75,799.625,0.5194805194805194,76,784.8347,46.480649963098614,690.0,871.0,0.9423057694230577,,,,
pelt_l2,all,agent,scaffolding,summary,1,126,88,389,1105,0.5038560411311054,534,0.4832579185520362,607.9244,89.59972709640122,448.0,740.0,0.7425257474252575,0.7473958333333334,687.0452,52.1590434492558,580.0,787.0,0.997000299970003,611.2763157894736,83.62832035209294,465.75,731.375,0.7662337662337663,76,693.4674,51.189295479007754,590.975,790.0,0.9988001199880012,,,,
pelt_l2,all,agent,roster only,changelog categories,1,60,43,389,1105,0.2827763496143959,451,0.4081447963800905,365.7769,65.0932595560705,238.0,475.0,0.07999200079992001,0.08072916666666667,387.8006,49.991826911164104,289.0,485.02499999999964,0.103989601039896,374.5263157894737,69.59625922594988,243.625,477.25,0.15584415584415584,76,394.4913,49.76369526920891,297.0,492.0,0.132986701329867,0.5991400859914009,0.831916808319168,1.0,1.0
pelt_l2,all,agent,prompt (goal pooled),changelog categories,1,55,49,389,1105,0.32390745501285345,423,0.38280542986425337,411.3115,49.119054713049906,322.0,500.0,0.39386061393860616,0.390625,446.144,53.12824037169403,342.0,549.0,0.6679332066793321,415.5657894736842,47.0027901374137,343.0,492.0,0.4805194805194805,76,454.3225,52.143774231149656,352.0,554.0,0.7278272172782722,1.0,1.0,1.0,1.0
pelt_l2,all,agent,prompt without goal,changelog categories,1,39,36,389,1105,0.2544987146529563,268,0.2425339366515837,332.2534,56.5242044349914,222.0,441.0,0.8515148485151485,0.8463541666666666,352.0469,50.62001717704075,251.0,451.0,0.9523047695230477,337.0131578947368,58.54422679673949,227.75,446.875,0.8441558441558441,76,359.3232,50.83397437792077,260.0,461.0,0.9644035596440356,1.0,1.0,1.0,1.0
pelt_l2,all,agent,tool,changelog categories,1,54,43,389,1105,0.30077120822622105,328,0.29683257918552036,374.7052,95.71828608990656,213.0,532.0,0.6795320467953204,0.6796875,420.4837,57.004986546433955,310.0,534.0,0.9467053294670533,376.4868421052632,98.01693641693461,217.375,524.25,0.7142857142857143,76,426.0121,56.16893668688107,316.0,537.0,0.9604039596040396,1.0,1.0,1.0,1.0
pelt_l2,all,agent,memory,changelog categories,1,18,17,389,1105,0.10539845758354756,186,0.16832579185520363,142.8078,30.17168693045225,87.0,202.0,0.05979402059794021,0.0625,173.0715,39.38759355434907,98.97500000000002,253.0,0.36426357364263573,138.52631578947367,30.655711239163043,83.75,196.625,0.07792207792207792,76,166.3659,37.22802452146739,97.0,241.0,0.29787021297870214,0.5381461853814619,1.0,0.7012987012987013,1.0
pelt_l2,all,agent,model,changelog categories,1,51,40,389,1105,0.29562982005141386,455,0.4117647058823529,378.4008,70.72618311953407,237.0,474.0,0.08649135086491351,0.08333333333333333,389.501,55.85847129918244,281.0,498.0,0.12458754124587541,385.75,72.21839562512218,258.625,473.75,0.15584415584415584,76,398.3272,55.79421331629256,290.975,507.0,0.16328367163283672,0.5991400859914009,0.8721127887211279,1.0,1.0
pelt_l2,all,agent,goal,changelog categories,1,16,15,389,1105,0.09768637532133675,241,0.21809954751131222,129.7471,67.35741862463537,45.0,263.0,0.07489251074892511,0.07552083333333333,151.5312,36.764096431690575,82.97500000000002,226.0,0.011198880111988802,130.10526315789474,66.56877725528055,47.5,252.125,0.11688311688311688,76,157.02,35.9123985558888,89.97500000000002,231.0,0.012798720127987202,0.5991400859914009,0.10078992100789921,0.935064935064935,0.11518848115188482
pelt_l2,all,agent,chat,changelog categories,1,29,25,389,1105,0.16966580976863754,254,0.22986425339366515,224.9588,58.74118619210481,122.0,344.0,0.31086891310868914,0.3098958333333333,247.3565,44.41742561787943,164.0,335.0,0.4390560943905609,226.14473684210526,53.551894817984646,146.75,326.75,0.2727272727272727,76,255.2912,45.58510505351802,168.0,346.0,0.5133486651334866,1.0,1.0,1.0,1.0
pelt_l2,all,agent,other,changelog categories,1,12,12,389,1105,0.08740359897172237,148,0.1339366515837104,115.4052,36.95439047877215,51.0,185.0,0.2091790820917908,0.20833333333333334,123.0911,33.780928286558236,61.0,193.0,0.23297670232976703,117.76315789473684,37.251887977587614,54.625,176.75,0.2857142857142857,76,129.4588,35.02444822916381,64.0,201.0,0.29717028297170284,1.0,1.0,1.0,1.0
pelt_l2,all,agent,village goal transitions,goals and monitor,1,51,51,389,1105,0.37532133676092544,523,0.47330316742081446,478.7141,98.13526794313769,311.0,658.0,0.36136386361363865,0.359375,444.351,51.73412453075916,341.0,544.0,0.0653934606539346,497.2631578947368,100.20157928509944,335.375,644.125,0.44155844155844154,76,515.0388,45.39001564123976,425.0,600.0,0.44065593440655937,1.0,0.4577542245775422,0.8831168831168831,0.8813118688131187
pelt_l2,all,agent,scaffolding + goal transitions,goals and monitor,1,177,118,389,1105,0.6401028277634961,668,0.604524886877828,752.8966,109.3077798123846,566.0,904.0,0.712928707129287,0.7135416666666666,807.917,46.00632314342147,712.0,893.0,0.9984001599840016,758.0657894736842,107.98695421532064,578.5,902.0,0.7402597402597403,76,836.0464,42.425438581396925,749.0,914.0,0.9997000299970003,1.0,1.0,0.8831168831168831,0.9997000299970003
pelt_l2,all,agent,agent goal changes,goals and monitor,1,33,8,55,364,0.038061938061938055,28,0.07692307692307693,24.8985,11.25639677680383,0.0,44.0,0.44665533446655337,0.44,24.0854,11.036516085646362,1.0,45.0,0.41685831416858316,20.4,8.934328302800509,4.05,33.975,0.18181818181818182,10,21.111,7.650524952786267,0.0,32.0,0.21247875212478753,1.0,1.0,0.5454545454545454,0.6374362563743626
pelt_l2,all,agent,monitor likely-scaffolding-issue (medium/high),goals and monitor,1,55,55,64,447,1.0,445,0.9955257270693513,439.7794,6.950019130663717,419.0,445.0,0.48755124487551244,0.4915254237288136,439.6274,7.295936698548784,419.0,445.0,0.47495250474952505,,,,,,,,,,,,1.0,1.0,,
pelt_l2,all,agent,monitor emotional-or-erratic (medium/high),goals and monitor,1,60,60,64,447,1.0,445,0.9955257270693513,442.3268,5.771614411348988,423.0,445.0,0.7459254074592541,0.7457627118644068,443.0306,4.415746088867897,431.0,445.0,0.7654234576542346,,,,,,,,,,,,1.0,1.0,,
pelt_l2,all,agent,monitor likely-scaffolding-issue (high),goals and monitor,1,4,4,64,447,0.171875,72,0.1610738255033557,94.4207,19.465276807950126,63.0,129.0,0.8489151084891511,0.847457627118644,87.0145,20.739067014696296,45.0,126.02499999999964,0.777022297770223,,,,,,,,,,,,1.0,1.0,,
pelt_l2,all,agent,monitor emotional-or-erratic (high),goals and monitor,1,8,8,64,447,0.234375,131,0.2930648769574944,127.1684,23.99325340717482,92.0,172.0,0.42605739426057393,0.423728813559322,158.5084,26.389876316443768,106.0,210.0,0.8582141785821418,,,,,,,,,,,,1.0,1.0,,
pelt_l2,all,agent,all,summary,2,186,110,389,1105,0.7326478149100257,804,0.7276018099547511,846.7756,65.95232380698617,726.0,950.0,0.6917308269173083,0.6921052631578948,938.3151,44.237526014242555,843.0,1014.0,0.9958004199580042,841.8684210526316,62.149570576207665,733.75,936.25,0.6883116883116883,76,939.4512,44.52595282088257,842.0,1015.0,0.9956004399560044,,,,
pelt_l2,all,agent,scaffolding,summary,2,126,88,389,1105,0.6349614395886889,601,0.5438914027149321,741.9128,96.81191585164032,563.0,875.0,0.882011798820118,0.8842105263157894,856.4859,53.484400148977365,744.0,951.0,0.9999000099990001,735.4473684210526,96.14452936239165,562.25,857.125,0.8831168831168831,76,856.9731,52.87623441591317,746.0,950.0,1.0,,,,
pelt_l2,all,agent,roster only,changelog categories,2,60,43,389,1105,0.41645244215938304,558,0.5049773755656108,504.8623,81.9987116824512,346.0,633.0,0.27817218278172184,0.2789473684210526,539.4635,62.37877987719779,416.0,661.0,0.39416058394160586,509.61842105263156,79.53464102394011,367.375,627.875,0.33766233766233766,76,542.0751,63.42561738670022,415.0,664.0,0.407959204079592,1.0,1.0,1.0,1.0
pelt_l2,all,agent,prompt (goal pooled),changelog categories,2,55,49,389,1105,0.4498714652956298,505,0.45701357466063347,544.5137,54.565627945486966,448.0,646.0,0.7361263873612639,0.7394736842105263,602.3777,63.8223312932642,474.0,722.0,0.9327067293270673,541.0263157894736,58.36573736573208,445.875,643.25,0.6883116883116883,76,605.4852,63.44204024309922,476.0,724.0,0.9376062393760624,1.0,1.0,1.0,1.0
pelt_l2,all,agent,prompt without goal,changelog categories,2,39,36,389,1105,0.37532133676092544,369,0.3339366515837104,461.8229,71.73247723604031,315.0,602.0,0.8839116088391161,0.8789473684210526,486.1841,64.00870658466599,359.0,609.0,0.9644035596440356,461.6578947368421,72.20351840579127,321.25,607.125,0.8701298701298701,76,488.1551,63.65562856413241,363.0,612.0,0.9699030096990301,1.0,1.0,1.0,1.0
pelt_l2,all,agent,tool,changelog categories,2,54,43,389,1105,0.4087403598971722,440,0.39819004524886875,487.3948,113.43668419471767,291.0,667.0,0.6747325267473253,0.6710526315789473,564.611,67.52645600967168,430.0,692.0249999999996,0.965003499650035,484.88157894736844,110.09789184845314,300.875,653.25,0.6623376623376623,76,567.7588,66.24066730612333,433.0,694.0,0.9698030196980302,1.0,1.0,1.0,1.0
pelt_l2,all,agent,memory,changelog categories,2,18,17,389,1105,0.15938303341902313,232,0.20995475113122172,203.2568,38.4537374354207,127.0,272.0,0.24577542245775422,0.23421052631578948,254.175,52.84192655382837,154.0,361.0,0.658034196580342,204.1315789473684,40.235421245552004,137.875,275.875,0.2597402597402597,76,253.078,51.964400755657614,154.0,358.0,0.6545345465453455,1.0,1.0,1.0,1.0
pelt_l2,all,agent,model,changelog categories,2,51,40,389,1105,0.41645244215938304,549,0.4968325791855204,503.0376,84.28597747454724,341.0,619.0,0.410958904109589,0.40789473684210525,530.6604,66.99012344744523,399.0,660.0,0.39676032396760325,505.2631578947368,79.97772496906917,351.75,612.375,0.37662337662337664,76,531.6391,65.67401433448302,401.0,659.0,0.4026597340265973,1.0,1.0,1.0,1.0
pelt_l2,all,agent,goal,changelog categories,2,16,15,389,1105,0.14652956298200515,314,0.2841628959276018,181.1034,91.95367016158526,68.0,363.0,0.14328567143285673,0.1394736842105263,224.8111,49.951539840361704,130.0,323.0,0.0390960903909609,183.06578947368422,92.34678634023179,72.75,357.25,0.14285714285714285,76,229.5663,50.42499253641224,134.97500000000002,332.0,0.05319468053194681,1.0,0.3518648135186481,1.0,0.47875212478752127
pelt_l2,all,agent,chat,changelog categories,2,29,25,389,1105,0.2519280205655527,322,0.2914027149321267,315.2672,70.63499511158362,198.0,460.0,0.4657534246575342,0.46578947368421053,354.8718,59.28071849360896,240.0,470.0,0.7124287571242875,311.05263157894734,66.2928643192397,205.75,443.0,0.4155844155844156,76,359.4794,59.89385196320487,241.0,477.0,0.7356264373562644,1.0,1.0,1.0,1.0
pelt_l2,all,agent,other,changelog categories,2,12,12,389,1105,0.13367609254498714,203,0.18371040723981902,165.1554,48.343199701051375,77.0,252.0,0.2616738326167383,0.2631578947368421,184.0239,47.033732001454005,95.0,279.0,0.34496550344965504,166.69736842105263,49.36260926027367,80.75,247.25,0.2987012987012987,76,185.707,49.356699235017096,93.0,285.0,0.3638636136386361,1.0,1.0,1.0,1.0
pelt_l2,all,agent,village goal transitions,goals and monitor,2,51,51,389,1105,0.5886889460154242,657,0.5945701357466063,683.9064,132.67385301621198,469.0,878.0,0.599040095990401,0.6,608.059,62.814882710620374,480.0,726.0,0.22607739226077392,687.2236842105264,136.1123652168027,470.25,882.0,0.6233766233766234,76,696.0905,58.02009775004082,579.0,805.0,0.7546245375462454,1.0,1.0,1.0,1.0
pelt_l2,all,agent,scaffolding + goal transitions,goals and monitor,2,177,118,389,1105,0.7840616966580977,741,0.6705882352941176,889.2541,112.53327910925154,696.0,1032.0,0.8271172882711729,0.8236842105263158,962.3681,41.33575530768351,872.0,1033.0,1.0,882.4736842105264,116.81055587964764,682.5,1026.375,0.7922077922077922,76,983.6897,37.983813538388844,899.0,1047.0,1.0,1.0,1.0,1.0,1.0
pelt_l2,all,agent,agent goal changes,goals and monitor,2,33,8,55,364,0.05794205794205794,33,0.09065934065934066,39.8153,13.288650974966325,2.0,59.0,0.8734126587341265,0.8695652173913043,36.9859,14.623395144717792,2.0,57.0,0.7873212678732127,39.8,16.253546621515493,9.65,62.650000000000006,0.9090909090909091,10,39.3609,12.73847235965937,3.0,59.0,0.9138086191380862,1.0,1.0,1.0,1.0
pelt_l2,all,agent,monitor likely-scaffolding-issue (medium/high),goals and monitor,2,55,55,64,447,1.0,447,1.0,446.6826,1.780329800183028,443.0,447.0,0.9487051294870513,0.9454545454545454,446.5218,2.440065604039203,439.0,447.0,0.9398060193980602,,,,,,,,,,,,1.0,1.0,,
pelt_l2,all,agent,monitor emotional-or-erratic (medium/high),goals and monitor,2,60,60,64,447,1.0,447,1.0,446.631,1.9713517247721868,443.0,447.0,0.9455054494550545,0.9454545454545454,446.924,0.9216880984883602,447.0,447.0,0.9896010398960104,,,,,,,,,,,,1.0,1.0,,
pelt_l2,all,agent,monitor likely-scaffolding-issue (high),goals and monitor,2,4,4,64,447,0.28125,123,0.2751677852348993,144.8199,26.590245732351,101.0,192.0,0.7086291370862914,0.7090909090909091,128.231,28.1680951283241,69.0,178.0,0.6013398660133986,,,,,,,,,,,,1.0,1.0,,
pelt_l2,all,agent,monitor emotional-or-erratic (high),goals and monitor,2,8,8,64,447,0.328125,181,0.40492170022371365,178.1721,29.101831097842016,138.0,238.0,0.38876112388761125,0.38181818181818183,222.3344,34.41380548037029,154.0,289.0,0.885011498850115,,,,,,,,,,,,1.0,1.0,,
pelt_l2,all,agent,all,summary,3,186,110,389,1105,0.8123393316195373,867,0.7846153846153846,927.7388,58.73724526191278,821.0,1013.0,0.7794220577942206,0.776595744680851,1020.9543,37.607002541734396,935.0,1079.0,0.999000099990001,924.1351351351351,60.15307512706031,822.475,1001.7,0.7733333333333333,74,1021.1367,37.342298507668,936.0,1079.0,0.9993000699930007,,,,
pelt_l2,all,agent,scaffolding,summary,3,126,88,389,1105,0.7172236503856041,658,0.5954751131221719,828.6233,97.94799016818976,650.0,953.0,0.9536046395360464,0.9521276595744681,957.0257,49.48368522068968,846.975,1039.0,1.0,827.0540540540541,100.508282476387,632.475,951.175,0.92,74,957.5129,49.48734114178421,849.0,1039.0,1.0,,,,
pelt_l2,all,agent,roster only,changelog categories,3,60,43,389,1105,0.5089974293059126,628,0.5683257918552036,604.8511,89.28373136948706,438.0,737.0,0.4861513848615138,0.48936170212765956,658.575,70.50127529330089,514.0,790.0,0.6784321567843216,601.8108108108108,84.50219672522351,458.65,727.3749999999999,0.48,74,658.8965,70.79615806913348,512.0,790.0,0.6813318668133187,1.0,1.0,1.0,1.0
pelt_l2,all,agent,prompt (goal pooled),changelog categories,3,55,49,389,1105,0.5449871465295629,567,0.5131221719457013,646.6784,57.31806966002043,539.0,754.0,0.8906109389061094,0.8856382978723404,724.0027,69.7711723734053,580.0,851.0249999999996,0.9841015898410159,641.1891891891892,58.92616128906657,532.45,759.625,0.8933333333333333,74,723.2896,69.43803925781312,578.0,850.0,0.982001799820018,1.0,1.0,1.0,1.0
pelt_l2,all,agent,prompt without goal,changelog categories,3,39,36,389,1105,0.48071979434447293,456,0.41266968325791853,565.9863,81.08702129695159,396.0,718.0,0.8859114088591141,0.8909574468085106,597.6245,74.22760452471404,445.0,736.0249999999996,0.9648035196480352,565.9054054054054,80.28394283560478,391.3,721.3249999999999,0.8933333333333333,74,596.3392,73.57737360323915,446.0,733.0,0.9681031896810319,1.0,1.0,1.0,1.0
pelt_l2,all,agent,tool,changelog categories,3,54,43,389,1105,0.4910025706940874,529,0.47873303167420816,571.8431,122.49491737565394,352.0,754.0,0.658034196580342,0.6595744680851063,679.3593,73.49262357598896,525.0,813.0,0.9729027097290271,570.0945945945946,117.96541969727376,363.825,737.225,0.6533333333333333,74,677.7674,72.90904518732235,530.0,812.0,0.9759024097590241,1.0,1.0,1.0,1.0
pelt_l2,all,agent,memory,changelog categories,3,18,17,389,1105,0.20822622107969152,291,0.26334841628959277,257.9789,44.700056647575174,168.0,333.0,0.24817518248175183,0.25,327.3086,65.30390513623672,202.97500000000002,455.0,0.7058294170582942,264.9054054054054,45.038239131653114,176.825,337.22499999999997,0.30666666666666664,74,335.651,66.44689547293989,206.0,468.0,0.7474252574742526,1.0,1.0,1.0,1.0
pelt_l2,all,agent,model,changelog categories,3,51,40,389,1105,0.506426735218509,616,0.5574660633484163,600.4836,90.23758315237238,429.0,723.0,0.5657434256574343,0.5638297872340425,643.1336,74.68817030372568,488.975,782.0,0.6514348565143485,597.8783783783783,88.21517166793258,449.0,708.55,0.5733333333333334,74,645.2278,73.5834938027274,495.0,782.0,0.6627337266273373,1.0,1.0,1.0,1.0
pelt_l2,all,agent,goal,changelog categories,3,16,15,389,1105,0.18251928020565553,365,0.33031674208144796,220.5185,108.1185331914559,88.0,428.0,0.15728427157284272,0.1595744680851064,292.9553,62.00217196875351,174.0,416.0,0.12808719128087193,221.64864864864865,105.72896758783719,91.3,423.525,0.16,74,292.2737,62.6043538327957,172.97500000000002,416.0,0.12638736126387362,1.0,1.0,1.0,1.0
pelt_l2,all,agent,chat,changelog categories,3,29,25,389,1105,0.32390745501285345,382,0.34570135746606334,392.8305,80.56090848387682,255.0,553.0,0.538046195380462,0.5452127659574468,449.379,70.5774530334417,308.975,584.0,0.8315168483151685,388.0810810810811,78.04437739293503,275.125,539.05,0.49333333333333335,74,448.9728,70.94113986039743,305.975,584.0,0.8302169783021698,1.0,1.0,1.0,1.0
pelt_l2,all,agent,other,changelog categories,3,12,12,389,1105,0.17480719794344474,245,0.22171945701357465,208.3797,56.96443296103506,105.0,306.0,0.29587041295870414,0.30319148936170215,240.8468,58.494921962077484,129.0,356.0,0.47115288471152883,205.1891891891892,55.324367460912,108.95,299.875,0.30666666666666664,74,237.0754,57.6963291854876,127.0,353.0,0.44195580441955806,1.0,1.0,1.0,1.0
pelt_l2,all,agent,village goal transitions,goals and monitor,3,51,51,389,1105,0.6503856041131105,689,0.6235294117647059,750.3457,135.36482096536565,530.0,936.0,0.6334366563343665,0.6329787234042553,732.8119,69.2539105668617,587.0,860.0,0.7493250674932507,748.8918918918919,138.54088636078515,535.075,929.525,0.64,74,787.8303,59.42085312151424,661.0,894.0,0.9442055794420557,1.0,1.0,1.0,1.0
pelt_l2,all,agent,scaffolding + goal transitions,goals and monitor,3,177,118,389,1105,0.8226221079691517,764,0.6914027149321267,932.0739,106.2811808728656,735.0,1055.0,0.9094090590940906,0.9095744680851063,1036.7292,33.53146735963592,959.0,1087.0,1.0,928.0135135135135,110.79581284349378,724.25,1050.525,0.8933333333333333,74,1045.6566,30.07856958824418,976.0,1090.0,1.0,1.0,1.0,1.0,1.0
pelt_l2,all,agent,agent goal changes,goals and monitor,3,33,8,55,364,0.0778221778221778,38,0.1043956043956044,55.7436,12.238939423161648,16.0,78.0,0.9266073392660734,0.9285714285714286,49.2054,18.746662491639878,3.0,73.0,0.8435156484351565,58.25,9.223417401995237,45.875,71.0,1.0,8,51.3899,15.82914192757827,5.0,69.0,0.9099090090990901,1.0,1.0,1.0,1.0
pelt_l2,all,agent,monitor likely-scaffolding-issue (medium/high),goals and monitor,3,55,55,64,447,1.0,447,1.0,447.0,0.0,447.0,447.0,1.0,1.0,446.9876,0.4047994889604312,447.0,447.0,0.9987001299870013,,,,,,,,,,,,1.0,1.0,,
pelt_l2,all,agent,monitor emotional-or-erratic (medium/high),goals and monitor,3,60,60,64,447,1.0,447,1.0,447.0,0.0,447.0,447.0,1.0,1.0,447.0,0.0,447.0,447.0,1.0,,,,,,,,,,,,1.0,1.0,,
pelt_l2,all,agent,monitor likely-scaffolding-issue (high),goals and monitor,3,4,4,64,447,0.390625,164,0.3668903803131991,196.5989,29.392244031222234,143.0,243.0,0.7481251874812519,0.7450980392156863,166.0938,34.48121658221616,95.0,226.0,0.553944605539446,,,,,,,,,,,,1.0,1.0,,
pelt_l2,all,agent,monitor emotional-or-erratic (high),goals and monitor,3,8,8,64,447,0.421875,237,0.5302013422818792,228.9597,29.956475342594885,186.0,289.0,0.33456654334566543,0.3333333333333333,273.1535,40.31309033397499,193.0,349.0,0.818018198180182,,,,,,,,,,,,1.0,1.0,,
pelt_l2,all,all,all,summary,0,186,110,389,2314,0.32904884318766064,1235,0.5337078651685393,1077.0858,81.76845997366372,925.0,1227.0,0.017798220177982202,0.01804123711340206,1135.7352,63.207276455639935,1008.0,1256.0,0.055394460553944605,1093.3947368421052,75.74643295405505,976.625,1237.0,0.05194805194805195,76,1146.5099,62.25606865036033,1022.0,1267.0,0.0806919308069193,,,,
pelt_l2,all,all,scaffolding,summary,0,126,88,389,2314,0.2750642673521851,1026,0.44338807260155577,917.5904,95.8681975368782,753.0,1087.0,0.15748425157484253,0.15463917525773196,989.9465,65.2065965050529,862.0,1115.0,0.2936706329367063,936.8947368421053,87.98948103000622,792.375,1079.25,0.2077922077922078,76,1009.5138,64.57978061565738,883.0,1134.0,0.40515948405159485,,,,
pelt_l2,all,all,roster only,changelog categories,0,60,43,389,2314,0.11053984575835475,638,0.2757130509939499,495.309,60.87516650974976,380.0,609.0,0.0053994600539946005,0.005154639175257732,513.8268,50.405026221864446,417.0,614.0,0.0072992700729927005,497.39473684210526,67.49934892473524,388.375,611.5,0.012987012987012988,76,515.3167,49.22333486040415,420.0,613.0,0.006799320067993201,0.0377962203779622,0.058394160583941604,0.1168831168831169,0.054394560543945605
pelt_l2,all,all,prompt (goal pooled),changelog categories,0,55,49,389,2314,0.14395886889460155,724,0.31287813310285223,572.8033,50.941767887280356,474.0,672.0,0.0024997500249975004,0.002577319587628866,614.3719,56.01617062533955,506.0,725.0,0.026297370262973702,583.171052631579,43.41747364303754,511.0,695.5,0.012987012987012988,76,629.8668,56.81850659801965,519.0,743.0,0.05349465053494651,0.022497750224977502,0.15778422157784222,0.1168831168831169,0.26747325267473254
pelt_l2,all,all,prompt without goal,changelog categories,0,39,36,389,2314,0.11053984575835475,525,0.22687986171132238,459.3381,57.460711462060516,350.0,575.0,0.1488851114888511,0.14690721649484537,483.1105,52.861071868076074,380.975,589.0,0.21707829217078292,459.0921052631579,53.87545579243024,366.25,565.625,0.09090909090909091,76,487.3965,53.24473483762308,386.0,594.0,0.23977602239776022,0.2977702229777022,0.6512348765123488,0.18181818181818182,0.6005399460053995
pelt_l2,all,all,tool,changelog categories,0,54,43,389,2314,0.15167095115681234,597,0.25799481417458947,547.9741,96.52976965078123,387.0,736.0,0.3340665933406659,0.3402061855670103,596.1888,63.940941492598434,477.0,725.0,0.48955104489551043,565.8157894736842,96.23675119569319,413.625,729.0,0.36363636363636365,76,610.0349,65.7954055047049,485.0,740.0,0.573942605739426,0.3340665933406659,0.6512348765123488,0.36363636363636365,0.6005399460053995
pelt_l2,all,all,memory,changelog categories,0,18,17,389,2314,0.04627249357326478,252,0.10890233362143474,198.3571,30.783150258282244,146.0,263.0,0.054094590540945904,0.05412371134020619,227.3354,36.9894056244872,159.0,305.0,0.24837516248375163,184.3815789473684,29.811392500301253,135.875,247.875,0.03896103896103896,76,221.6923,34.91891111912533,158.0,293.0,0.20017998200179982,0.16228377162283772,0.6512348765123488,0.15584415584415584,0.6005399460053995
pelt_l2,all,all,model,changelog categories,0,51,40,389,2314,0.13367609254498714,655,0.28305963699222125,530.8386,69.14490329594207,396.0,635.0,0.0091990800919908,0.010309278350515464,543.4482,60.63813499029724,428.0,664.0,0.03469653034696531,523.3815789473684,76.33923711176983,380.75,632.25,0.025974025974025976,76,541.4985,61.54767265584407,428.975,665.0,0.036196380361963806,0.045995400459954004,0.17348265173482652,0.15584415584415584,0.21717828217178284
pelt_l2,all,all,goal,changelog categories,0,16,15,389,2314,0.038560411311053984,315,0.13612791702679344,176.3347,56.31516683551218,94.0,294.0,0.005499450054994501,0.005154639175257732,197.1843,33.48381176143193,136.0,266.0,0.0013998600139986002,183.92105263157896,61.059045337639034,86.0,299.0,0.025974025974025976,76,214.2065,34.80106275887153,148.97500000000002,285.0,0.0022997700229977,0.0377962203779622,0.012598740125987402,0.15584415584415584,0.0206979302069793
pelt_l2,all,all,chat,changelog categories,0,29,25,389,2314,0.06940874035989718,409,0.17675021607605879,305.7353,54.279589730359326,203.0,415.0,0.03849615038496151,0.03865979381443299,328.7524,43.35529105387527,247.0,416.0,0.0362963703629637,317.0394736842105,47.94314432449439,224.875,413.375,0.05194805194805195,76,340.4735,43.22283793461406,259.0,428.0,0.06329367063293671,0.15398460153984603,0.17348265173482652,0.15584415584415584,0.26747325267473254
pelt_l2,all,all,other,changelog categories,0,12,12,389,2314,0.030848329048843187,236,0.10198789974070872,149.6366,31.031281547552116,91.0,209.0,0.0024997500249975004,0.002577319587628866,160.102,30.7126573700856,104.0,224.0,0.0117988201179882,151.46052631578948,30.49696850048047,84.875,207.125,0.012987012987012988,76,169.5464,31.87539570146718,110.0,233.0,0.021497850214978503,0.022497750224977502,0.0825917408259174,0.1168831168831169,0.15048495150484953
pelt_l2,all,all,village goal transitions,goals and monitor,0,51,51,389,2314,0.13110539845758354,877,0.37899740708729474,659.7718,89.869513060313,503.0,835.0,0.007699230076992301,0.007731958762886598,592.7983,52.39199852325664,490.0,695.0,0.00009999000099990002,736.2105263157895,95.69553326942328,587.875,900.0,0.09090909090909091,76,748.952,49.21520811366104,652.975,845.0,0.0045995400459954,0.053894610538946106,0.0006999300069993001,0.2727272727272727,0.0137986201379862
pelt_l2,all,all,scaffolding + goal transitions,goals and monitor,0,177,118,389,2314,0.34704370179948585,1299,0.5613656006914434,1143.1384,115.04890903692682,942.0,1346.0,0.071992800719928,0.07216494845360824,1183.6525,62.359578377756414,1057.0,1304.0,0.031296870312968704,1203.7763157894738,109.78167408503242,1032.5,1367.0,0.2987012987012987,76,1273.7487,57.65675483798793,1157.0,1382.0,0.3381661833816618,0.35996400359964,0.15648435156484353,0.2987012987012987,0.3381661833816618
pelt_l2,all,all,agent goal changes,goals and monitor,0,33,8,55,500,0.029272727272727273,45,0.09,29.0478,10.208875416701263,7.0,44.0,0.0182981701829817,0.018518518518518517,29.2818,9.4892672730479,9.0,47.0,0.04509549045095491,29.3,10.285372569279582,10.15,42.0,0.09090909090909091,10,31.3262,10.160763636251321,10.0,50.0,0.08709129087091291,0.10978902109789021,0.18038196180381963,0.2727272727272727,0.17418258174182583
pelt_l2,all,all,monitor likely-scaffolding-issue (medium/high),goals and monitor,0,55,55,64,673,0.859375,578,0.8588410104011887,571.3101,14.276684501733454,546.0,600.0,0.33486651334866513,0.3333333333333333,571.3747,15.621603738423786,538.0,598.0,0.38276172382761725,,,,,,,,,,,,0.6697330266973303,1.0,,
pelt_l2,all,all,monitor emotional-or-erratic (medium/high),goals and monitor,0,60,60,64,673,0.9375,624,0.9271916790490342,605.6208,12.206330603858026,580.0,628.0,0.08089191080891911,0.07936507936507936,606.472,10.68991316261935,582.0,623.0,0.024897510248975102,,,,,,,,,,,,0.35996400359964,0.1493850614938506,,
pelt_l2,all,all,monitor likely-scaffolding-issue (high),goals and monitor,0,4,4,64,673,0.0625,73,0.10846953937592868,78.5845,17.23616454687146,46.0,109.0,0.5948405159484051,0.5873015873015873,74.2152,19.42759460415031,37.0,112.0,0.535946405359464,,,,,,,,,,,,0.6697330266973303,1.0,,
pelt_l2,all,all,monitor emotional-or-erratic (high),goals and monitor,0,8,8,64,673,0.125,138,0.2050520059435364,120.4322,21.423279367311743,85.0,161.0,0.21427857214278573,0.2222222222222222,138.9918,25.700396568893247,89.0,191.0,0.523047695230477,,,,,,,,,,,,0.6428357164283571,1.0,,
pelt_l2,all,all,all,summary,1,186,110,389,2314,0.5886889460154242,1609,0.6953327571305099,1545.1662,94.77913950911672,1357.0,1705.0,0.2997700229977002,0.2942708333333333,1710.4436,74.41741606788979,1559.0,1850.0,0.911008899110089,1557.0131578947369,78.19266690614111,1435.625,1696.25,0.2987012987012987,76,1720.1373,73.02938845333286,1570.0,1856.0,0.9307069293070693,,,,
pelt_l2,all,all,scaffolding,summary,1,126,88,389,2314,0.5038560411311054,1336,0.5773552290406223,1341.5682,120.68689109148572,1107.0,1528.0499999999993,0.5845415458454155,0.5755208333333334,1523.5244,81.50795028238609,1360.0,1679.0,0.9867013298670133,1348.671052631579,112.41012862524381,1152.5,1523.75,0.6233766233766234,76,1537.7431,80.29397620401835,1373.0,1687.0,0.9917008299170083,,,,
pelt_l2,all,all,roster only,changelog categories,1,60,43,389,2314,0.2827763496143959,1002,0.43301642178046673,838.2526,91.40577495327896,645.0,999.0,0.0235976402359764,0.020833333333333332,891.8806,79.41709419970685,738.0,1047.0,0.0866913308669133,858.6973684210526,97.94992186307478,692.375,1000.375,0.03896103896103896,76,907.2073,78.5691875892442,750.0,1061.0,0.11908809119088092,0.1887811218878112,0.6068393160683931,0.3116883116883117,0.8336166383361664
pelt_l2,all,all,prompt (goal pooled),changelog categories,1,55,49,389,2314,0.32390745501285345,1021,0.44122731201382887,930.1675,71.46310335595653,799.0,1066.0,0.0928907109289071,0.09375,1018.4106,84.32496473528917,850.975,1181.0249999999996,0.49565043495650435,943.3947368421053,65.42926540875898,828.75,1070.625,0.14285714285714285,76,1039.3854,82.13313005082172,876.0,1195.0,0.5914408559144085,0.3715628437156284,1.0,0.5714285714285714,1.0
pelt_l2,all,all,prompt without goal,changelog categories,1,39,36,389,2314,0.2544987146529563,771,0.3331892826274849,762.3061,82.38225103939946,598.0,917.0,0.46505349465053497,0.4713541666666667,808.9263,80.1357775440799,652.0,964.0,0.6791320867913209,775.9605263157895,83.05780168685318,618.75,932.5,0.5584415584415584,76,826.1772,79.69199383594412,670.975,982.0,0.7569243075692431,0.9301069893010699,1.0,1.0,1.0
pelt_l2,all,all,tool,changelog categories,1,54,43,389,2314,0.30077120822622105,838,0.3621434745030251,843.6378,127.9186848359262,621.0,1074.0,0.506049395060494,0.5026041666666666,957.8661,86.87404146635559,784.0,1122.0,0.9151084891510849,841.4342105263158,135.31802890734264,617.0,1079.625,0.5194805194805194,76,969.9389,86.73938170648833,797.975,1136.0,0.9335066493350664,0.9301069893010699,1.0,1.0,1.0
pelt_l2,all,all,memory,changelog categories,1,18,17,389,2314,0.10539845758354756,406,0.17545375972342264,332.2437,43.79925967210841,249.0,418.0,0.04279572042795721,0.041666666666666664,407.9476,61.98534240050022,290.0,531.0,0.5165483451654834,318.2368421052632,44.58097304786804,243.75,420.625,0.06493506493506493,76,387.6967,57.25365409474508,280.0,502.0,0.37196280371962803,0.23337666233376664,1.0,0.3246753246753247,1.0
pelt_l2,all,all,model,changelog categories,1,51,40,389,2314,0.29562982005141386,1031,0.4455488331892826,856.1263,95.22444075825162,655.0,1013.0,0.007999200079992,0.0078125,891.7337,86.01837652746093,723.975,1061.0,0.054094590540945904,874.8815789473684,98.88470958380616,707.0,1015.625,0.025974025974025976,76,911.5707,84.5521123774016,746.0,1074.0,0.0806919308069193,0.071992800719928,0.43275672432756723,0.2337662337662338,0.6455354464553544
pelt_l2,all,all,goal,changelog categories,1,16,15,389,2314,0.09768637532133675,474,0.2048401037165082,297.9423,92.96044607876792,171.0,480.0,0.0314968503149685,0.03125,359.2643,59.29058089450871,246.0,480.0,0.0314968503149685,300.6578947368421,90.37544690627412,178.75,470.25,0.03896103896103896,76,374.631,54.422269498264534,271.0,484.0,0.0392960703929607,0.2204779522047795,0.28347165283471654,0.3116883116883117,0.3536646335366463
pelt_l2,all,all,chat,changelog categories,1,29,25,389,2314,0.16966580976863754,591,0.2554019014693172,519.667,93.34611004549714,358.0,717.0,0.2288771122887711,0.22916666666666666,577.0728,71.26417163186447,442.0,720.0,0.41815818418158185,527.1447368421053,75.65001942231405,401.0,682.125,0.2077922077922078,76,599.2171,69.95696366528871,462.0,737.0,0.5478452154784521,0.6866313368663133,1.0,0.6233766233766234,1.0
pelt_l2,all,all,other,changelog categories,1,12,12,389,2314,0.08740359897172237,357,0.15427830596369924,268.5845,51.4545684756145,169.0,361.0,0.038896110388961104,0.036458333333333336,291.4751,53.27492845410662,192.0,399.0,0.11288871112888711,276.2763157894737,52.20053605962568,187.25,362.25,0.05194805194805195,76,309.4501,56.58256152399662,204.0,422.0,0.20777922207779223,0.23337666233376664,0.6773322667733227,0.3116883116883117,1.0
pelt_l2,all,all,village goal transitions,goals and monitor,1,51,51,389,2314,0.37532133676092544,1240,0.5358686257562663,1092.39,139.5888319465437,828.0,1353.0,0.19038096190380963,0.18229166666666666,1016.6692,82.047409155286,853.0,1175.0,0.0027997200279972004,1126.1842105263158,143.57991600743384,892.625,1349.0,0.3246753246753247,76,1195.5967,69.76351298411218,1055.0,1329.0,0.268973102689731,1.0,0.019598040195980403,0.6493506493506493,0.537946205379462
pelt_l2,all,all,scaffolding + goal transitions,goals and monitor,1,177,118,389,2314,0.6401028277634961,1630,0.7044079515989629,1630.6548,141.98283963083344,1381.0,1832.0,0.5854414558544145,0.5911458333333334,1768.2439,71.70930926520998,1620.0,1902.0,0.968003199680032,1639.9342105263158,139.86406119527305,1419.875,1830.125,0.5974025974025974,76,1826.7563,64.50390054584733,1691.0,1945.0,0.9962003799620038,1.0,1.0,0.6493506493506493,0.9962003799620038
pelt_l2,all,all,agent goal changes,goals and monitor,1,33,8,55,500,0.06956363636363637,77,0.154,55.8191,18.109841849866683,10.0,81.0,0.09859014098590141,0.1,55.634,16.534635871961072,19.0,88.0,0.0888911108889111,53.4,14.99036727739221,22.325000000000003,68.97500000000001,0.09090909090909091,10,55.8759,12.5929010678926,24.0,76.0,0.021397860213978603,0.6901309869013099,0.5333466653334666,0.2727272727272727,0.06419358064193581
pelt_l2,all,all,monitor likely-scaffolding-issue (medium/high),goals and monitor,1,55,55,64,673,1.0,670,0.9955423476968797,663.6568,8.869593041852191,639.0,670.0,0.49955004499550043,0.4915254237288136,662.9384,9.620273405992192,635.0,670.0,0.46205379462053797,,,,,,,,,,,,1.0,1.0,,
pelt_l2,all,all,monitor emotional-or-erratic (medium/high),goals and monitor,1,60,60,64,673,1.0,670,0.9955423476968797,666.4561,7.600726932010484,643.0,670.0,0.7411258874112588,0.7457627118644068,667.4674,5.649648581364091,652.0,670.0,0.7531246875312468,,,,,,,,,,,,1.0,1.0,,
pelt_l2,all,all,monitor likely-scaffolding-issue (high),goals and monitor,1,4,4,64,673,0.171875,110,0.16344725111441308,151.5572,29.07804466308116,109.0,208.0,0.9447055294470553,0.9491525423728814,139.4067,32.817175256398606,73.0,202.0,0.8205179482051795,,,,,,,,,,,,1.0,1.0,,
pelt_l2,all,all,monitor emotional-or-erratic (high),goals and monitor,1,8,8,64,673,0.234375,216,0.3209509658246657,200.241,35.04998101450144,148.0,270.0,0.33196680331966805,0.3389830508474576,252.5146,41.83019200692645,171.0,334.0,0.8076192380761924,,,,,,,,,,,,1.0,1.0,,
pelt_l2,all,all,all,summary,2,186,110,389,2314,0.7326478149100257,1799,0.7774416594641314,1811.6559,86.89791953799586,1646.0,1957.0,0.5737426257374263,0.5763157894736842,2005.3923,70.6818392018013,1856.0,2127.0,0.9949005099490051,1799.3947368421052,75.54126094567894,1663.625,1917.75,0.5584415584415584,76,2007.057,70.50730514640239,1854.975,2133.0,0.9952004799520048,,,,
pelt_l2,all,all,scaffolding,summary,2,126,88,389,2314,0.6349614395886889,1500,0.648228176318064,1595.5842,129.0917022008685,1352.0,1783.0,0.7159284071592841,0.718421052631579,1844.7468,84.38546190178754,1665.0,1997.0,0.9999000099990001,1576.6052631578948,121.82720866838338,1353.5,1746.75,0.7142857142857143,76,1847.2577,82.99634407624835,1674.0,1996.0249999999996,0.9997000299970003,,,,
pelt_l2,all,all,roster only,changelog categories,2,60,43,389,2314,0.41645244215938304,1206,0.5211754537597234,1113.5511,107.2680494473225,909.0,1296.0,0.22347765223477653,0.22105263157894736,1192.2979,97.31702942451336,1001.0,1379.0,0.45255474452554745,1125.7236842105262,103.92299696528008,941.5,1275.875,0.2727272727272727,76,1198.0835,96.45504178247255,1003.0,1382.0,0.47725227477252274,1.0,1.0,1.0,1.0
pelt_l2,all,all,prompt (goal pooled),changelog categories,2,55,49,389,2314,0.4498714652956298,1228,0.5306828003457217,1195.0698,78.03870150030167,1047.0,1337.0,0.35836416358364165,0.35789473684210527,1327.738,98.88628623707423,1126.0,1516.0249999999996,0.8456154384561544,1182.6842105263158,76.86788848863844,1048.875,1316.375,0.2987012987012987,76,1334.2671,98.00368987907032,1137.0,1520.0,0.8585141485851415,1.0,1.0,1.0,1.0
pelt_l2,all,all,prompt without goal,changelog categories,2,39,36,389,2314,0.37532133676092544,1009,0.43604148660328435,1023.1943,97.49971880485965,831.0,1206.0,0.5953404659534046,0.5894736842105263,1077.7249,98.93408217217929,883.0,1265.0,0.7551244875512448,1022.3947368421053,93.87737802720717,843.875,1207.375,0.5584415584415584,76,1082.6905,97.65108336909691,887.0,1268.0249999999996,0.7758224177582241,1.0,1.0,1.0,1.0
pelt_l2,all,all,tool,changelog categories,2,54,43,389,2314,0.4087403598971722,1080,0.46672428694900603,1062.213,146.99501550888874,796.0,1310.0,0.47625237476252374,0.47368421052631576,1244.8596,102.40342442503277,1040.975,1441.0,0.9456054394560544,1059.1184210526317,140.46959026591372,834.5,1287.5,0.4935064935064935,76,1251.5623,102.05859255516624,1045.975,1445.0,0.9496050394960504,1.0,1.0,1.0,1.0
pelt_l2,all,all,memory,changelog categories,2,18,17,389,2314,0.15938303341902313,520,0.2247191011235955,454.3405,51.28691835692076,351.0,542.0,0.09769023097690231,0.1,571.1926,79.95095697233448,416.0,726.0249999999996,0.7365263473652635,454.94736842105266,56.70294401218621,357.875,557.0,0.15584415584415584,76,563.2962,77.27103174408039,412.0,716.0,0.7145285471452855,0.7623237676232377,1.0,1.0,1.0
pelt_l2,all,all,model,changelog categories,2,51,40,389,2314,0.41645244215938304,1189,0.513828867761452,1105.6827,111.16439705691432,883.0,1273.0,0.25337466253374663,0.25263157894736843,1173.4736,100.51080312680084,971.0,1366.0,0.44865513448655137,1110.157894736842,100.99835676967938,917.5,1265.125,0.24675324675324675,76,1177.6127,100.62874993381028,973.975,1369.0249999999996,0.4654534546545345,1.0,1.0,1.0,1.0
pelt_l2,all,all,goal,changelog categories,2,16,15,389,2314,0.14652956298200515,619,0.26750216076058775,405.5082,119.3535129724546,250.0,643.0,0.0390960903909609,0.039473684210526314,509.2191,73.82201070220461,366.975,656.0,0.06999300069993,404.0394736842105,121.46532463102092,255.75,635.5,0.05194805194805195,76,520.974,73.3152646916294,379.0,665.0,0.09529047095290472,0.3518648135186481,0.62993700629937,0.4675324675324676,0.8576142385761425
pelt_l2,all,all,chat,changelog categories,2,29,25,389,2314,0.2519280205655527,768,0.33189282627484873,705.4861,98.46216373083955,525.0,892.0,0.2595740425957404,0.25263157894736843,796.2608,89.69876236691907,621.0,972.0249999999996,0.6274372562743725,694.0526315789474,89.8981489964196,537.75,872.125,0.19480519480519481,76,803.2361,90.09059100843342,625.0,976.0,0.6563343665633437,1.0,1.0,1.0,1.0
pelt_l2,all,all,other,changelog categories,2,12,12,389,2314,0.13367609254498714,454,0.1961970613656007,371.4854,63.91046895184047,249.0,481.0,0.09529047095290472,0.09736842105263158,417.0084,68.78784999017361,285.0,552.0,0.29587041295870414,374.88157894736844,69.37261075386321,257.375,492.625,0.15584415584415584,76,422.013,72.72626583273885,282.0,564.0,0.33386661333866613,0.7623237676232377,1.0,1.0,1.0
pelt_l2,all,all,village goal transitions,goals and monitor,2,51,51,389,2314,0.5886889460154242,1509,0.6521175453759723,1465.9153,171.3245648952994,1165.0,1719.0,0.45455454454554545,0.4605263157894737,1338.5412,97.73554382215623,1142.975,1527.0,0.0370962903709629,1474.6315789473683,174.8141750244347,1178.75,1730.25,0.4675324675324675,76,1524.3446,83.74799235481616,1354.0,1683.0,0.5857414258574143,1.0,0.2596740325967403,1.0,1.0
pelt_l2,all,all,scaffolding + goal transitions,goals and monitor,2,177,118,389,2314,0.7840616966580977,1789,0.7731201382886776,1877.5587,141.70194105346556,1634.0,2061.0,0.6853314668533147,0.6868421052631579,2051.3811,65.67017679283344,1913.0,2166.0,0.9992000799920008,1861.907894736842,146.28102429972057,1616.25,2046.25,0.6753246753246753,76,2091.433,58.12968963517445,1966.0,2194.0,0.9999000099990001,1.0,1.0,1.0,1.0
pelt_l2,all,all,agent goal changes,goals and monitor,2,33,8,55,500,0.10527272727272727,90,0.18,83.7556,19.986375713505844,23.0,108.0,0.46525347465253475,0.45652173913043476,80.2142,21.599619735478484,29.0,114.0,0.35406459354064596,86.4,24.40946992915295,35.4,108.65,0.5454545454545454,10,84.3408,19.23300408684562,33.0,117.0,0.40735926407359263,1.0,1.0,1.0,1.0
pelt_l2,all,all,monitor likely-scaffolding-issue (medium/high),goals and monitor,2,55,55,64,673,1.0,673,1.0,672.5112,2.594676818946721,669.0,673.0,0.944005599440056,0.9454545454545454,672.4028,3.146194846827103,665.0,673.0,0.942005799420058,,,,,,,,,,,,1.0,1.0,,
pelt_l2,all,all,monitor emotional-or-erratic (medium/high),goals and monitor,2,60,60,64,673,1.0,673,1.0,672.5351,2.489535653244773,669.0,673.0,0.943005699430057,0.9454545454545454,672.9333,1.0092338506493574,673.0,673.0,0.9928007199280072,,,,,,,,,,,,1.0,1.0,,
pelt_l2,all,all,monitor likely-scaffolding-issue (high),goals and monitor,2,4,4,64,673,0.28125,204,0.3031203566121842,223.0309,39.47076056125507,155.0,292.0,0.6847315268473153,0.6909090909090909,201.503,43.58172010869653,112.0,279.0,0.4971502849715029,,,,,,,,,,,,1.0,1.0,,
pelt_l2,all,all,monitor emotional-or-erratic (high),goals and monitor,2,8,8,64,673,0.328125,284,0.42199108469539376,275.503,42.30369193386227,208.0,362.0,0.37906209379062095,0.38181818181818183,344.7338,53.5191345906932,236.0,446.0,0.8706129387061294,,,,,,,,,,,,1.0,1.0,,
pelt_l2,all,all,all,summary,3,186,110,389,2314,0.8123393316195373,1929,0.8336214347450303,1969.5303,73.961540768573,1835.0,2085.0,0.6947305269473053,0.6835106382978723,2157.2556,60.59633702003797,2018.975,2253.0,0.9981001899810019,1954.8918918918919,77.39979249690205,1816.125,2071.575,0.64,74,2157.7785,60.3642959254248,2023.0,2254.0,0.9982001799820018,,,,
pelt_l2,all,all,scaffolding,summary,3,126,88,389,2314,0.7172236503856041,1621,0.7005185825410545,1759.1024,126.00518737323672,1520.0,1937.0,0.7743225677432257,0.773936170212766,2035.2726,79.13568433326074,1863.0,2169.0,1.0,1747.8918918918919,134.5809902885866,1489.0,1933.925,0.7466666666666667,74,2036.5366,78.30616863341358,1866.0,2170.0,1.0,,,,
pelt_l2,all,all,roster only,changelog categories,3,60,43,389,2314,0.5089974293059126,1345,0.5812445980985307,1316.0695,113.85147643143922,1110.0,1508.0,0.45425457454254575,0.4601063829787234,1428.9771,111.35048661176505,1202.0,1635.0,0.7824217578242175,1308.5405405405406,108.5032906753295,1120.475,1480.35,0.4666666666666667,74,1429.0058,109.57262058688853,1204.975,1633.0,0.7838216178382161,1.0,1.0,1.0,1.0
pelt_l2,all,all,prompt (goal pooled),changelog categories,3,55,49,389,2314,0.5449871465295629,1386,0.5989628349178912,1391.441,78.98466798548739,1238.0,1530.0,0.5484451554844516,0.5478723404255319,1563.7263,110.42696138031675,1338.0,1767.0,0.9408059194080592,1377.6216216216217,83.59486493744494,1214.125,1536.875,0.5466666666666666,74,1562.1505,109.04329641843822,1331.975,1763.0249999999996,0.9408059194080592,1.0,1.0,1.0,1.0
pelt_l2,all,all,prompt without goal,changelog categories,3,39,36,389,2314,0.480719794344473,1206,0.5211754537597234,1228.2564,107.70742104374605,1011.0,1435.0,0.646035396460354,0.6436170212765957,1299.3145,113.07782916776803,1074.0,1515.0249999999996,0.7951204879512048,1221.5405405405406,109.8978590776035,1000.475,1422.625,0.6133333333333333,74,1297.3857,112.81827038083492,1068.0,1508.0,0.796020397960204,1.0,1.0,1.0,1.0
pelt_l2,all,all,tool,changelog categories,3,54,43,389,2314,0.4910025706940875,1247,0.5388936905790839,1230.4272,157.51191923352997,945.0,1483.0,0.49545045495450457,0.5026595744680851,1471.4095,114.39598530497209,1240.0,1683.0,0.9705029497050295,1222.2972972972973,145.14675895944404,950.55,1455.45,0.5333333333333333,74,1464.4006,113.78731069344896,1228.0,1677.0,0.9672032796720328,1.0,1.0,1.0,1.0
pelt_l2,all,all,memory,changelog categories,3,18,17,389,2314,0.20822622107969152,646,0.2791702679343129,568.4853,59.34794858973797,452.0,679.0,0.09459054094590541,0.09574468085106383,723.8098,96.52743329488177,535.0,911.0,0.7877212278772123,585.7027027027027,61.73201689887957,469.475,682.275,0.17333333333333334,74,743.4041,97.1966528339439,553.0,933.0249999999996,0.8403159684031597,0.7567243275672433,1.0,1.0,1.0
pelt_l2,all,all,model,changelog categories,3,51,40,389,2314,0.506426735218509,1330,0.57476231633535,1304.8592,115.99767463795187,1087.0,1477.0,0.5223477652234777,0.5186170212765957,1398.6012,114.31285798854891,1168.0,1614.0,0.7301269873012699,1295.2972972972973,113.45613233844205,1102.65,1457.525,0.5066666666666667,74,1394.7819,112.16435804974624,1167.0,1609.0,0.7239276072392761,1.0,1.0,1.0,1.0
pelt_l2,all,all,goal,changelog categories,3,16,15,389,2314,0.18251928020565553,716,0.3094209161624892,486.826,140.1374103277827,304.0,749.0,0.07579242075792421,0.07180851063829788,647.2707,91.3046443250152,468.0,824.0,0.23157684231576842,489.8243243243243,131.514399243738,326.3,734.175,0.08,74,645.9206,89.84685493312573,474.0,820.0,0.22277772222777723,0.6821317868213179,1.0,0.72,1.0
pelt_l2,all,all,chat,changelog categories,3,29,25,389,2314,0.32390745501285345,904,0.39066551426101986,863.1445,109.05297646060602,661.0,1055.0,0.37996200379962003,0.3829787234042553,987.1937,108.17817632079591,773.0,1194.0,0.7785221477852214,846.9594594594595,101.64367511121769,687.125,1041.7,0.30666666666666664,74,983.6541,106.88706721443792,764.0,1188.0,0.7775222477752225,1.0,1.0,1.0,1.0
pelt_l2,all,all,other,changelog categories,3,12,12,389,2314,0.17480719794344474,549,0.23725151253241142,460.1367,74.45022697574316,327.0,590.0,0.13258674132586742,0.13031914893617022,532.5226,85.0866820576896,369.0,698.0,0.42945705429457054,455.55405405405406,70.00315881168132,338.375,574.225,0.10666666666666667,74,523.8463,84.86421194918961,357.0,687.0,0.38686131386861317,0.9281071892810719,1.0,0.8533333333333334,1.0
pelt_l2,all,all,village goal transitions,goals and monitor,3,51,51,389,2314,0.6503856041131105,1591,0.6875540190146932,1602.6003,172.52952554165438,1301.0,1840.0,0.5644435556444356,0.5558510638297872,1579.012,107.31022506937745,1358.0,1779.0,0.47485251474852513,1600.3648648648648,178.3581570135472,1314.95,1832.35,0.5866666666666667,74,1697.6263,90.24959250436935,1508.0,1861.0,0.8821117888211178,1.0,1.0,1.0,1.0
pelt_l2,all,all,scaffolding + goal transitions,goals and monitor,3,177,118,389,2314,0.8226221079691517,1825,0.7886776145203112,1953.8137,132.63782971572314,1715.0,2111.0,0.7370262973702629,0.7313829787234043,2188.6137,53.00454150779955,2067.975,2273.0,1.0,1943.472972972973,141.93797825280032,1693.65,2106.525,0.72,74,2204.9112,48.2237064849511,2097.0,2281.0,1.0,1.0,1.0,1.0,1.0
pelt_l2,all,all,agent goal changes,goals and monitor,3,33,8,55,500,0.13814545454545452,97,0.194,111.7156,16.04046278274503,65.0,136.0,0.8804119588041196,0.8809523809523809,103.8193,25.115185142906597,40.0,139.0,0.7406259374062594,113.875,11.921619017566364,100.7,132.3,1.0,8,102.3431,22.230470120314077,40.0,133.0,0.7311268873112688,1.0,1.0,1.0,1.0
pelt_l2,all,all,monitor likely-scaffolding-issue (medium/high),goals and monitor,3,55,55,64,673,1.0,673,1.0,673.0,0.0,673.0,673.0,1.0,1.0,672.9883,0.41131499851427783,673.0,673.0,0.9989001099890011,,,,,,,,,,,,1.0,1.0,,
pelt_l2,all,all,monitor emotional-or-erratic (medium/high),goals and monitor,3,60,60,64,673,1.0,673,1.0,673.0,0.0,673.0,673.0,1.0,1.0,673.0,0.0,673.0,673.0,1.0,,,,,,,,,,,,1.0,1.0,,
pelt_l2,all,all,monitor likely-scaffolding-issue (high),goals and monitor,3,4,4,64,673,0.390625,262,0.38930163447251115,296.6185,44.346244674060834,213.0,359.0,0.789021097890211,0.7843137254901961,256.5912,53.02446833287627,152.0,351.02499999999964,0.47465253474652536,,,,,,,,,,,,1.0,1.0,,
pelt_l2,all,all,monitor emotional-or-erratic (high),goals and monitor,3,8,8,64,673,0.421875,359,0.5334323922734027,351.0731,44.89548659789407,278.0,435.0,0.37646235376462356,0.37254901960784315,418.1584,62.17082137581146,290.0,532.0,0.8268173182681732,,,,,,,,,,,,1.0,1.0,,
pelt_l2,all,external,all,summary,0,186,110,389,148,0.32904884318766064,114,0.7702702702702703,118.4806,11.111614213832466,94.0,136.0,0.690930906909309,0.6907216494845361,126.6953,9.274257873054296,105.0,140.0,0.8991100889911009,120.82894736842105,10.190699233967853,98.625,135.125,0.7532467532467533,76,126.9178,9.250502707422662,105.0,140.0,0.9013098690130987,,,,
pelt_l2,all,external,scaffolding,summary,0,126,88,389,148,0.2750642673521851,95,0.6418918918918919,105.4058,14.589537752142189,73.0,128.0,0.7886211378862114,0.7860824742268041,119.0316,10.623995875791598,96.0,136.0,0.9813018698130187,108.26315789473684,14.680025813830738,74.75,128.125,0.8181818181818182,76,119.7192,10.55923771444279,97.0,136.0,0.9843015698430156,,,,
pelt_l2,all,external,roster only,changelog categories,0,60,43,389,148,0.11053984575835477,97,0.6554054054054054,82.4033,12.480393628909036,59.0,104.0,0.15408459154084592,0.15463917525773196,88.0314,12.2803540156412,65.0,111.0,0.2618738126187381,82.77631578947368,12.239388529618111,58.625,103.25,0.16883116883116883,76,88.5182,12.20050630078111,66.0,112.0,0.27117288271172885,1.0,1.0,1.0,1.0
pelt_l2,all,external,prompt (goal pooled),changelog categories,0,55,49,389,148,0.14395886889460155,86,0.581081081081081,85.6076,13.007710878330185,63.0,111.0,0.49755024497550243,0.5,94.6784,12.07960947781482,72.0,117.0,0.762023797620238,86.5,12.832770550430643,63.0,109.25,0.5454545454545454,76,96.2639,12.302430319622905,72.0,119.0,0.7966203379662034,1.0,1.0,1.0,1.0
pelt_l2,all,external,prompt without goal,changelog categories,0,39,36,389,148,0.11053984575835477,81,0.5472972972972973,75.9403,12.531809148485042,55.0,103.0,0.37176282371762825,0.3711340206185567,82.2643,12.537773529877967,59.0,107.0,0.5411458854114588,76.67105263157895,12.64002970238571,56.125,97.75,0.37662337662337664,76,83.4506,12.905867494344507,59.0,108.0,0.5791420857914209,1.0,1.0,1.0,1.0
pelt_l2,all,external,tool,changelog categories,0,54,43,389,148,0.15167095115681234,79,0.5337837837837838,76.9504,16.21036759119744,48.0,108.0,0.48095190480951905,0.4793814432989691,91.1321,12.796664606549054,67.0,115.0,0.8257174282571743,78.89473684210526,16.949005042474457,49.75,109.25,0.5454545454545454,76,91.742,12.987428665071967,67.0,116.0,0.8375162483751625,1.0,1.0,1.0,1.0
pelt_l2,all,external,memory,changelog categories,0,18,17,389,148,0.04627249357326478,45,0.30405405405405406,39.958,10.1937641370952,21.0,61.0,0.29847015298470153,0.30412371134020616,50.6793,11.449819271330643,30.0,75.0,0.6856314368563143,38.828947368421055,9.456409689228058,22.0,59.25,0.2727272727272727,76,50.9366,11.35672831266984,31.0,75.0,0.6946305369463054,1.0,1.0,1.0,1.0
pelt_l2,all,external,model,changelog categories,0,51,40,389,148,0.13367609254498714,90,0.6081081081081081,83.808,13.546810975604586,60.0,110.0,0.3611638836116388,0.36597938144329895,87.0754,12.94426785287699,63.0,112.0,0.42705729427057293,84.26315789473684,13.25279182768937,59.875,104.875,0.4025974025974026,76,87.5951,12.878499196884567,63.0,112.0,0.44025597440255976,1.0,1.0,1.0,1.0
pelt_l2,all,external,goal,changelog categories,0,16,15,389,148,0.038560411311053984,56,0.3783783783783784,33.7618,12.066193271367991,17.0,64.0,0.0695930406959304,0.06958762886597938,46.0882,11.24033163503313,26.0,70.0,0.19968003199680032,33.80263157894737,12.372032694042485,19.875,63.125,0.06493506493506493,76,47.0979,11.301402026243288,27.0,71.0,0.21747825217478253,0.611938806119388,1.0,0.5844155844155844,1.0
pelt_l2,all,external,chat,changelog categories,0,29,25,389,148,0.06940874035989718,58,0.3918918918918919,55.6207,12.146867338890916,33.0,82.0,0.45665433456654336,0.4639175257731959,65.6472,12.130220376589968,44.0,90.0,0.7408259174082592,55.26315789473684,11.705689125153496,37.625,82.625,0.4025974025974026,76,65.6605,12.091735225188964,44.0,91.0,0.7369263073692631,1.0,1.0,1.0,1.0
pelt_l2,all,external,other,changelog categories,0,12,12,389,148,0.030848329048843187,53,0.3581081081081081,31.8496,11.511830091831895,15.0,61.0,0.067993200679932,0.06958762886597938,38.9175,10.600619371673822,20.0,62.0,0.10728927107289271,31.644736842105264,11.013572169365604,15.875,58.75,0.07792207792207792,76,38.598,10.511319840271176,20.0,61.0,0.10288971102889712,0.611938806119388,0.9656034396560345,0.6233766233766234,0.926007399260074
pelt_l2,all,external,village goal transitions,goals and monitor,0,51,51,389,148,0.13110539845758354,91,0.6148648648648649,98.8442,17.083626997541803,66.0,123.0,0.6768323167683231,0.6778350515463918,95.3035,12.072802616058155,72.0,118.0,0.6435356464353564,98.67105263157895,17.91415690295973,64.75,123.375,0.7142857142857143,76,103.1761,11.59916129917523,80.0,124.0,0.8464153584641536,1.0,1.0,1.0,1.0
pelt_l2,all,external,scaffolding + goal transitions,goals and monitor,0,177,118,389,148,0.34704370179948585,103,0.6959459459459459,119.3696,16.01651799627099,80.0,136.0,0.8152184781521847,0.8170103092783505,128.9404,8.901458949921846,108.0,142.0,0.9924007599240076,120.25,16.09150914820194,81.25,137.0,0.8441558441558441,76,131.3539,8.06976870218042,112.0,142.0,0.9973002699730027,1.0,1.0,1.0,1.0
pelt_l2,all,external,monitor likely-scaffolding-issue (medium/high),goals and monitor,0,55,55,64,72,0.859375,70,0.9722222222222222,70.6747,1.2502144670500988,68.0,72.0,0.8229177082291771,0.8253968253968254,70.6541,1.4418949670865806,67.0,72.0,0.8138186181381862,,,,,,,,,,,,1.0,1.0,,
pelt_l2,all,external,monitor emotional-or-erratic (medium/high),goals and monitor,0,60,60,64,72,0.9375,71,0.9861111111111112,71.3813,1.055567019271262,68.0,72.0,0.8569143085691431,0.8571428571428571,71.4237,0.9227477750423647,69.0,72.0,0.8961103889611038,,,,,,,,,,,,1.0,1.0,,
pelt_l2,all,external,monitor likely-scaffolding-issue (high),goals and monitor,0,4,4,64,72,0.0625,11,0.1527777777777778,21.3207,8.267084490834593,8.0,44.0,0.9696030396960303,0.9682539682539683,19.456,8.445282486668397,6.0,37.0,0.8531146885311469,,,,,,,,,,,,1.0,1.0,,
pelt_l2,all,external,monitor emotional-or-erratic (high),goals and monitor,0,8,8,64,72,0.125,14,0.19444444444444445,27.5025,10.133442772140256,13.0,49.0,0.9198080191980802,0.9206349206349206,32.5419,9.896476060388434,15.0,51.0,0.9843015698430156,,,,,,,,,,,,1.0,1.0,,
pelt_l2,all,external,all,summary,1,186,110,389,148,0.5886889460154242,127,0.8581081081081081,128.3868,10.61656521223746,104.0,143.0,0.6454354564543545,0.6484375,137.0866,7.694817831641385,117.0,146.0,0.8924107589241076,129.6315789473684,10.467527062636025,109.125,143.125,0.6623376623376623,76,137.7551,7.2915869818628245,118.0,146.0,0.9096090390960904,,,,
pelt_l2,all,external,scaffolding,summary,1,126,88,389,148,0.5038560411311054,100,0.6756756756756757,115.6577,15.00848613870225,80.0,137.0,0.8405159484051595,0.8307291666666666,130.6951,9.463143827455541,108.0,144.0,0.9966003399660034,115.78947368421052,15.766052805081923,77.75,135.0,0.8441558441558441,76,131.1644,9.447586905122016,108.0,144.0,0.9967003299670033,,,,
pelt_l2,all,external,roster only,changelog categories,1,60,43,389,148,0.2827763496143959,114,0.7702702702702703,92.8875,13.5900151803175,65.0,113.0,0.0216978302169783,0.0234375,100.8199,13.326485790048,75.0,125.0,0.18618138186181382,94.71052631578948,14.193722358351417,65.0,115.125,0.07792207792207792,76,102.2867,13.161186298828811,76.0,125.0,0.21697830216978303,0.1952804719528047,1.0,0.6233766233766234,1.0
pelt_l2,all,external,prompt (goal pooled),changelog categories,1,55,49,389,148,0.32390745501285345,96,0.6486486486486487,96.8944,14.173134318619907,69.0,123.0,0.5431456854314568,0.5442708333333334,107.6228,12.979829265316846,81.0,130.0,0.8063193680631937,97.75,14.19870886148925,68.0,122.125,0.5584415584415584,76,108.7123,12.773536903869008,83.0,131.0,0.8347165283471653,1.0,1.0,1.0,1.0
pelt_l2,all,external,prompt without goal,changelog categories,1,39,36,389,148,0.2544987146529563,88,0.5945945945945946,87.7345,14.201710411350486,63.0,115.0,0.5130486951304869,0.5104166666666666,94.019,13.806161668255264,68.0,120.0,0.6663333666633336,89.52631578947368,14.70371715742703,61.75,114.375,0.5584415584415584,76,95.9474,13.639121518762868,69.0,120.0,0.7219278072192781,1.0,1.0,1.0,1.0
pelt_l2,all,external,tool,changelog categories,1,54,43,389,148,0.30077120822622105,80,0.5405405405405406,86.1403,17.576140303855055,56.0,117.0,0.6332366763323668,0.6380208333333334,103.022,13.25794453561075,76.0,127.0,0.9556044395560443,88.59210526315789,17.814733701127988,59.75,118.0,0.6753246753246753,76,104.6248,13.39818555243992,77.0,128.0,0.9632036796320368,1.0,1.0,1.0,1.0
pelt_l2,all,external,memory,changelog categories,1,18,17,389,148,0.10539845758354756,66,0.44594594594594594,46.4438,11.593320579894563,24.0,69.0,0.05879412058794121,0.057291666666666664,59.3953,13.019508004101649,36.0,86.0,0.31226877312268775,45.14473684210526,10.889388042026262,24.0,68.375,0.07792207792207792,76,57.762,12.569007677434188,35.0,84.0,0.26587341265873415,0.47035296470352966,1.0,0.6233766233766234,1.0
pelt_l2,all,external,model,changelog categories,1,51,40,389,148,0.29562982005141386,107,0.722972972972973,94.0836,14.050215368284912,66.0,119.0,0.22957704229577042,0.2265625,98.9978,13.650561488191402,72.0,123.0,0.31596840315968405,95.38157894736842,14.625062602954932,66.0,122.375,0.2597402597402597,76,100.7976,13.671902805850884,73.0,125.0,0.36296370362963704,1.0,1.0,1.0,1.0
pelt_l2,all,external,goal,changelog categories,1,16,15,389,148,0.09768637532133675,61,0.41216216216216217,38.0819,13.854016954247488,21.0,73.0,0.08089191080891911,0.0859375,53.8008,12.769660362851404,31.0,81.0,0.2903709629037096,37.0,13.043516908155304,20.0,70.75,0.07792207792207792,76,53.5034,11.945537159366362,32.0,78.0,0.2685731426857314,0.496950304969503,1.0,0.6233766233766234,1.0
pelt_l2,all,external,chat,changelog categories,1,29,25,389,148,0.16966580976863754,63,0.42567567567567566,64.4273,14.181474751682677,39.97500000000002,93.0,0.5377462253774623,0.5442708333333334,76.1975,13.683465112015567,51.0,103.0,0.835016498350165,62.3421052631579,13.246939401566383,39.5,86.25,0.5324675324675324,76,74.9446,13.235144417223957,50.0,101.0,0.8209179082091791,1.0,1.0,1.0,1.0
pelt_l2,all,external,other,changelog categories,1,12,12,389,148,0.08740359897172237,60,0.40540540540540543,37.0846,12.957431548853899,18.0,69.0,0.070992900709929,0.0703125,45.6017,12.050982521270736,25.0,71.0,0.13688631136886312,37.31578947368421,12.892592732589556,18.875,63.625,0.06493506493506493,76,45.3495,12.007388037652014,24.0,71.0,0.128987101289871,0.496950304969503,1.0,0.5844155844155844,1.0
pelt_l2,all,external,village goal transitions,goals and monitor,1,51,51,389,148,0.37532133676092544,97,0.6554054054054054,107.5393,18.527114748608074,70.0,131.0,0.7281271872812719,0.7291666666666666,108.3176,12.791688433091892,82.0,130.0,0.8074192580741926,107.01315789473684,18.15451710258552,70.0,129.25,0.7402597402597403,76,113.4719,12.122537109887437,89.0,135.0,0.9038096190380962,1.0,1.0,1.0,1.0
pelt_l2,all,external,scaffolding + goal transitions,goals and monitor,1,177,118,389,148,0.6401028277634961,106,0.7162162162162162,126.0305,16.19166411301429,83.0,142.0,0.8567143285671432,0.8567708333333334,138.8248,7.068543088228225,120.0,147.0,0.9996000399960004,125.15789473684211,17.200815974117003,81.5,140.125,0.8441558441558441,76,139.9712,6.899038355671267,121.0,148.0,0.9997000299970003,1.0,1.0,1.0,1.0
pelt_l2,all,external,monitor likely-scaffolding-issue (medium/high),goals and monitor,1,55,55,64,72,1.0,72,1.0,71.946,0.39887330067453647,72.0,72.0,0.982001799820018,0.9830508474576272,71.9329,0.46067213056705314,71.0,72.0,0.9724027597240276,,,,,,,,,,,,1.0,1.0,,
pelt_l2,all,external,monitor emotional-or-erratic (medium/high),goals and monitor,1,60,60,64,72,1.0,72,1.0,71.9496,0.3855835933630307,72.0,72.0,0.9832016798320168,0.9830508474576272,71.991,0.1622394285098919,72.0,72.0,0.9967003299670033,,,,,,,,,,,,1.0,1.0,,
pelt_l2,all,external,monitor likely-scaffolding-issue (high),goals and monitor,1,4,4,64,72,0.171875,15,0.20833333333333334,28.5233,8.092280618624212,15.0,47.0,0.9815018498150185,0.9830508474576272,25.1534,9.305650324012571,10.0,45.0,0.8706129387061294,,,,,,,,,,,,1.0,1.0,,
pelt_l2,all,external,monitor emotional-or-erratic (high),goals and monitor,1,8,8,64,72,0.234375,29,0.4027777777777778,34.3455,10.258511268958353,18.0,54.0,0.7414258574142586,0.7457627118644068,40.2674,10.308575261033468,22.0,60.0,0.8615138486151385,,,,,,,,,,,,1.0,1.0,,
pelt_l2,all,external,all,summary,2,186,110,389,148,0.7326478149100257,130,0.8783783783783784,134.9849,9.432399960079126,113.0,146.0,0.7677232276772322,0.7684210526315789,142.4983,5.967240392827373,125.0,148.0,0.9467053294670533,134.51315789473685,8.977740504236213,112.0,145.0,0.7662337662337663,76,142.6581,5.87576861829034,125.0,148.0,0.9499050094990501,,,,
pelt_l2,all,external,scaffolding,summary,2,126,88,389,148,0.6349614395886889,104,0.7027027027027027,122.7607,14.937394286983539,87.0,141.0,0.8616138386161384,0.8605263157894737,137.7785,8.034954498899166,116.0,147.0,0.9989001099890011,121.36842105263158,15.501261974659274,85.125,139.125,0.8571428571428571,76,138.2249,7.909992211606706,116.0,147.0,0.9986001399860014,,,,
pelt_l2,all,external,roster only,changelog categories,2,60,43,389,148,0.41645244215938304,116,0.7837837837837838,102.6141,14.643750377977401,69.97500000000002,124.0,0.1974802519748025,0.19210526315789472,110.7298,13.708624460479609,82.0,133.0,0.41155884411558846,103.28947368421052,14.11459366705131,75.375,124.0,0.2077922077922078,76,111.6184,13.592992988515759,83.0,134.0,0.4313568643135686,0.9874012598740125,1.0,1.0,1.0
pelt_l2,all,external,prompt (goal pooled),changelog categories,2,55,49,389,148,0.44987146529562977,98,0.6621621621621622,106.6618,14.628308839436983,75.97500000000002,129.0,0.7363263673632636,0.7342105263157894,117.1395,12.966505033172105,89.0,138.0,0.9165083491650835,106.30263157894737,14.623287124165671,77.25,128.0,0.7402597402597403,76,118.3748,12.6575015779031,91.0,138.0,0.9281071892810719,1.0,1.0,1.0,1.0
pelt_l2,all,external,prompt without goal,changelog categories,2,39,36,389,148,0.37532133676092544,89,0.6013513513513513,97.8821,15.258967304451499,67.0,123.0,0.6987301269873013,0.7,103.7044,14.45416593689491,75.0,129.0,0.8364163583641636,98.36842105263158,15.646803384089381,66.875,122.0,0.7142857142857143,76,104.7646,14.261189466257688,76.0,129.0,0.8539146085391461,1.0,1.0,1.0,1.0
pelt_l2,all,external,tool,changelog categories,2,54,43,389,148,0.4087403598971722,87,0.5878378378378378,94.3281,18.76534210176888,60.0,125.0,0.6657334266573343,0.6605263157894737,112.5978,13.580643524805987,84.0,135.0,0.9626037396260374,93.19736842105263,17.782403089827955,63.875,122.375,0.6363636363636364,76,113.1879,13.440723897762709,85.0,135.0,0.9681031896810319,1.0,1.0,1.0,1.0
pelt_l2,all,external,memory,changelog categories,2,18,17,389,148,0.15938303341902313,68,0.4594594594594595,52.3544,12.435677112506767,28.0,79.0,0.12758724127587243,0.12894736842105264,66.7684,14.462886259246279,41.0,96.0,0.4617538246175382,52.73684210526316,12.954657768337102,28.625,76.5,0.15584415584415584,76,66.5137,14.378869479161075,40.0,95.0,0.4577542245775422,0.893110688931107,1.0,1.0,1.0
pelt_l2,all,external,model,changelog categories,2,51,40,389,148,0.41645244215938304,120,0.8108108108108109,102.668,14.51398779054738,73.0,128.0,0.100989901009899,0.1,108.616,13.922260123007804,80.0,132.0,0.2410758924107589,102.9342105263158,14.408641413000083,73.875,128.0,0.12987012987012986,76,109.5279,13.818122724942205,81.0,133.0,0.26407359264073593,0.807919208079192,1.0,1.0,1.0
pelt_l2,all,external,goal,changelog categories,2,16,15,389,148,0.14652956298200515,63,0.42567567567567566,42.5623,15.73198233652783,25.0,81.0,0.13158684131586842,0.12631578947368421,61.3197,14.186085309613825,36.0,90.0,0.4470552944705529,42.63157894736842,15.492658136690128,25.0,77.375,0.15584415584415584,76,62.6725,14.204598579758642,37.0,92.0,0.4831516848315168,0.893110688931107,1.0,1.0,1.0
pelt_l2,all,external,chat,changelog categories,2,29,25,389,148,0.2519280205655527,69,0.46621621621621623,72.9976,15.060400917889961,45.0,104.0,0.583041695830417,0.5842105263157895,85.389,14.874811091254237,57.0,113.0,0.8640135986401359,71.07894736842105,13.478638069572398,47.75,94.625,0.5584415584415584,76,85.6337,14.768078206841686,58.0,114.0,0.8735126487351265,1.0,1.0,1.0,1.0
pelt_l2,all,external,other,changelog categories,2,12,12,389,148,0.13367609254498714,66,0.44594594594594594,42.0228,14.54221536640055,20.0,77.0,0.08089191080891911,0.08157894736842106,52.0515,13.5633714191725,28.0,81.0,0.17028297170282972,43.578947368421055,14.886470956672692,23.0,74.625,0.1038961038961039,76,52.6612,13.982802524409893,28.0,82.0,0.1847815218478152,0.728027197280272,1.0,0.9350649350649352,1.0
pelt_l2,all,external,village goal transitions,goals and monitor,2,51,51,389,148,0.5886889460154242,97,0.6554054054054054,115.5968,19.085105550805544,75.0,137.0,0.7972202779722027,0.7947368421052632,118.2571,12.670100738955217,91.0,138.0,0.9413058694130587,116.69736842105263,19.188204527325013,79.75,137.25,0.8051948051948052,76,127.9598,10.74716400328065,103.0,142.0,0.9936006399360064,1.0,1.0,1.0,1.0
pelt_l2,all,external,scaffolding + goal transitions,goals and monitor,2,177,118,389,148,0.7840616966580977,106,0.7162162162162162,130.1123,15.116591541878227,90.0,143.0,0.8893110688931107,0.8868421052631579,143.6531,5.2753524360304525,127.0,148.0,1.0,128.73684210526315,16.295085902240697,88.125,143.125,0.8701298701298701,76,144.7616,4.4229087320636875,130.0,148.0,1.0,1.0,1.0,1.0,1.0
pelt_l2,all,external,monitor likely-scaffolding-issue (medium/high),goals and monitor,2,55,55,64,72,1.0,72,1.0,72.0,0.0,72.0,72.0,1.0,1.0,71.9945,0.1275593083146572,72.0,72.0,0.998000199980002,,,,,,,,,,,,1.0,1.0,,
pelt_l2,all,external,monitor emotional-or-erratic (medium/high),goals and monitor,2,60,60,64,72,1.0,72,1.0,72.0,0.0,72.0,72.0,1.0,1.0,71.9997,0.030000000000000002,72.0,72.0,0.9999000099990001,,,,,,,,,,,,1.0,1.0,,
pelt_l2,all,external,monitor likely-scaffolding-issue (high),goals and monitor,2,4,4,64,72,0.28125,33,0.4583333333333333,35.7989,9.724603620793916,23.0,55.0,0.5223477652234777,0.5272727272727272,30.6844,10.423984966713,12.0,51.0,0.40605939406059394,,,,,,,,,,,,1.0,1.0,,
pelt_l2,all,external,monitor emotional-or-erratic (high),goals and monitor,2,8,8,64,72,0.328125,38,0.5277777777777778,42.0596,10.720165112254726,20.0,61.0,0.7219278072192781,0.7272727272727273,47.8963,10.703831253824541,26.0,66.0,0.8069193080691931,,,,,,,,,,,,1.0,1.0,,
pelt_l2,all,external,all,summary,3,186,110,389,148,0.8123393316195373,133,0.8986486486486487,138.8512,7.993587949402351,117.0,148.0,0.809019098090191,0.8085106382978723,145.1902,4.468021965258027,130.0,148.0,0.9708029197080292,136.36486486486487,9.22114057712668,112.825,148.0,0.7333333333333333,74,145.1755,4.532323239288493,130.0,148.0,0.9683031696830317,,,,
pelt_l2,all,external,scaffolding,summary,3,126,88,389,148,0.7172236503856041,106,0.7162162162162162,127.3218,14.357181395586062,90.0,142.0,0.8832116788321168,0.8856382978723404,142.0571,6.571480657036326,123.0,148.0,0.9998000199980002,124.9054054054054,15.66355941888725,87.6,142.0,0.8666666666666667,74,141.8508,6.742617121605294,122.0,148.0,0.9999000099990001,,,,
pelt_l2,all,external,roster only,changelog categories,3,60,43,389,148,0.5089974293059126,118,0.7972972972972973,110.375,15.38925137574244,74.0,131.0,0.41335866413358663,0.4175531914893617,118.8913,13.336553928098057,90.0,139.0,0.5905409459054095,109.54054054054055,14.987839078791797,76.3,127.175,0.38666666666666666,74,118.4634,13.486305961413173,89.0,139.0,0.5753424657534246,1.0,1.0,1.0,1.0
pelt_l2,all,external,prompt (goal pooled),changelog categories,3,55,49,389,148,0.5449871465295629,100,0.6756756756756757,113.2041,14.516539401028682,83.0,134.0,0.7983201679832017,0.800531914893617,124.8288,12.328182711531205,96.0,142.0,0.9619038096190381,110.78378378378379,14.74093198877926,82.425,133.175,0.7466666666666667,74,124.4387,12.494200767367296,96.0,142.0,0.956904309569043,1.0,1.0,1.0,1.0
pelt_l2,all,external,prompt without goal,changelog categories,3,39,36,389,148,0.48071979434447293,91,0.6148648648648649,104.4753,15.680509486230822,70.0,128.0,0.8014198580141986,0.8031914893617021,111.7404,14.47808583124626,81.0,135.0,0.9119088091190881,102.77027027027027,15.54361719621246,70.0,125.175,0.7333333333333333,74,111.034,14.395421731115823,81.0,135.0,0.9045095490450955,1.0,1.0,1.0,1.0
pelt_l2,all,external,tool,changelog categories,3,54,43,389,148,0.4910025706940874,92,0.6216216216216216,100.5231,19.487355954418483,65.0,128.0,0.6924307569243076,0.6888297872340425,120.1359,13.343599077971255,90.0,140.0,0.969003099690031,100.06756756756756,19.691685945395445,65.0,129.175,0.6666666666666666,74,120.0706,13.456958222884593,90.0,140.0,0.9699030096990301,1.0,1.0,1.0,1.0
pelt_l2,all,external,memory,changelog categories,3,18,17,389,148,0.20822622107969152,79,0.5337837837837838,58.2627,13.31727538546715,32.0,84.0,0.06459354064593541,0.06648936170212766,74.3078,15.744956320198304,46.0,105.0,0.39416058394160586,58.945945945945944,13.918443358769856,30.65,85.0,0.09333333333333334,74,75.4016,15.62897769959358,46.0,105.02499999999964,0.4203579642035796,0.5813418658134186,1.0,0.7466666666666667,1.0
pelt_l2,all,external,model,changelog categories,3,51,40,389,148,0.506426735218509,122,0.8243243243243243,109.6956,14.76625019612242,77.0,132.0,0.2338766123387661,0.23404255319148937,116.7733,13.780591336359917,87.97500000000002,138.0,0.41845815418458154,108.71621621621621,14.631098677151876,78.125,131.175,0.18666666666666668,74,117.0262,13.743456691101478,87.0,138.0,0.43145685431456854,1.0,1.0,1.0,1.0
pelt_l2,all,external,goal,changelog categories,3,16,15,389,148,0.18251928020565553,63,0.42567567567567566,46.4117,17.083471181488875,26.0,84.0,0.1807819218078192,0.18085106382978725,68.0373,15.045210019951682,41.0,98.0,0.6203379662033797,46.91891891891892,17.11504725821317,27.0,83.175,0.2,74,68.6069,15.190557846727339,41.0,98.0,0.6304369563043696,1.0,1.0,1.0,1.0
pelt_l2,all,external,chat,changelog categories,3,29,25,389,148,0.32390745501285345,81,0.5472972972972973,80.6259,15.548341528356914,52.0,110.0,0.48765123487651235,0.48404255319148937,93.4831,15.546024645491457,63.0,121.0,0.7801219878012199,79.21621621621621,15.837592066761855,52.0,110.175,0.4266666666666667,74,93.2795,15.466909913755496,63.0,122.0,0.7809219078092191,1.0,1.0,1.0,1.0
pelt_l2,all,external,other,changelog categories,3,12,12,389,148,0.17480719794344474,69,0.46621621621621623,46.7466,15.402185272587689,23.0,82.0,0.11148885111488852,0.10904255319148937,58.2043,14.56540341383172,32.0,88.0,0.2395760423957604,45.729729729729726,14.485039327164943,24.825,77.87499999999999,0.08,74,56.1944,13.948127604319033,31.0,85.0,0.19658034196580343,0.8919108089191081,1.0,0.72,1.0
pelt_l2,all,external,village goal transitions,goals and monitor,3,51,51,389,148,0.6503856041131105,103,0.6959459459459459,120.6256,18.43731591370637,80.0,140.0,0.7936206379362064,0.7925531914893617,125.787,12.015784156969977,98.0,143.0,0.9515048495150485,120.04054054054055,19.13215695735323,81.825,139.35,0.7733333333333333,74,130.2149,10.838729897759224,105.0,144.0,0.984001599840016,1.0,1.0,1.0,1.0
pelt_l2,all,external,scaffolding + goal transitions,goals and monitor,3,177,118,389,148,0.8226221079691517,106,0.7162162162162162,131.8478,14.496773806784752,92.0,144.0,0.9085091490850915,0.9095744680851063,145.8816,3.7902530313693017,135.0,148.0,1.0,130.32432432432432,15.931452571691564,88.125,143.175,0.8933333333333333,74,146.2257,3.4589240994263752,136.0,148.0,1.0,1.0,1.0,1.0,1.0
pelt_l2,all,external,monitor likely-scaffolding-issue (medium/high),goals and monitor,3,55,55,64,72,1.0,72,1.0,72.0,0.0,72.0,72.0,1.0,1.0,72.0,0.0,72.0,72.0,1.0,,,,,,,,,,,,1.0,1.0,,
pelt_l2,all,external,monitor emotional-or-erratic (medium/high),goals and monitor,3,60,60,64,72,1.0,72,1.0,72.0,0.0,72.0,72.0,1.0,1.0,72.0,0.0,72.0,72.0,1.0,,,,,,,,,,,,1.0,1.0,,
pelt_l2,all,external,monitor likely-scaffolding-issue (high),goals and monitor,3,4,4,64,72,0.390625,33,0.4583333333333333,42.2612,9.903998358155551,27.0,60.0,0.8017198280171983,0.803921568627451,36.1091,11.399631237423206,16.975000000000023,58.0,0.5825417458254175,,,,,,,,,,,,1.0,1.0,,
pelt_l2,all,external,monitor emotional-or-erratic (high),goals and monitor,3,8,8,64,72,0.421875,39,0.5416666666666666,49.557,9.864060065109944,33.0,64.0,0.8822117788221178,0.8823529411764706,53.6154,10.808513553515288,31.0,70.0,0.8837116288371163,,,,,,,,,,,,1.0,1.0,,
pelt_l2,all,family,all,summary,0,186,110,389,584,0.32904884318766064,315,0.5393835616438356,241.866,16.781370785503313,210.0,276.0,0.00009999000099990002,0.0,250.838,17.965835163535044,215.0,285.0,0.00029997000299970003,244.27631578947367,16.176195419368984,216.75,277.75,0.012987012987012988,76,253.5812,17.263586235222686,220.0,287.0,0.00039996000399960006,,,,
pelt_l2,all,family,scaffolding,summary,0,126,88,389,584,0.2750642673521851,258,0.4417808219178082,205.3322,17.802885649066653,171.0,238.04999999999927,0.0037996200379962005,0.005154639175257732,216.1676,17.705819942775445,182.0,251.0,0.0100989901009899,209.77631578947367,16.649002920463857,176.25,237.0,0.012987012987012988,76,222.3768,17.101715370887877,188.97500000000002,255.0,0.017998200179982,,,,
pelt_l2,all,family,roster only,changelog categories,0,60,43,389,584,0.11053984575835475,151,0.2585616438356164,102.7377,13.928355919485329,78.0,129.0,0.00009999000099990002,0.0,105.7334,14.20120740885038,79.0,134.0,0.0013998600139986002,102.69736842105263,13.85931189907311,78.375,128.25,0.012987012987012988,76,106.1214,13.520175352197006,81.0,133.0,0.0005999400059994001,0.0008999100089991002,0.011198880111988802,0.1168831168831169,0.0053994600539946005
pelt_l2,all,family,prompt (goal pooled),changelog categories,0,55,49,389,584,0.14395886889460155,182,0.3116438356164384,122.4379,16.32704507343821,91.0,154.0,0.00009999000099990002,0.0,129.1413,15.446345628313738,99.0,160.0,0.0005999400059994001,125.25,14.833408239511241,103.0,155.5,0.012987012987012988,76,133.3321,15.224276253692485,104.0,164.0,0.0011998800119988001,0.0008999100089991002,0.0053994600539946005,0.1168831168831169,0.009599040095990401
pelt_l2,all,family,prompt without goal,changelog categories,0,39,36,389,584,0.11053984575835475,144,0.2465753424657534,96.9815,15.038104009722126,68.0,125.0,0.0024997500249975004,0.002577319587628866,101.6591,14.477971140834459,75.0,131.0,0.0026997300269973002,95.47368421052632,13.840494869968127,72.75,118.125,0.012987012987012988,76,100.8329,13.565742903654513,75.0,129.0,0.0011998800119988001,0.012498750124987502,0.0188981101889811,0.1168831168831169,0.009599040095990401
pelt_l2,all,family,tool,changelog categories,0,54,43,389,584,0.15167095115681234,142,0.24315068493150685,119.9375,16.042304363866503,93.0,154.0,0.10928907109289071,0.1134020618556701,127.6263,16.018561350532515,97.0,160.0,0.1917808219178082,122.86842105263158,15.016739197986722,98.0,152.375,0.12987012987012986,76,131.3859,15.470640428292752,101.0,162.0,0.25577442255774424,0.10928907109289071,0.24317568243175683,0.15584415584415584,0.25577442255774424
pelt_l2,all,family,memory,changelog categories,0,18,17,389,584,0.04627249357326478,59,0.10102739726027397,41.5776,9.354930770079022,26.0,62.0,0.04789521047895211,0.04639175257731959,46.3879,10.198364293033729,28.0,68.0,0.12158784121587841,38.19736842105263,9.000769947572419,24.875,59.875,0.05194805194805195,76,44.347,9.99484770759764,27.0,65.0,0.0913908609139086,0.09579042095790422,0.24317568243175683,0.15584415584415584,0.20077992200779923
pelt_l2,all,family,model,changelog categories,0,51,40,389,584,0.13367609254498714,155,0.2654109589041096,113.307,14.613011496967387,87.0,139.0,0.00009999000099990002,0.0,115.3566,15.104967806825822,86.0,145.0,0.0046995300469953,109.78947368421052,14.830882904240672,80.25,135.75,0.025974025974025976,76,113.6016,14.65289555599225,85.0,143.0,0.0021997800219978004,0.0008999100089991002,0.023497650234976502,0.12987012987012989,0.013198680131986803
pelt_l2,all,family,goal,changelog categories,0,16,15,389,584,0.038560411311053984,64,0.1095890410958904,36.392,10.407015258788643,19.0,59.0,0.013998600139986002,0.01288659793814433,39.7182,9.51620957022587,23.0,60.0,0.0117988201179882,41.03947368421053,10.176365807724856,23.875,63.0,0.025974025974025976,76,46.0091,10.354879986941153,27.0,68.0,0.055194480551944806,0.05599440055994401,0.0471952804719528,0.12987012987012989,0.20077992200779923
pelt_l2,all,family,chat,changelog categories,0,29,25,389,584,0.06940874035989718,94,0.16095890410958905,63.5909,13.39523349621207,38.0,92.0,0.0164983501649835,0.015463917525773196,67.1372,12.101405726693747,45.0,92.0,0.019998000199980003,68.15789473684211,12.517776833052475,49.0,94.0,0.06493506493506493,76,72.2103,12.388374432996011,50.0,98.0,0.05019498050194981,0.05599440055994401,0.059994000599940006,0.15584415584415584,0.20077992200779923
pelt_l2,all,family,other,changelog categories,0,12,12,389,584,0.030848329048843187,61,0.10445205479452055,30.6028,8.65356114972658,15.0,49.0,0.00009999000099990002,0.0,32.3047,8.612773995501668,17.0,51.0,0.0027997200279972004,31.960526315789473,8.9195527383738,16.5,49.125,0.012987012987012988,76,35.5311,8.767937069918226,20.0,54.0,0.0035996400359964,0.0008999100089991002,0.0188981101889811,0.1168831168831169,0.017998200179982
pelt_l2,all,family,village goal transitions,goals and monitor,0,51,51,389,584,0.13110539845758354,210,0.3595890410958904,133.572,23.10731509286789,97.0,187.0,0.0030996900309969004,0.002577319587628866,122.8274,14.790242877263271,95.0,153.0,0.00009999000099990002,168.01315789473685,17.51456035878159,140.875,202.375,0.025974025974025976,76,170.929,14.437901658496987,143.0,199.02499999999964,0.0034996500349965005,0.018598140185981403,0.0006999300069993001,0.05194805194805195,0.006999300069993001
pelt_l2,all,family,scaffolding + goal transitions,goals and monitor,0,177,118,389,584,0.34704370179948585,340,0.5821917808219178,256.7779,21.02151188630824,215.0,301.0,0.00009999000099990002,0.0,262.9575,18.04452975988639,227.0,298.0,0.00009999000099990002,282.30263157894734,15.952445778493951,253.875,309.625,0.012987012987012988,76,293.3346,16.582537227278863,261.0,325.0,0.0016998300169983002,0.0006999300069993001,0.0006999300069993001,0.03896103896103896,0.005099490050994901
pelt_l2,all,family,agent goal changes,goals and monitor,0,33,8,55,70,0.06623376623376624,10,0.14285714285714285,7.5216,3.327798200625514,2.0,14.0,0.2558744125587441,0.25925925925925924,7.576,3.079930615656743,3.0,15.0,0.2385761423857614,7.7,4.9899899799498595,2.0,16.1,0.36363636363636365,10,8.2845,3.691195232201112,2.0,17.0,0.32526747325267474,1.0,1.0,0.36363636363636365,0.32526747325267474
pelt_l2,all,family,monitor likely-scaffolding-issue (medium/high),goals and monitor,0,55,55,64,105,0.859375,85,0.8095238095238095,90.6537,5.080881601236598,81.0,98.0,0.8944105589441056,0.8888888888888888,90.4794,5.221082417484044,79.0,99.0,0.8651134886511349,,,,,,,,,,,,1.0,1.0,,
pelt_l2,all,family,monitor emotional-or-erratic (medium/high),goals and monitor,0,60,60,64,105,0.9375,97,0.9238095238095239,96.3233,3.4955398710212116,89.0,101.0,0.5722427757224278,0.5714285714285714,96.4172,3.6351431315092197,88.0,101.0,0.5944405559444056,,,,,,,,,,,,1.0,1.0,,
pelt_l2,all,family,monitor likely-scaffolding-issue (high),goals and monitor,0,4,4,64,105,0.0625,9,0.08571428571428572,11.5496,4.869220756042706,4.0,22.0,0.6183381661833817,0.6190476190476191,10.9197,4.986575829549811,3.0,22.0,0.6411358864113589,,,,,,,,,,,,1.0,1.0,,
pelt_l2,all,family,monitor emotional-or-erratic (high),goals and monitor,0,8,8,64,105,0.125,24,0.22857142857142856,18.1347,5.374127281187471,9.0,29.0,0.1877812218778122,0.19047619047619047,20.6825,6.5766571289599085,9.0,35.0,0.31996800319968005,,,,,,,,,,,,0.938906109389061,1.0,,
pelt_l2,all,family,all,summary,1,186,110,389,584,0.5886889460154242,419,0.7174657534246576,372.6533,17.610960044851904,339.0,407.0,0.0028997100289971,0.0026041666666666665,413.2046,20.254746710744907,372.0,452.0,0.40655934406559346,375.0657894736842,14.31487387422913,348.5,405.25,0.012987012987012988,76,415.5001,19.692307601900513,375.975,453.0,0.44685531446855314,,,,
pelt_l2,all,family,scaffolding,summary,1,126,88,389,584,0.5038560411311054,363,0.6215753424657534,322.3156,19.329391071006803,283.0,359.0,0.0115988401159884,0.010416666666666666,364.4683,21.285866294806798,322.0,405.0,0.545945405459454,324.2763157894737,17.55114331258643,295.0,362.875,0.03896103896103896,76,367.38,21.049957483828965,325.0,408.0,0.5931406859314069,,,,
pelt_l2,all,family,roster only,changelog categories,1,60,43,389,584,0.2827763496143959,237,0.4058219178082192,194.4836,17.577571736244295,162.0,228.0,0.0031996800319968005,0.0026041666666666665,205.512,20.2250083089256,166.0,245.0,0.06579342065793421,199.55263157894737,15.28257808690851,173.0,228.0,0.012987012987012988,76,208.4942,19.48591122923543,170.97500000000002,247.0,0.0770922907709229,0.028797120287971205,0.4605539446055395,0.1168831168831169,0.5396460353964603
pelt_l2,all,family,prompt (goal pooled),changelog categories,1,55,49,389,584,0.32390745501285345,263,0.4503424657534247,218.0027,19.940437678633877,181.0,261.0,0.0207979202079792,0.020833333333333332,237.2263,20.561497168897564,197.0,277.0,0.1116888311168883,219.72368421052633,18.389561302877258,188.625,258.25,0.012987012987012988,76,241.9774,20.256893231992443,203.0,282.0,0.1561843815618438,0.1247875212478752,0.5584441555844415,0.1168831168831169,0.780921907809219
pelt_l2,all,family,prompt without goal,changelog categories,1,39,36,389,584,0.2544987146529563,217,0.3715753424657534,176.123,18.59289758440191,140.0,211.0,0.023397660233976603,0.0234375,187.4926,19.744840620098998,150.0,227.0,0.07429257074292571,176.10526315789474,17.847934668465832,137.875,212.125,0.012987012987012988,76,189.6187,19.270481194161853,152.0,228.0,0.0822917708229177,0.1247875212478752,0.4605539446055395,0.1168831168831169,0.5396460353964603
pelt_l2,all,family,tool,changelog categories,1,54,43,389,584,0.30077120822622105,223,0.3818493150684932,198.7485,19.527108811799426,163.0,242.0,0.11148885111488852,0.11197916666666667,223.2255,21.079613012540715,182.97500000000002,264.0,0.5186481351864813,197.94736842105263,19.627799833801788,164.375,247.25,0.09090909090909091,76,225.4562,20.57063432808201,186.0,266.0,0.5549445055494451,0.22297770222977703,0.8546145385461454,0.23376623376623376,0.8481151884811519
pelt_l2,all,family,memory,changelog categories,1,18,17,389,584,0.10539845758354756,100,0.17123287671232876,75.9717,12.595481877497686,52.0,105.0,0.03949605039496051,0.0390625,92.1976,14.908252071855498,64.0,123.0,0.3080691930806919,73.94736842105263,12.099470772825402,55.625,102.125,0.05194805194805195,76,89.05,14.431546242613619,63.0,119.0,0.23267673232676733,0.13998600139986,0.8546145385461454,0.23376623376623376,0.8231176882311769
pelt_l2,all,family,model,changelog categories,1,51,40,389,584,0.29562982005141386,251,0.4297945205479452,200.4303,17.164172068302012,166.0,235.0,0.0057994200579942,0.005208333333333333,207.669,20.30141999381759,169.0,248.0,0.017998200179982,205.44736842105263,15.780489841862416,179.75,230.0,0.03896103896103896,76,210.9318,19.728098452381435,173.0,250.0,0.022097790220977902,0.0463953604639536,0.161983801619838,0.23376623376623376,0.19888011198880112
pelt_l2,all,family,goal,changelog categories,1,16,15,389,584,0.09768637532133675,98,0.1678082191780822,69.2227,14.089100574042993,43.0,103.0,0.034996500349965,0.0390625,81.136,14.21612161636855,55.0,111.0,0.1297870212978702,71.0657894736842,14.116973732653221,46.75,102.5,0.05194805194805195,76,86.217,13.97701136454673,60.0,115.0,0.20577942205779423,0.13998600139986,0.5584441555844415,0.23376623376623376,0.8231176882311769
pelt_l2,all,family,chat,changelog categories,1,29,25,389,584,0.16966580976863754,142,0.24315068493150685,119.9927,18.629475366881497,84.0,158.0,0.1384861513848615,0.140625,131.8146,17.361496738383465,99.0,167.0,0.28487151284871515,124.0657894736842,16.587815227904116,91.5,160.125,0.16883116883116883,76,138.562,17.283148634513108,106.0,174.0,0.42405759424057593,0.22297770222977703,0.8546145385461454,0.23376623376623376,0.8481151884811519
pelt_l2,all,family,other,changelog categories,1,12,12,389,584,0.08740359897172237,91,0.1558219178082192,61.5911,12.338319342698998,37.0,86.0,0.009099090090990901,0.0078125,66.0497,13.014221717286464,43.0,93.0,0.03799620037996201,62.473684210526315,12.034919951774254,39.625,81.875,0.03896103896103896,76,69.1446,13.11363746596492,45.0,96.0,0.0565943405659434,0.06369363063693631,0.30396960303969606,0.23376623376623376,0.4527547245275472
pelt_l2,all,family,village goal transitions,goals and monitor,1,51,51,389,584,0.37532133676092544,309,0.5291095890410958,254.653,26.605690693491265,206.0,302.0,0.010198980101989802,0.010416666666666666,236.0496,20.604368319348787,196.0,277.0,0.00019998000199980003,270.9605263157895,18.574850947431536,233.0,303.25,0.025974025974025976,76,283.6196,17.612839551069133,249.0,318.0,0.0805919408059194,0.05099490050994901,0.0013998600139986002,0.05194805194805195,0.1611838816118388
pelt_l2,all,family,scaffolding + goal transitions,goals and monitor,1,177,118,389,584,0.6401028277634961,447,0.7654109589041096,397.9506,18.87938035901269,358.0,435.0,0.007099290070992901,0.0078125,428.527,19.37144796600476,389.0,465.0,0.17738226177382263,403.63157894736844,15.552785049855784,378.5,432.875,0.012987012987012988,76,446.4642,17.48966286669698,411.0,480.0,0.51004899510049,0.04259574042595741,0.8869113088691132,0.03896103896103896,0.51004899510049
pelt_l2,all,family,agent goal changes,goals and monitor,1,33,8,55,70,0.17116883116883116,31,0.44285714285714284,14.8984,5.745953274949579,3.0,25.0,0.00009999000099990002,0.0,15.5623,4.813463997327221,7.0,26.0,0.0028997100289971,16.6,5.541760650832108,5.675,21.0,0.09090909090909091,10,17.651,5.239956556544286,8.0,29.0,0.008999100089991,0.0006999300069993001,0.0173982601739826,0.09090909090909091,0.026997300269973
pelt_l2,all,family,monitor likely-scaffolding-issue (medium/high),goals and monitor,1,55,55,64,105,1.0,104,0.9904761904761905,103.3799,1.1467813657145267,100.0,104.0,0.681031896810319,0.6779661016949152,103.267,1.4252417799844141,98.0,104.0,0.6686331366863314,,,,,,,,,,,,1.0,1.0,,
pelt_l2,all,family,monitor emotional-or-erratic (medium/high),goals and monitor,1,60,60,64,105,1.0,104,0.9904761904761905,103.62,1.0449445874873424,100.0,104.0,0.8272172782721727,0.8305084745762712,103.7801,0.6748255544604808,102.0,104.0,0.8717128287171283,,,,,,,,,,,,1.0,1.0,,
pelt_l2,all,family,monitor likely-scaffolding-issue (high),goals and monitor,1,4,4,64,105,0.171875,16,0.1523809523809524,22.4938,6.780778676224847,11.0,34.0,0.8073192680731927,0.8135593220338984,21.1896,7.333636891952472,8.0,37.0,0.7657234276572342,,,,,,,,,,,,1.0,1.0,,
pelt_l2,all,family,monitor emotional-or-erratic (high),goals and monitor,1,8,8,64,105,0.234375,36,0.34285714285714286,30.3953,7.892380304869227,16.0,44.0,0.30826917308269175,0.3050847457627119,38.1995,9.214368682065032,21.0,57.0,0.5994400559944005,,,,,,,,,,,,1.0,1.0,,
pelt_l2,all,family,all,summary,2,186,110,389,584,0.7326478149100257,470,0.8047945205479452,447.1528,15.493974909165452,415.0,474.0,0.07889211078892111,0.07631578947368421,496.6725,18.585709203811966,458.0,531.0,0.9227077292270773,444.8421052631579,14.135584064413655,421.625,468.25,0.03896103896103896,76,497.2981,18.542805072372282,458.0,531.0,0.9271072892710729,,,,
pelt_l2,all,family,scaffolding,summary,2,126,88,389,584,0.6349614395886889,409,0.7003424657534246,391.405,18.776480783764097,354.0,425.0,0.19288071192880712,0.19210526315789472,453.1976,21.237698986138366,410.0,492.0,0.9782021797820218,388.0263157894737,18.501152168958217,351.875,420.5,0.12987012987012986,76,453.6621,21.326532903652414,410.0,494.0,0.9781021897810219,,,,
pelt_l2,all,family,roster only,changelog categories,2,60,43,389,584,0.41645244215938304,285,0.488013698630137,268.0907,17.879894926264456,234.0,302.0,0.19618038196180382,0.19210526315789472,286.2473,23.02753068452939,241.0,331.0,0.5347465253474653,270.17105263157896,18.440092666357717,235.375,308.75,0.2077922077922078,76,286.2669,22.991396756667097,241.0,331.02499999999964,0.5295470452954705,0.503949605039496,1.0,0.4675324675324675,1.0
pelt_l2,all,family,prompt (goal pooled),changelog categories,2,55,49,389,584,0.44987146529562977,324,0.5547945205479452,288.0832,20.287805136675736,252.0,329.0,0.05549445055494451,0.05263157894736842,320.0774,23.49008275078579,274.0,365.0,0.44275572442755723,285.4605263157895,20.248088495443174,250.0,320.0,0.025974025974025976,76,320.8131,23.36716865277188,276.0,367.0,0.45115488451154884,0.35066493350664935,1.0,0.2077922077922078,1.0
pelt_l2,all,family,prompt without goal,changelog categories,2,39,36,389,584,0.37532133676092544,289,0.4948630136986301,242.5938,19.25384825501808,207.0,278.02499999999964,0.006999300069993001,0.007894736842105263,258.3127,22.599911378353475,214.0,302.0,0.09459054094590541,243.5921052631579,19.432740504333708,207.75,272.875,0.012987012987012988,76,258.4846,22.3291294465813,215.0,302.0,0.0903909609039096,0.062993700629937,0.8513148685131486,0.1168831168831169,0.8135186481351865
pelt_l2,all,family,tool,changelog categories,2,54,43,389,584,0.4087403598971722,285,0.488013698630137,256.8679,21.22314047824157,216.0,299.0,0.10208979102089791,0.1,299.8416,23.76206584069032,253.0,347.0,0.7415258474152585,257.2763157894737,19.98972981922502,219.75,300.125,0.09090909090909091,76,300.6571,23.881967138940684,254.0,347.0,0.7496250374962504,0.503949605039496,1.0,0.4545454545454546,1.0
pelt_l2,all,family,memory,changelog categories,2,18,17,389,584,0.15938303341902313,132,0.22602739726027396,107.4887,14.574666871027967,82.0,138.0,0.050094990500949906,0.05,135.1981,17.926572248738992,101.0,171.0,0.5776422357764224,107.75,14.620647500481411,87.875,133.625,0.06493506493506493,76,133.7791,17.68705137575613,100.0,170.0,0.5442455754424558,0.35066493350664935,1.0,0.4545454545454545,1.0
pelt_l2,all,family,model,changelog categories,2,51,40,389,584,0.41645244215938304,291,0.4982876712328767,267.1617,17.65851453049045,236.0,304.0,0.10078992100789921,0.10263157894736842,281.7948,23.33834957352558,236.0,327.0,0.3605639436056394,267.6578947368421,17.912790686418422,232.25,299.625,0.1038961038961039,76,281.8938,23.186295132862405,236.0,327.0,0.35626437356264373,0.503949605039496,1.0,0.4545454545454546,1.0
pelt_l2,all,family,goal,changelog categories,2,16,15,389,584,0.14652956298200515,128,0.2191780821917808,97.1629,15.453907140739247,69.0,133.0,0.04229577042295771,0.042105263157894736,119.6929,16.795439805787375,87.0,153.0,0.3134686531346865,97.13157894736842,16.227008025932697,71.625,131.0,0.06493506493506493,76,121.8536,16.555282382897545,91.0,155.0,0.35836416358364165,0.33836616338366166,1.0,0.4545454545454545,1.0
pelt_l2,all,family,chat,changelog categories,2,29,25,389,584,0.2519280205655527,185,0.3167808219178082,167.6301,18.50515382432165,134.0,203.0,0.19368063193680632,0.1868421052631579,188.6929,20.245473012694735,149.0,229.0,0.5732426757324267,164.52631578947367,16.465295773604574,136.625,199.0,0.15584415584415584,76,189.9642,20.67408668227002,151.0,230.0,0.5984401559844016,0.503949605039496,1.0,0.4675324675324675,1.0
pelt_l2,all,family,other,changelog categories,2,12,12,389,584,0.13367609254498714,103,0.17636986301369864,87.934,14.25569242361267,58.0,115.0,0.1294870512948705,0.12894736842105264,97.719,15.435195610239369,69.0,129.0,0.36976302369763026,88.32894736842105,14.849815404369835,61.5,116.25,0.16883116883116883,76,98.3827,15.918529475679177,68.0,130.0,0.38936106389361064,0.503949605039496,1.0,0.4675324675324675,1.0
pelt_l2,all,family,village goal transitions,goals and monitor,2,51,51,389,584,0.5886889460154242,388,0.6643835616438356,360.8463,17.833055770052695,327.0,393.0,0.06309369063093691,0.06578947368421052,322.364,23.183646221964622,276.0,367.0,0.0023997600239976003,361.6578947368421,18.604338298062952,325.25,391.0,0.06493506493506493,76,366.3032,20.197095385876718,327.0,406.0,0.14928507149285072,0.3785621437856215,0.016798320167983202,0.1948051948051948,0.29857014298570145
pelt_l2,all,family,scaffolding + goal transitions,goals and monitor,2,177,118,389,584,0.7840616966580977,491,0.8407534246575342,468.0645,15.113357704630392,440.0,497.0,0.09019098090190981,0.09473684210526316,509.3137,17.38647523974098,473.0,541.0,0.8574142585741426,464.4736842105263,15.510403978586353,439.75,494.375,0.07792207792207792,76,519.273,16.292937641251136,485.0,549.0,0.952904709529047,0.45095490450954906,1.0,0.1948051948051948,0.952904709529047
pelt_l2,all,family,agent goal changes,goals and monitor,2,33,8,55,70,0.2522077922077922,37,0.5285714285714286,21.5664,6.425209675328674,8.0,32.0,0.00009999000099990002,0.0,22.5344,5.831827986297793,12.0,34.0,0.010298970102989701,22.7,7.930952023559341,7.8,30.775,0.09090909090909091,10,22.9777,6.309230012318051,11.0,35.0,0.0150984901509849,0.0006999300069993001,0.06179382061793821,0.1948051948051948,0.045295470452954706
pelt_l2,all,family,monitor likely-scaffolding-issue (medium/high),goals and monitor,2,55,55,64,105,1.0,105,1.0,104.9409,0.306947245729891,104.0,105.0,0.9602039796020398,0.9636363636363636,104.9285,0.4349789312910071,104.0,105.0,0.9618038196180382,,,,,,,,,,,,1.0,1.0,,
pelt_l2,all,family,monitor emotional-or-erratic (medium/high),goals and monitor,2,60,60,64,105,1.0,105,1.0,104.945,0.29796623699311775,104.0,105.0,0.9634036596340366,0.9636363636363636,104.9885,0.16604369018636353,105.0,105.0,0.9937006299370063,,,,,,,,,,,,1.0,1.0,,
pelt_l2,all,family,monitor likely-scaffolding-issue (high),goals and monitor,2,4,4,64,105,0.28125,35,0.3333333333333333,32.9896,8.104977538901055,17.0,48.0,0.40255974402559747,0.4,30.6562,9.116727100846177,14.0,49.0,0.33796620337966204,,,,,,,,,,,,1.0,1.0,,
pelt_l2,all,family,monitor emotional-or-erratic (high),goals and monitor,2,8,8,64,105,0.328125,44,0.41904761904761906,42.0132,9.014108451484125,26.0,59.0,0.42985701429857015,0.43636363636363634,53.0755,10.993383701050366,32.0,75.0,0.802019798020198,,,,,,,,,,,,1.0,1.0,,
pelt_l2,all,family,all,summary,3,186,110,389,584,0.8123393316195373,505,0.8647260273972602,489.8019,13.762855735994656,461.0,512.0,0.1640835916408359,0.15691489361702127,539.6317,16.00771938216003,505.0,567.0,0.9762023797620238,488.1216216216216,14.306768876671105,459.825,514.525,0.10666666666666667,74,539.8418,15.660603379494066,506.0,567.0,0.9792020797920208,,,,
pelt_l2,all,family,scaffolding,summary,3,126,88,389,584,0.7172236503856041,445,0.761986301369863,435.4907,17.818346243585165,400.0,470.0,0.31496850314968505,0.31117021276595747,506.4284,20.10029043590069,464.0,543.0,0.9978002199780022,434.7837837837838,18.117024665963523,400.65,468.4,0.3333333333333333,74,506.1902,19.987365345070963,465.0,542.0,0.9976002399760024,,,,
pelt_l2,all,family,roster only,changelog categories,3,60,43,389,584,0.5089974293059126,319,0.5462328767123288,321.2665,18.15308875131506,288.0,356.0,0.5842415758424158,0.5797872340425532,349.2644,25.808407545410528,298.0,398.0,0.8824117588241176,319.3783783783784,19.748905086835602,276.825,354.4,0.5733333333333334,74,348.849,25.358468096287265,298.0,397.0,0.8809119088091191,0.7105289471052895,1.0,0.72,1.0
pelt_l2,all,family,prompt (goal pooled),changelog categories,3,55,49,389,584,0.5449871465295629,375,0.6421232876712328,339.5842,20.280804753858916,304.0,380.0,0.050594940505949405,0.05053191489361702,383.2339,25.557748544053407,332.0,433.0,0.6385361463853615,337.43243243243245,21.014724831785117,303.95,374.875,0.04,74,383.4454,25.225250249799632,333.0,431.0,0.6408359164083591,0.3541645835416458,1.0,0.28,1.0
pelt_l2,all,family,prompt without goal,changelog categories,3,39,36,389,584,0.48071979434447293,351,0.601027397260274,297.997,18.74933984903142,262.0,337.0,0.0030996900309969004,0.0026595744680851063,316.6494,25.564659880848843,266.975,366.0,0.0927907209279072,297.7837837837838,19.999500178871095,257.475,330.35,0.013333333333333334,74,317.5899,25.483285851235465,266.0,366.0,0.09719028097190281,0.027897210278972105,0.8351164883511648,0.12000000000000001,0.8747125287471254
pelt_l2,all,family,tool,changelog categories,3,54,43,389,584,0.4910025706940875,329,0.5633561643835616,301.4155,21.86478142165299,256.0,343.0,0.10938906109389061,0.10904255319148937,359.7956,26.22730652966065,308.0,410.0,0.8803119688031197,300.8918918918919,20.936019670877876,265.0,341.04999999999995,0.08,74,359.3901,25.89042976517274,307.0,408.0,0.8819118088191181,0.5469453054694531,1.0,0.48,1.0
pelt_l2,all,family,memory,changelog categories,3,18,17,389,584,0.20822622107969152,163,0.2791095890410959,136.629,16.051851145351407,109.0,172.0,0.06319368063193681,0.06648936170212766,174.1328,20.596780983898668,134.0,215.0,0.708029197080292,139.71621621621622,17.00243356495453,112.825,168.7,0.09333333333333334,74,177.9235,20.4531239857895,137.0,218.0,0.7697230276972302,0.37916208379162086,1.0,0.48,1.0
pelt_l2,all,family,model,changelog categories,3,51,40,389,584,0.506426735218509,324,0.5547945205479452,318.5788,17.960129375500568,287.0,355.0,0.35526447355264473,0.35106382978723405,341.4124,26.14943795859779,289.0,392.0,0.7582241775822418,316.7162162162162,19.05185445277169,286.125,353.7,0.36,74,340.0343,25.90575291925389,287.975,389.0,0.7449255074492551,0.7105289471052895,1.0,0.72,1.0
pelt_l2,all,family,goal,changelog categories,3,16,15,389,584,0.18251928020565553,150,0.2568493150684932,118.8884,16.49576783528574,89.0,156.0,0.0418958104189581,0.0398936170212766,155.321,19.905441006372246,117.0,194.0,0.6124387561243876,118.70270270270271,15.117557360253029,96.125,146.175,0.02666666666666667,74,153.8515,18.683665477779474,117.0,191.0,0.5933406659334066,0.3351664833516648,1.0,0.21333333333333335,1.0
pelt_l2,all,family,chat,changelog categories,3,29,25,389,584,0.32390745501285345,224,0.3835616438356164,209.2143,19.223572250833307,173.0,248.0,0.23597640235976403,0.23138297872340424,238.5968,23.41653824087409,192.0,285.0,0.7415258474152585,202.9189189189189,17.538026596440243,169.3,233.04999999999998,0.14666666666666667,74,235.1877,22.903875817484394,190.0,279.0,0.6970302969703029,0.7079292070792921,1.0,0.48,1.0
pelt_l2,all,family,other,changelog categories,3,12,12,389,584,0.17480719794344474,128,0.2191780821917808,110.7715,15.285242936085822,79.0,140.0,0.1386861313868613,0.1356382978723404,127.639,17.923967358277185,93.0,163.0,0.49775022497750226,109.60810810810811,15.401314271945138,78.825,136.52499999999998,0.12,74,125.6761,17.712311012009096,92.0,160.0,0.46095390460953906,0.5547445255474452,1.0,0.48,1.0
pelt_l2,all,family,village goal transitions,goals and monitor,3,51,51,389,584,0.6503856041131105,410,0.702054794520548,395.9295,17.071041907194175,360.0,429.0,0.21037896210378962,0.2154255319148936,387.678,25.215671694600978,337.975,436.0,0.1964803519648035,394.4054054054054,16.250537541304297,360.3,423.175,0.18666666666666668,74,414.1583,21.0994445369061,372.0,454.0,0.595040495950405,1.0,1.0,0.37333333333333335,1.0
pelt_l2,all,family,scaffolding + goal transitions,goals and monitor,3,177,118,389,584,0.8226221079691517,499,0.8544520547945206,489.0826,14.948669623493299,460.0,516.0,0.2743725627437256,0.2712765957446808,548.0971,14.432418406493973,516.0,572.0,0.9975002499750025,487.4054054054054,15.345267369951978,460.825,512.0,0.29333333333333333,74,552.3357,13.199311637080521,523.0,574.0,0.9994000599940006,1.0,1.0,0.37333333333333335,1.0
pelt_l2,all,family,agent goal changes,goals and monitor,3,33,8,55,70,0.3181818181818182,37,0.5285714285714286,27.6203,5.711286176421113,17.0,36.0,0.0212978702129787,0.023809523809523808,28.5729,6.257923117950157,17.0,41.0,0.10588941105889411,26.875,6.151364540838538,17.875,35.125,0.1111111111111111,8,26.6709,6.133657584633866,15.0,38.0,0.05499450054994501,0.14908509149085092,0.7412258774122588,0.3333333333333333,0.16498350164983502
pelt_l2,all,family,monitor likely-scaffolding-issue (medium/high),goals and monitor,3,55,55,64,105,1.0,105,1.0,105.0,0.0,105.0,105.0,1.0,1.0,104.997,0.11041838262681714,105.0,105.0,0.9991000899910009,,,,,,,,,,,,1.0,1.0,,
pelt_l2,all,family,monitor emotional-or-erratic (medium/high),goals and monitor,3,60,60,64,105,1.0,105,1.0,105.0,0.0,105.0,105.0,1.0,1.0,105.0,0.0,105.0,105.0,1.0,,,,,,,,,,,,1.0,1.0,,
pelt_l2,all,family,monitor likely-scaffolding-issue (high),goals and monitor,3,4,4,64,105,0.390625,49,0.4666666666666667,42.4964,8.74480612726322,23.0,53.0,0.2735726427357264,0.27450980392156865,38.6382,10.207512923920753,19.0,58.0,0.17518248175182483,,,,,,,,,,,,1.0,1.0,,
pelt_l2,all,family,monitor emotional-or-erratic (high),goals and monitor,3,8,8,64,105,0.421875,55,0.5238095238095238,52.5877,10.451355500277431,33.0,68.0,0.44365563443655637,0.45098039215686275,63.5591,11.712584072379812,40.0,85.0,0.7805219478052194,,,,,,,,,,,,1.0,1.0,,
pelt_l2,all,lexical,all,summary,0,186,110,389,625,0.32904884318766064,419,0.6704,379.7869,22.244306446974935,334.0,422.0,0.034596540345965404,0.030927835051546393,415.5161,20.573751935825214,374.0,453.0,0.45545445455454453,386.9605263157895,21.24551139384423,347.625,427.0,0.07792207792207792,76,416.8968,20.59258495710341,375.0,455.0,0.48265173482651735,,,,
pelt_l2,all,lexical,scaffolding,summary,0,126,88,389,625,0.2750642673521851,376,0.6016,327.2794,26.197468701701652,279.0,378.0,0.031996800319968,0.030927835051546393,369.8555,22.40425885476873,326.0,412.0,0.412958704129587,331.4078947368421,24.16012010542936,286.625,375.125,0.03896103896103896,76,372.7217,22.30605310471826,329.0,414.0,0.46115388461153883,,,,
pelt_l2,all,lexical,roster only,changelog categories,0,60,43,389,625,0.11053984575835475,230,0.368,201.6897,20.70630070772903,166.0,241.0,0.10688931106889311,0.10051546391752578,211.477,20.857832483688036,171.0,253.0,0.19188081191880813,201.64473684210526,22.713111600934187,165.0,241.375,0.16883116883116883,76,211.0641,20.841209820753672,170.0,252.0,0.1907809219078092,0.4794520547945205,0.9797020297970203,0.6233766233766234,1.0
pelt_l2,all,lexical,prompt (goal pooled),changelog categories,0,55,49,389,625,0.14395886889460155,258,0.4128,222.4846,18.361352803311547,186.0,263.0,0.041495850414958506,0.041237113402061855,243.8391,22.2805891675998,200.0,287.0,0.26947305269473054,222.30263157894737,18.17618935995999,186.75,263.125,0.07792207792207792,76,245.9144,21.959296293583066,203.0,289.0,0.30156984301569845,0.29047095290470953,0.9797020297970203,0.5454545454545454,1.0
pelt_l2,all,lexical,prompt without goal,changelog categories,0,39,36,389,625,0.11053984575835475,209,0.3344,181.9291,19.947798491474334,143.0,223.0,0.10788921107889211,0.10824742268041238,193.0853,21.000798252988535,153.0,235.0,0.23227677232276772,180.8815789473684,19.11088144156842,151.875,226.0,0.11688311688311688,76,194.5959,20.645663649608196,155.0,235.0,0.2518748125187481,0.4794520547945205,0.9797020297970203,0.6233766233766234,1.0
pelt_l2,all,lexical,tool,changelog categories,0,54,43,389,625,0.15167095115681234,242,0.3872,204.2187,26.97825889406682,156.0,256.0,0.0958904109589041,0.0979381443298969,230.7374,22.505334706442934,187.0,274.0,0.31816818318168183,210.32894736842104,26.54173476264365,166.25,260.125,0.14285714285714285,76,232.8424,22.641281434638373,189.0,277.0,0.35276472352764726,0.4794520547945205,0.9797020297970203,0.6233766233766234,1.0
pelt_l2,all,lexical,memory,changelog categories,0,18,17,389,625,0.04627249357326478,73,0.1168,79.3576,12.499461824198251,57.0,105.0,0.7036296370362963,0.7010309278350515,95.6812,15.390492301590893,67.0,127.0,0.9431056894310569,74.94736842105263,13.126964347573134,53.875,100.375,0.5454545454545454,76,94.8013,15.263070282267725,66.0,126.0,0.9338066193380662,0.7036296370362963,0.9797020297970203,0.6233766233766234,1.0
pelt_l2,all,lexical,model,changelog categories,0,51,40,389,625,0.13367609254498714,248,0.3968,206.1006,21.574179571015353,164.0,246.0,0.0217978202179782,0.01804123711340206,213.9585,21.798515896260643,171.0,257.0,0.0643935606439356,204.57894736842104,24.46290424725826,156.75,248.125,0.05194805194805195,76,213.5101,21.49019964677122,172.0,256.0,0.05909409059094091,0.19618038196180382,0.5795420457954205,0.4155844155844156,0.5318468153184682
pelt_l2,all,lexical,goal,changelog categories,0,16,15,389,625,0.038560411311053984,99,0.1584,71.9904,19.3166721052598,38.0,109.0,0.11678832116788321,0.11855670103092783,84.1818,14.476211687816777,57.0,114.0,0.16328367163283672,70.34210526315789,19.267625788061483,40.625,107.75,0.11688311688311688,76,86.2852,14.195069952666529,60.0,115.0,0.19818018198180182,0.4794520547945205,0.9797020297970203,0.6233766233766234,1.0
pelt_l2,all,lexical,chat,changelog categories,0,29,25,389,625,0.06940874035989718,160,0.256,123.2703,20.226728602643494,83.0,163.02499999999964,0.0430956904309569,0.04381443298969072,135.9842,17.734412911064464,103.0,172.0,0.09559044095590441,126.23684210526316,19.169328571828927,88.0,167.5,0.1038961038961039,76,137.6571,17.871649593026316,103.0,173.0,0.11458854114588542,0.29047095290470953,0.6691330866913309,0.6233766233766234,0.8021197880211979
pelt_l2,all,lexical,other,changelog categories,0,12,12,389,625,0.030848329048843187,88,0.1408,62.7876,12.065580966717121,41.0,88.0,0.0313968603139686,0.03350515463917526,68.1263,12.892019575181875,45.0,94.0,0.0746925307469253,61.19736842105263,11.514651231472717,41.25,84.125,0.03896103896103896,76,70.1123,13.196511035131598,46.0,98.0,0.09559044095590441,0.2511748825117488,0.5975402459754025,0.35064935064935066,0.7647235276472353
pelt_l2,all,lexical,village goal transitions,goals and monitor,0,51,51,389,625,0.13110539845758354,335,0.536,279.1521,29.586400610755444,227.0,331.0,0.0198980101989801,0.01804123711340206,241.9775,21.610346930566525,200.0,284.0,0.00009999000099990002,277.5131578947368,29.620935578765966,230.375,331.0,0.025974025974025976,76,282.8005,19.247751747794716,245.0,320.0,0.0021997800219978004,0.1193880611938806,0.0006999300069993001,0.05194805194805195,0.006599340065993401
pelt_l2,all,lexical,scaffolding + goal transitions,goals and monitor,0,177,118,389,625,0.34704370179948585,455,0.728,405.2519,27.105831826415145,354.0,451.0,0.009299070092990702,0.007731958762886598,429.8212,20.02224561811085,389.0,466.0,0.10208979102089791,405.82894736842104,24.475505119960097,363.75,447.125,0.012987012987012988,76,445.453,18.510744333104938,408.0,479.0,0.32286771322867713,0.06509349065093491,0.6125387461253875,0.03896103896103896,0.6457354264573543
pelt_l2,all,lexical,agent goal changes,goals and monitor,0,33,8,55,66,0.051239669421487596,10,0.15151515151515152,10.5021,4.017612439119918,4.0,20.0,0.5796420357964204,0.5740740740740741,10.3479,3.7435634116041987,4.0,18.0,0.5640435956404359,10.0,3.0550504633038935,5.45,14.55,0.5454545454545454,10,10.3696,3.6342422334870808,4.0,18.0,0.577042295770423,1.0,1.0,0.5454545454545454,0.6457354264573543
pelt_l2,all,lexical,monitor likely-scaffolding-issue (medium/high),goals and monitor,0,55,55,64,121,0.859375,114,0.9421487603305785,112.3702,2.515866633685468,108.0,117.0,0.3518648135186481,0.3492063492063492,112.3924,2.733600098212922,107.0,117.0,0.3698630136986301,,,,,,,,,,,,1.0,1.0,,
pelt_l2,all,lexical,monitor emotional-or-erratic (medium/high),goals and monitor,0,60,60,64,121,0.9375,118,0.9752066115702479,115.4334,1.8471885801306418,111.0,118.0,0.1431856814318568,0.14285714285714285,115.5727,1.7704881171070541,111.0,118.0,0.12958704129587043,,,,,,,,,,,,0.7159284071592841,0.6479352064793521,,
pelt_l2,all,lexical,monitor likely-scaffolding-issue (high),goals and monitor,0,4,4,64,121,0.0625,19,0.15702479338842976,22.8168,8.978201299250145,8.0,39.0,0.6320367963203679,0.6349206349206349,21.0263,9.55347764971062,6.0,41.0,0.5242475752424758,,,,,,,,,,,,1.0,1.0,,
pelt_l2,all,lexical,monitor emotional-or-erratic (high),goals and monitor,0,8,8,64,121,0.125,38,0.3140495867768595,31.2376,8.153097174654178,18.0,45.0,0.2692730726927307,0.2698412698412698,38.5347,11.905006040606727,18.0,62.0,0.5261473852614739,,,,,,,,,,,,1.0,1.0,,
pelt_l2,all,lexical,all,summary,1,186,110,389,625,0.5886889460154242,480,0.768,466.6769,23.26150072827661,422.0,505.0,0.33996600339966004,0.3411458333333333,517.6548,19.930698939977585,475.0,553.0,0.9638036196380362,473.60526315789474,17.880401895086827,435.875,503.375,0.38961038961038963,76,520.7631,19.093104332541248,480.0,555.0,0.9767023297670233,,,,
pelt_l2,all,lexical,scaffolding,summary,1,126,88,389,625,0.5038560411311054,439,0.7024,408.7558,28.360215029855713,358.0,456.0,0.17938206179382063,0.18489583333333334,473.0367,23.297949106160726,425.0,515.0,0.9238076192380762,413.11842105263156,24.667369596432803,367.0,449.375,0.18181818181818182,76,476.4447,22.281314763917344,430.0,517.0,0.9477052294770523,,,,
pelt_l2,all,lexical,roster only,changelog categories,1,60,43,389,625,0.2827763496143959,314,0.5024,276.532,23.093165773244323,234.0,319.0,0.067993200679932,0.0703125,299.0277,26.33598092152844,247.0,350.0,0.2950704929507049,284.61842105263156,27.6733166812428,232.5,333.5,0.15584415584415584,76,304.9357,25.94097644530548,254.0,355.0,0.3725627437256274,0.47595240475952405,1.0,0.909090909090909,1.0
pelt_l2,all,lexical,prompt (goal pooled),changelog categories,1,55,49,389,625,0.32390745501285345,335,0.536,300.2496,21.39067217096257,260.0,342.0,0.07239276072392761,0.0703125,334.8144,26.942760509539244,282.0,387.0,0.5077492250774922,308.10526315789474,19.221223649822385,276.625,348.0,0.12987012987012986,76,342.9037,26.24788984817919,291.0,394.0,0.6333366663333667,0.47595240475952405,1.0,0.909090909090909,1.0
pelt_l2,all,lexical,prompt without goal,changelog categories,1,39,36,389,625,0.2544987146529563,286,0.4576,255.1668,23.6102376542933,211.0,302.0,0.11278872112788721,0.109375,270.1747,26.347925937920106,219.0,321.0,0.28347165283471654,262.8421052631579,24.2981769585451,224.0,309.125,0.18181818181818182,76,277.908,25.60376713081747,227.0,328.0,0.38746125387461255,0.5464453554644535,1.0,0.909090909090909,1.0
pelt_l2,all,lexical,tool,changelog categories,1,54,43,389,625,0.30077120822622105,287,0.4592,268.7155,29.031177045963318,219.0,322.0499999999993,0.31116888311168883,0.3046875,314.0537,27.387713029614197,260.0,367.0,0.8367163283671633,267.0,32.22711074028614,212.75,326.75,0.33766233766233766,76,319.0243,26.608572136082618,266.0,370.0,0.8856114388561144,0.9032096790320967,1.0,0.909090909090909,1.0
pelt_l2,all,lexical,memory,changelog categories,1,18,17,389,625,0.10539845758354756,120,0.192,113.3055,15.480592192272953,84.0,145.0,0.3454654534546545,0.3463541666666667,141.2001,20.927218038609038,102.0,183.0,0.8464153584641536,105.76315789473684,15.105732616948334,78.875,136.125,0.18181818181818182,76,131.4391,19.25219353438949,95.0,170.0,0.7230276972302769,0.9032096790320967,1.0,0.909090909090909,1.0
pelt_l2,all,lexical,model,changelog categories,1,51,40,389,625,0.29562982005141386,325,0.52,278.0334,23.007707836766144,236.0,319.0,0.0053994600539946005,0.005208333333333333,294.834,26.92385807073981,241.0,347.0,0.1377862213778622,283.6842105263158,24.890807152476082,239.75,324.875,0.03896103896103896,76,301.7174,26.5254386793077,249.0,353.0,0.19768023197680232,0.048595140485951406,1.0,0.35064935064935066,1.0
pelt_l2,all,lexical,goal,changelog categories,1,16,15,389,625,0.09768637532133675,135,0.216,100.1956,24.974629403684553,57.0,152.0,0.10928907109289071,0.109375,125.2085,20.12791447329068,88.0,165.0,0.32066793320667936,99.48684210526316,24.64115442157835,59.5,144.625,0.1038961038961039,76,131.3878,18.78057725865254,96.0,169.0,0.42955704429557046,0.5464453554644535,1.0,0.8311688311688312,1.0
pelt_l2,all,lexical,chat,changelog categories,1,29,25,389,625,0.16966580976863754,195,0.312,175.3573,32.34382860817352,114.0,240.0,0.3010698930106989,0.2916666666666667,197.3668,23.94625649407456,151.0,245.0,0.5361463853614639,176.93421052631578,21.289957273366106,136.875,220.375,0.22077922077922077,76,205.5651,23.724363985882814,160.0,253.0,0.6741325867413258,0.9032096790320967,1.0,0.909090909090909,1.0
pelt_l2,all,lexical,other,changelog categories,1,12,12,389,625,0.08740359897172237,118,0.1888,91.5276,15.156728238016546,65.0,129.0,0.05699430056994301,0.057291666666666664,102.2708,18.217586431949226,69.0,140.0,0.20137986201379862,96.03947368421052,15.348781310556816,74.125,126.75,0.12987012987012986,76,111.4726,19.56370933929226,74.0,151.0,0.37266273372662734,0.45595440455954406,1.0,0.909090909090909,1.0
pelt_l2,all,lexical,village goal transitions,goals and monitor,1,51,51,389,625,0.37532133676092544,408,0.6528,354.8981,33.546532658016055,294.92500000000007,414.0,0.05929407059294071,0.0625,336.7279,26.62973105098106,284.0,388.0,0.0034996500349965005,357.9605263157895,37.49291161076493,305.375,421.25,0.11688311688311688,76,396.5889,21.935528567403,353.0,438.0,0.3143685631436856,0.41505849415058493,0.024497550244975505,0.23376623376623376,0.9431056894310568
pelt_l2,all,lexical,scaffolding + goal transitions,goals and monitor,1,177,118,389,625,0.6401028277634961,515,0.824,480.9304,26.793091326203502,430.0,521.0,0.0999900009999,0.1015625,530.656,18.530833850108255,491.0,563.0,0.8098190180981902,478.2368421052632,26.93887818552838,434.75,516.25,0.05194805194805195,76,544.0588,16.036965454414954,508.0,571.0,0.9533046695330467,0.5999400059994,1.0,0.15584415584415584,0.9533046695330467
pelt_l2,all,lexical,agent goal changes,goals and monitor,1,33,8,55,66,0.13553719008264462,18,0.2727272727272727,16.3305,5.243683759718658,7.0,28.0,0.36396360363963604,0.36,15.9702,5.027090522748958,7.0,26.0,0.3752624737526247,16.4,6.022181221672649,9.0,27.750000000000004,0.36363636363636365,10,16.9696,4.945110843259756,7.0,27.0,0.45815418458154183,1.0,1.0,0.36363636363636365,0.9431056894310568
pelt_l2,all,lexical,monitor likely-scaffolding-issue (medium/high),goals and monitor,1,55,55,64,121,1.0,121,1.0,120.3818,1.2002386501366002,117.0,121.0,0.7104289571042895,0.711864406779661,120.3365,1.2092203981893208,117.0,121.0,0.6751324867513249,,,,,,,,,,,,1.0,1.0,,
pelt_l2,all,lexical,monitor emotional-or-erratic (medium/high),goals and monitor,1,60,60,64,121,1.0,121,1.0,120.6511,0.9062289529095331,117.0,121.0,0.8332166783321668,0.8305084745762712,120.7804,0.6432862673197465,119.0,121.0,0.8701129887011299,,,,,,,,,,,,1.0,1.0,,
pelt_l2,all,lexical,monitor likely-scaffolding-issue (high),goals and monitor,1,4,4,64,121,0.171875,22,0.18181818181818182,34.6288,11.106815326396198,14.0,52.0,0.8835116488351165,0.8813559322033898,31.3358,12.480801873338914,11.0,57.0,0.7423257674232576,,,,,,,,,,,,1.0,1.0,,
pelt_l2,all,lexical,monitor emotional-or-erratic (high),goals and monitor,1,8,8,64,121,0.234375,49,0.4049586776859504,43.251,8.962568368675148,27.0,57.0,0.3387661233876612,0.3389830508474576,54.687,14.464154042847355,28.0,82.0,0.6633336666333367,,,,,,,,,,,,1.0,1.0,,
pelt_l2,all,lexical,all,summary,2,186,110,389,625,0.7326478149100257,525,0.84,518.6265,21.30212139172009,474.0,556.0,0.4360563943605639,0.4342105263157895,570.4091,17.109804549765407,531.0,598.0,0.9878012198780122,512.6842105263158,15.8578775598046,478.5,537.25,0.2727272727272727,76,571.2183,16.5423882849792,534.0,598.0,0.9912008799120088,,,,
pelt_l2,all,lexical,scaffolding,summary,2,126,88,389,625,0.6349614395886889,490,0.784,461.9061,28.09761253866665,406.0,508.0,0.18708129187081293,0.18157894736842106,534.9543,21.736058914525273,489.0,573.0,0.9739026097390261,453.13157894736844,23.205368404897552,413.125,493.125,0.07792207792207792,76,535.6401,21.214258800807695,490.0,573.0,0.9764023597640236,,,,
pelt_l2,all,lexical,roster only,changelog categories,2,60,43,389,625,0.416452442159383,363,0.5808,339.4957,25.043004945886025,291.0,386.0,0.20017998200179982,0.19473684210526315,368.3679,28.394389828404,311.975,422.0,0.5874412558744125,345.9342105263158,22.971481174892077,295.0,384.25,0.2727272727272727,76,370.3761,28.40520963456243,313.0,424.0,0.617038296170383,0.6005399460053995,1.0,0.8181818181818181,1.0
pelt_l2,all,lexical,prompt (goal pooled),changelog categories,2,55,49,389,625,0.44987146529562977,399,0.6384,362.4323,22.38146799745209,319.0,408.0,0.04659534046595341,0.04736842105263158,403.934,28.599741931070856,346.0,458.0,0.5864413558644136,356.19736842105266,19.54483375001664,324.75,399.5,0.05194805194805195,76,406.429,28.326524640340544,349.0,459.0,0.6215378462153784,0.37276272372762725,1.0,0.4155844155844156,1.0
pelt_l2,all,lexical,prompt without goal,changelog categories,2,39,36,389,625,0.37532133676092544,351,0.5616,318.1615,25.05587351160887,275.0,365.0,0.11748825117488251,0.11842105263157894,333.7692,28.624787670949118,276.0,388.0,0.28877112288771123,317.14473684210526,21.04959473710815,276.0,356.0,0.09090909090909091,76,335.3512,28.346118055227247,279.0,391.0,0.2986701329867013,0.5874412558744125,1.0,0.4675324675324675,1.0
pelt_l2,all,lexical,tool,changelog categories,2,54,43,389,625,0.4087403598971722,355,0.568,319.2875,30.90193419033298,267.0,377.0,0.13708629137086292,0.1394736842105263,379.9516,29.318100425185364,322.0,435.0,0.8073192680731927,316.9605263157895,29.31003959486632,270.875,370.75,0.12987012987012986,76,383.2369,29.186869748682756,324.0,437.0,0.8316168383161684,0.5874412558744125,1.0,0.5194805194805194,1.0
pelt_l2,all,lexical,memory,changelog categories,2,18,17,389,625,0.15938303341902313,156,0.2496,144.3419,16.40024698594872,112.0,174.0,0.27217278272172785,0.26842105263157895,183.2527,23.81030734332462,137.0,230.0,0.8816118388161184,143.06578947368422,18.477615666036414,108.625,176.25,0.2727272727272727,76,178.328,22.82423515851204,135.0,223.0,0.8371162883711629,0.6005399460053995,1.0,0.8181818181818181,1.0
pelt_l2,all,lexical,model,changelog categories,2,51,40,389,625,0.416452442159383,349,0.5584,336.4093,24.379631050346415,293.0,380.0,0.33726627337266274,0.33421052631578946,360.3641,29.001207529925704,302.0,415.0,0.6632336766323368,337.2368421052632,20.285869249999372,295.75,375.625,0.2987012987012987,76,362.0363,28.87756869453124,303.0,416.0,0.6817318268173183,0.6005399460053995,1.0,0.8181818181818181,1.0
pelt_l2,all,lexical,goal,changelog categories,2,16,15,389,625,0.14652956298200515,177,0.2832,125.0266,27.352489983744277,78.0,177.0,0.030296970302969704,0.031578947368421054,163.2078,22.940646165368765,120.0,208.0,0.28617138286171384,123.84210526315789,29.252488273229662,83.125,175.625,0.03896103896103896,76,168.6239,22.046592798330575,126.0,212.0,0.3608639136086391,0.2726727327267273,1.0,0.35064935064935066,1.0
pelt_l2,all,lexical,chat,changelog categories,2,29,25,389,625,0.2519280205655527,261,0.4176,220.6295,26.70462400866832,164.0,270.0,0.058194180581941805,0.05789473684210526,251.9404,26.730751975021484,200.0,304.0,0.37676232376762325,218.47368421052633,25.15152675774602,175.625,267.125,0.05194805194805195,76,254.2637,26.368733252079668,202.0,305.0,0.4126587341265873,0.40735926407359263,1.0,0.4155844155844156,1.0
pelt_l2,all,lexical,other,changelog categories,2,12,12,389,625,0.13367609254498714,148,0.2368,117.8954,16.221873312209528,90.0,156.0,0.059494050594940506,0.060526315789473685,134.5328,20.878522826855907,95.0,175.0,0.26997300269973,119.85526315789474,17.945624497255345,90.125,155.875,0.07792207792207792,76,136.2801,21.347651304338402,96.0,178.0,0.3026697330266973,0.40735926407359263,1.0,0.4675324675324675,1.0
pelt_l2,all,lexical,village goal transitions,goals and monitor,2,51,51,389,625,0.5886889460154242,464,0.7424,422.1236,34.91303216596207,356.0,482.0,0.15698430156984303,0.15789473684210525,408.2671,27.909515432826304,351.0,460.0,0.016998300169983,425.75,35.16669826222909,360.75,478.75,0.22077922077922077,76,461.9526,22.72862979374758,416.0,504.0,0.48855114488551143,0.9419058094190582,0.11898810118988101,0.44155844155844154,1.0
pelt_l2,all,lexical,scaffolding + goal transitions,goals and monitor,2,177,118,389,625,0.7840616966580977,557,0.8912,519.7756,24.86329549730483,474.0,555.0,0.0124987501249875,0.013157894736842105,579.5892,15.326582586257686,545.0,605.0,0.922107789221078,514.9605263157895,25.761180505804305,474.75,552.5,0.012987012987012988,76,588.0989,13.235385764443489,558.0,609.0,0.9792020797920208,0.08749125087491251,1.0,0.03896103896103896,1.0
pelt_l2,all,lexical,agent goal changes,goals and monitor,2,33,8,55,66,0.21046831955922865,20,0.30303030303030304,22.1596,5.722202565465507,13.0,35.0,0.6506349365063494,0.6521739130434783,20.9228,5.519047576223171,10.0,32.0,0.5996400359964004,23.9,6.367451958550173,14.35,34.975,0.8181818181818182,10,22.2699,5.333863421564147,12.0,32.0,0.7004299570042996,1.0,1.0,0.8181818181818182,1.0
pelt_l2,all,lexical,monitor likely-scaffolding-issue (medium/high),goals and monitor,2,55,55,64,121,1.0,121,1.0,120.9578,0.2874498612667507,121.0,121.0,0.9789021097890211,0.9818181818181818,120.9438,0.37530740142522695,121.0,121.0,0.9752024797520248,,,,,,,,,,,,1.0,1.0,,
pelt_l2,all,lexical,monitor emotional-or-erratic (medium/high),goals and monitor,2,60,60,64,121,1.0,121,1.0,120.9626,0.27094017948264115,121.0,121.0,0.9813018698130187,0.9818181818181818,120.9933,0.11771361709490094,121.0,121.0,0.9966003399660034,,,,,,,,,,,,1.0,1.0,,
pelt_l2,all,lexical,monitor likely-scaffolding-issue (high),goals and monitor,2,4,4,64,121,0.28125,46,0.38016528925619836,45.7035,13.252235657616133,21.0,73.0,0.5913408659134086,0.6,41.2274,14.417935945470584,16.0,69.0,0.42195780421957807,,,,,,,,,,,,1.0,1.0,,
pelt_l2,all,lexical,monitor emotional-or-erratic (high),goals and monitor,2,8,8,64,121,0.328125,59,0.48760330578512395,56.0412,7.899515351860481,38.0,69.0,0.41845815418458154,0.41818181818181815,68.811,15.844266568014685,36.0,96.0,0.7536246375362464,,,,,,,,,,,,1.0,1.0,,
pelt_l2,all,lexical,all,summary,3,186,110,389,625,0.8123393316195373,557,0.8912,550.4525,14.652652107088912,522.0,575.0,0.3655634436556344,0.36436170212765956,597.1402,13.806969515455593,565.0,617.0,0.9898010198980102,542.6351351351351,13.755770220712833,515.3,564.525,0.13333333333333333,74,596.9966,13.61897705753297,565.0,618.0,0.9909009099090091,,,,
pelt_l2,all,lexical,scaffolding,summary,3,126,88,389,625,0.7172236503856041,518,0.8288,495.0776,24.387301045528357,452.0,534.0,0.20877912208779123,0.2074468085106383,571.5218,19.050554247100322,528.0,603.0,0.9916008399160084,486.05405405405406,26.244838705581135,440.0,524.175,0.13333333333333333,74,570.8722,19.085284697095744,528.0,602.0,0.9907009299070093,,,,
pelt_l2,all,lexical,roster only,changelog categories,3,60,43,389,625,0.5089974293059126,398,0.6368,391.3193,24.480258900133833,347.0,437.0,0.41575842415758424,0.4095744680851064,422.3555,30.373106069469266,361.0,480.0,0.7927207279272073,387.35135135135135,21.18763689166263,352.55,421.0,0.36,74,421.9534,29.798648029439832,362.0,478.0,0.7948205179482052,0.8315168483151685,1.0,0.88,1.0
pelt_l2,all,lexical,prompt (goal pooled),changelog categories,3,55,49,389,625,0.5449871465295629,444,0.7104,406.3459,21.444520044384145,366.0,451.0,0.0430956904309569,0.0425531914893617,457.1672,29.62752813182902,396.0,511.0,0.685031496850315,399.0,23.637675986175065,360.475,445.04999999999995,0.05333333333333334,74,454.63,29.650767558390125,394.0,509.0,0.6572342765723428,0.3698630136986301,1.0,0.32,1.0
pelt_l2,all,lexical,prompt without goal,changelog categories,3,39,36,389,625,0.48071979434447293,399,0.6384,362.1048,25.11794792754394,318.0,407.0,0.08609139086091391,0.08776595744680851,386.1914,30.8961587143504,323.0,444.0,0.35166483351664835,357.85135135135135,28.79387417367895,309.825,409.0,0.09333333333333334,74,383.125,30.526833503597707,321.975,440.0,0.3117688231176882,0.43045695430456954,1.0,0.37333333333333335,1.0
pelt_l2,all,lexical,tool,changelog categories,3,54,43,389,625,0.4910025706940874,389,0.6224,358.4757,31.874475803231228,302.0,414.0,0.18638136186381363,0.18351063829787234,431.8067,30.550300607305317,370.0,489.0,0.919008099190081,351.31081081081084,25.322536216371983,301.825,394.4,0.06666666666666667,74,427.324,30.66857153712923,365.0,485.0,0.8933106689331067,0.7211278872112789,1.0,0.3333333333333333,1.0
pelt_l2,all,lexical,memory,changelog categories,3,18,17,389,625,0.2082262210796915,192,0.3072,174.2205,18.744887751909403,138.0,210.0,0.1802819718028197,0.18085106382978725,221.6116,27.106822451595875,169.0,274.0,0.8682131786821318,181.0810810810811,19.194574545061908,145.475,219.0,0.29333333333333333,74,229.1876,27.903603124806924,174.0,282.0,0.9082091790820918,0.7211278872112789,1.0,0.88,1.0
pelt_l2,all,lexical,model,changelog categories,3,51,40,389,625,0.506426735218509,390,0.624,385.1709,23.89829713704734,341.0,427.0,0.49095090490950904,0.48936170212765956,413.1799,31.14202495923886,348.0,471.0,0.7775222477752225,380.7027027027027,21.39628038966454,340.3,413.35,0.4,74,410.5142,31.16850567375012,347.0,469.0,0.7535246475352465,0.8315168483151685,1.0,0.88,1.0
pelt_l2,all,lexical,goal,changelog categories,3,16,15,389,625,0.18251928020565553,201,0.3216,146.5482,29.43313961728808,97.0,203.0,0.0466953304669533,0.05053191489361702,199.1117,25.925794834368713,149.0,250.0,0.47735226477352266,149.47297297297297,25.91621007140151,109.125,194.14999999999995,0.04,74,199.8606,25.00109743845883,151.0,248.0,0.49095090490950904,0.3698630136986301,1.0,0.32,1.0
pelt_l2,all,lexical,chat,changelog categories,3,29,25,389,625,0.32390745501285345,298,0.4768,260.5873,25.82292897941881,208.0,308.0,0.0673932606739326,0.06648936170212766,298.8033,29.704202448042725,240.0,356.0,0.519048095190481,255.95945945945945,21.33967890091658,218.825,292.75,0.04,74,301.0536,29.793749240224514,242.0,358.0,0.5542445755424458,0.40435956404359563,1.0,0.32,1.0
pelt_l2,all,lexical,other,changelog categories,3,12,12,389,625,0.17480719794344474,176,0.2816,139.8544,17.48133176665993,110.0,179.0,0.0410958904109589,0.0425531914893617,165.1391,23.55676215642399,121.0,212.0,0.32886711328867113,140.75675675675674,15.387960790257036,109.825,174.175,0.02666666666666667,74,164.1934,23.90286449639694,117.0,210.0,0.32166783321667836,0.3698630136986301,1.0,0.24000000000000002,1.0
pelt_l2,all,lexical,village goal transitions,goals and monitor,3,51,51,389,625,0.6503856041131105,492,0.7872,453.1508,33.61447980685212,392.0,507.0,0.14658534146585342,0.14361702127659576,461.8356,28.928174096642476,403.0,516.0,0.1571842815718428,457.06756756756755,34.22421280245065,404.6,501.7,0.25333333333333335,74,496.1983,23.618712104307182,446.975,539.0,0.5948405159484051,0.8795120487951205,1.0,0.5066666666666667,1.0
pelt_l2,all,lexical,scaffolding + goal transitions,goals and monitor,3,177,118,389,625,0.8226221079691517,562,0.8992,533.5168,23.207244028051626,493.0,567.0,0.0822917708229177,0.08776595744680851,603.3517,11.826630713326722,575.0,620.0,0.9953004699530047,528.0540540540541,24.5479078102402,488.0,559.35,0.02666666666666667,74,607.2131,10.37338175788925,582.0,621.0,0.9987001299870013,0.5760423957604239,1.0,0.08,1.0
pelt_l2,all,lexical,agent goal changes,goals and monitor,3,33,8,55,66,0.27988980716253437,22,0.3333333333333333,28.4525,5.499215206444341,19.0,39.0,0.8816118388161184,0.8809523809523809,25.6363,5.902211951513776,14.0,37.0,0.7561243875612439,28.75,5.574175147179049,20.875,37.775,0.8888888888888888,8,24.6445,5.3697675173436545,14.0,35.0,0.7265273472652735,1.0,1.0,0.8888888888888888,1.0
pelt_l2,all,lexical,monitor likely-scaffolding-issue (medium/high),goals and monitor,3,55,55,64,121,1.0,121,1.0,121.0,0.0,121.0,121.0,1.0,1.0,120.9996,0.019996999474891225,121.0,121.0,0.9996000399960004,,,,,,,,,,,,1.0,1.0,,
pelt_l2,all,lexical,monitor emotional-or-erratic (medium/high),goals and monitor,3,60,60,64,121,1.0,121,1.0,121.0,0.0,121.0,121.0,1.0,1.0,121.0,0.0,121.0,121.0,1.0,,,,,,,,,,,,1.0,1.0,,
pelt_l2,all,lexical,monitor likely-scaffolding-issue (high),goals and monitor,3,4,4,64,121,0.390625,49,0.4049586776859504,57.1129,14.853282990354662,34.0,89.0,0.7150284971502849,0.7058823529411765,50.875,16.74590151415421,21.0,81.0,0.5741425857414258,,,,,,,,,,,,1.0,1.0,,
pelt_l2,all,lexical,monitor emotional-or-erratic (high),goals and monitor,3,8,8,64,121,0.421875,67,0.5537190082644629,68.9471,8.63412742583989,46.0,86.0,0.6702329767023297,0.6666666666666666,80.8701,16.97200727353984,42.0,108.0,0.821017898210179,,,,,,,,,,,,1.0,1.0,,
pelt_l2,daily,agent,all,summary,0,186,110,389,883,0.32904884318766064,336,0.38052095130237823,290.2239,45.36481638281527,214.0,378.0,0.19588041195880412,0.19329896907216496,286.7135,33.97716089516971,224.0,357.0,0.08089191080891911,291.7368421052632,42.229016381646915,234.125,378.125,0.24675324675324675,76,292.3246,33.70728189761513,229.0,361.0,0.10578942105789421,,,,
pelt_l2,daily,agent,scaffolding,summary,0,126,88,389,883,0.2750642673521851,261,0.2955832389580974,241.7978,46.08207537565005,167.0,331.0,0.3588641135886411,0.3634020618556701,240.082,33.14820291261102,180.0,308.0,0.26517348265173485,247.60526315789474,44.83869725950816,180.875,327.75,0.36363636363636365,76,248.5251,33.49518118634784,187.0,318.0,0.3511648835116488,,,,
pelt_l2,daily,agent,roster only,changelog categories,0,60,43,389,883,0.11053984575835477,138,0.15628539071347677,97.3358,22.512763508998205,60.0,141.0,0.0491950804919508,0.04896907216494845,97.7005,18.530761955836205,63.0,137.0,0.023697630236976304,98.80263157894737,23.228155178198204,62.5,144.125,0.06493506493506493,76,99.8373,18.243719797267335,67.0,137.0,0.0245975402459754,0.26577342265773424,0.16588341165883413,0.3246753246753247,0.1475852414758524
pelt_l2,daily,agent,prompt (goal pooled),changelog categories,0,55,49,389,883,0.14395886889460155,177,0.20045300113250283,126.8706,22.76023854193643,85.0,174.0,0.015398460153984602,0.015463917525773196,129.4863,22.661676183961916,87.0,176.0,0.023997600239976002,133.10526315789474,21.856244842069536,96.375,176.875,0.03896103896103896,76,135.6799,23.048317910117618,93.0,184.0,0.0433956604339566,0.10778922107789221,0.16588341165883413,0.23376623376623376,0.216978302169783
pelt_l2,daily,agent,prompt without goal,changelog categories,0,39,36,389,883,0.11053984575835477,103,0.11664779161947905,97.667,23.57681695288325,58.0,147.0,0.4056594340565943,0.4072164948453608,99.8164,20.98633683312472,61.0,144.0,0.42895710428957107,98.32894736842105,22.223343977535418,58.125,144.875,0.4025974025974026,76,100.4367,20.92044358052574,64.0,145.0,0.43245675432456754,0.8113188681131887,0.8579142085791421,0.8051948051948052,0.8649135086491351
pelt_l2,daily,agent,tool,changelog categories,0,54,43,389,883,0.15167095115681234,119,0.1347678369195923,134.1474,46.76921433144797,66.0,225.0,0.5429457054294571,0.538659793814433,133.7471,31.134503004187042,82.0,201.0,0.650934906509349,136.81578947368422,48.22633043647859,65.75,227.375,0.5844155844155844,76,138.9679,31.711222457561856,87.0,206.0,0.7141285871412859,0.8113188681131887,0.8579142085791421,0.8051948051948052,0.8649135086491351
pelt_l2,daily,agent,memory,changelog categories,0,18,17,389,883,0.04627249357326478,65,0.07361268403171008,40.9628,13.17470202461307,18.0,72.0,0.044295570442955706,0.041237113402061855,40.6273,12.679924004396703,19.0,68.0,0.039896010398960104,37.03947368421053,13.198424945902884,18.0,63.125,0.025974025974025976,76,37.4715,11.414964646979385,18.0,62.0,0.0183981601839816,0.26577342265773424,0.17348265173482652,0.18181818181818182,0.13438656134386562
pelt_l2,daily,agent,model,changelog categories,0,51,40,389,883,0.13367609254498714,148,0.16761041902604756,117.9584,31.901972400218494,61.0,174.0,0.20027997200279973,0.1958762886597938,116.914,30.105119760990526,69.0,182.0,0.17588241175882413,114.67105263157895,31.886627566173562,56.5,162.375,0.12987012987012986,76,115.8106,29.66301598104463,68.0,178.0,0.16928307169283072,0.6008399160083993,0.5276472352764724,0.4675324675324675,0.5078492150784921
pelt_l2,daily,agent,goal,changelog categories,0,16,15,389,883,0.038560411311053984,91,0.10305775764439411,33.7137,19.49282763846575,7.0,75.0,0.00009999000099990002,0.0,34.0965,11.247463638253265,15.0,59.0,0.00009999000099990002,40.13157894736842,22.58633339301337,8.875,81.0,0.012987012987012988,76,41.1574,12.488571642992973,20.0,68.0,0.0005999400059994001,0.0008999100089991002,0.0008999100089991002,0.1168831168831169,0.0053994600539946005
pelt_l2,daily,agent,chat,changelog categories,0,29,25,389,883,0.06940874035989718,92,0.10419026047565119,61.4098,19.289330516821437,29.0,103.0,0.0842915708429157,0.08247422680412371,60.9294,15.353253332072258,34.0,94.0,0.03469653034696531,64.5,17.644262523551387,34.25,102.25,0.11688311688311688,76,66.6115,15.23484748226187,39.0,99.0,0.05929407059294071,0.3371662833716628,0.17348265173482652,0.4675324675324675,0.23717628237176283
pelt_l2,daily,agent,other,changelog categories,0,12,12,389,883,0.030848329048843187,58,0.06568516421291053,26.99,11.53304821459236,8.0,52.0,0.009099090090990901,0.007731958762886598,27.2865,10.282042102081613,11.0,51.0,0.007399260073992601,29.605263157894736,11.731528968119397,10.0,53.0,0.012987012987012988,76,31.2188,10.88125758985025,13.0,55.0,0.016798320167983202,0.07279272072792721,0.059194080591940805,0.1168831168831169,0.13438656134386562
pelt_l2,daily,agent,village goal transitions,goals and monitor,0,51,51,389,883,0.13110539845758354,192,0.217440543601359,115.1829,32.11242077992306,65.0,185.0,0.016698330166983303,0.01804123711340206,115.7914,20.045040943002352,79.0,157.0,0.00019998000199980003,162.81578947368422,34.34868673911354,109.375,222.125,0.2727272727272727,76,166.1904,19.818931021694493,128.0,205.0,0.10268973102689731,0.11688831116888312,0.0013998600139986002,0.5454545454545454,0.3080691930806919
pelt_l2,daily,agent,scaffolding + goal transitions,goals and monitor,0,177,118,389,883,0.34704370179948585,347,0.3929784824462061,306.713,59.489551449587914,206.0,417.0,0.27717228277172284,0.27835051546391754,304.179,33.87120140810602,241.0,372.0,0.11068893110688931,340.4868421052632,61.463592133024065,243.75,448.625,0.44155844155844154,76,342.1629,32.589752573274914,282.0,409.0,0.42985701429857015,0.7331266873312668,0.4864513548645136,0.5454545454545454,0.42985701429857015
pelt_l2,daily,agent,agent goal changes,goals and monitor,0,33,8,55,297,0.018181818181818184,13,0.04377104377104377,5.3009,3.9136799663600375,0.0,14.0,0.0958904109589041,0.09259259259259259,5.3547,3.89535688872394,0.0,14.0,0.09729027097290271,6.1,4.094712037087183,0.225,13.100000000000001,0.18181818181818182,10,6.6996,4.123573720211947,0.0,15.0,0.18018198180181982,0.4794520547945205,0.4864513548645136,0.5454545454545454,0.36036396360363965
pelt_l2,daily,agent,monitor likely-scaffolding-issue (medium/high),goals and monitor,0,55,55,64,363,0.859375,295,0.8126721763085399,284.3317,10.653141510953716,266.0,304.0,0.1927807219278072,0.19047619047619047,284.4545,10.97884252771324,261.0,304.0,0.1807819218078192,,,,,,,,,,,,0.7331266873312668,0.5423457654234576,,
pelt_l2,daily,agent,monitor emotional-or-erratic (medium/high),goals and monitor,0,60,60,64,363,0.9375,325,0.8953168044077136,310.0857,8.676732338755636,289.0,327.0,0.0644935506449355,0.06349206349206349,310.496,7.663384157516479,293.0,323.0,0.0150984901509849,,,,,,,,,,,,0.386961303869613,0.09059094090590941,,
pelt_l2,daily,agent,monitor likely-scaffolding-issue (high),goals and monitor,0,4,4,64,363,0.0625,27,0.0743801652892562,20.4189,7.441368166272826,9.0,39.0,0.1832816718328167,0.19047619047619047,20.6284,7.7231002886021605,8.0,38.0,0.21037896210378962,,,,,,,,,,,,0.7331266873312668,0.5423457654234576,,
pelt_l2,daily,agent,monitor emotional-or-erratic (high),goals and monitor,0,8,8,64,363,0.125,46,0.12672176308539945,41.325,11.247987674365236,25.0,65.0,0.31756824317568244,0.31746031746031744,41.3263,10.252108996879052,23.0,63.0,0.3261673832616738,,,,,,,,,,,,0.7331266873312668,0.5423457654234576,,
pelt_l2,daily,agent,all,summary,1,186,110,389,883,0.5886889460154242,539,0.6104190260475651,522.0905,56.746565772940855,412.0,615.0,0.43625637436256376,0.4375,577.0722,41.46299923052503,493.0,655.0,0.8253174682531746,522.1447368421053,49.50736078534004,428.25,604.0,0.4155844155844156,76,580.1492,41.23649092949614,497.0,657.0,0.844015598440156,,,,
pelt_l2,daily,agent,scaffolding,summary,1,126,88,389,883,0.5038560411311054,399,0.45186862967157415,447.9648,67.9050062215371,324.0,551.0,0.7245275472452755,0.7265625,498.8734,44.01174929320107,414.0,584.0,0.9905009499050095,447.9078947368421,62.54175727870758,339.625,548.125,0.7402597402597403,76,503.2427,43.64287418074886,417.0,586.0,0.9921007899210079,,,,
pelt_l2,daily,agent,roster only,changelog categories,1,60,43,389,883,0.2827763496143959,321,0.3635334088335221,251.3536,47.37473381012666,160.0,331.0,0.051294870512948704,0.0546875,262.3186,37.1918837605971,191.0,336.0,0.06029397060293971,255.30263157894737,48.00389421337734,172.25,338.5,0.09090909090909091,76,263.8491,36.924700033138436,194.0,338.0,0.06469353064693531,0.41035896410358963,0.4527547245275472,0.7272727272727273,0.49355064493550643
pelt_l2,daily,agent,prompt (goal pooled),changelog categories,1,55,49,389,883,0.32390745501285345,307,0.347678369195923,288.2099,37.99228584026417,222.0,365.0,0.3241675832416758,0.3333333333333333,307.5498,40.0681926965342,231.0,388.0,0.5046495350464953,287.39473684210526,36.736568138525016,223.75,355.125,0.3116883116883117,76,312.1821,39.67933699759179,234.0,390.0,0.5557444255574443,0.9725027497250275,1.0,0.935064935064935,1.0
pelt_l2,daily,agent,prompt without goal,changelog categories,1,39,36,389,883,0.2544987146529563,188,0.2129105322763307,225.9869,41.96056002068758,146.0,313.0,0.8128187181281872,0.8098958333333334,238.7348,37.27045985331772,167.0,313.0,0.919008099190081,223.81578947368422,42.76157481550176,143.375,301.25,0.8181818181818182,76,241.8194,37.3499757122889,171.0,315.0,0.931006899310069,1.0,1.0,1.0,1.0
pelt_l2,daily,agent,tool,changelog categories,1,54,43,389,883,0.300771208226221,229,0.25934314835787087,265.1106,71.90799290471372,149.0,389.0,0.685031496850315,0.6875,290.4493,42.901914723456045,209.0,378.0,0.9287071292870713,265.63157894736844,71.31205454063863,152.0,385.0,0.6753246753246753,76,293.5437,43.03290454288834,213.0,381.0,0.9386061393860614,1.0,1.0,1.0,1.0
pelt_l2,daily,agent,memory,changelog categories,1,18,17,389,883,0.10539845758354756,119,0.1347678369195923,95.1784,23.06495550954447,54.0,143.0,0.1464853514648535,0.14322916666666666,112.6813,27.197531154133973,63.0,169.0,0.40315968403159685,94.61842105263158,22.586112019122524,56.75,139.25,0.14285714285714285,76,111.1747,26.47623234143974,63.0,167.0,0.3748625137486251,0.878912108789121,1.0,0.8571428571428571,1.0
pelt_l2,daily,agent,model,changelog categories,1,51,40,389,883,0.29562982005141386,338,0.3827859569648924,262.8256,53.309618045692446,159.0,346.0,0.0336966303369663,0.033854166666666664,267.6835,42.1546323558029,190.0,353.0,0.0565943405659434,267.9736842105263,52.45162182029215,181.625,339.875,0.06493506493506493,76,271.1063,42.38865508739351,190.97500000000002,355.0,0.061693830616938304,0.3032696730326967,0.4527547245275472,0.5844155844155844,0.49355064493550643
pelt_l2,daily,agent,goal,changelog categories,1,16,15,389,883,0.09768637532133675,162,0.18346545866364666,87.5129,46.20794250975798,28.0,182.0,0.0842915708429157,0.0859375,98.8707,25.37681579292364,53.0,152.0,0.008999100089991,89.78947368421052,46.23052838099479,29.0,177.0,0.11688311688311688,76,102.7195,24.642027974666988,58.0,154.0,0.012898710128987101,0.5900409959004099,0.080991900809919,0.8181818181818181,0.11608839116088392
pelt_l2,daily,agent,chat,changelog categories,1,29,25,389,883,0.16966580976863754,186,0.21064552661381652,151.6192,42.06321816970593,80.0,241.0,0.20237976202379762,0.203125,163.6823,31.58163875894774,105.0,228.0,0.24087591240875914,154.0,39.93761802277814,91.875,237.25,0.19480519480519481,76,169.6742,32.17063800043349,108.0,234.0,0.3096690330966903,0.878912108789121,1.0,0.8571428571428571,1.0
pelt_l2,daily,agent,other,changelog categories,1,12,12,389,883,0.08740359897172237,104,0.11778029445073612,76.7314,26.655601778061868,31.0,130.0,0.16898310168983102,0.16927083333333334,79.5282,23.6320767658119,38.0,129.0,0.1576842315768423,76.07894736842105,24.774052640020898,34.5,121.25,0.15584415584415584,76,82.0168,24.263474388037213,38.0,133.0,0.18438156184381563,0.878912108789121,0.9461053894610538,0.8571428571428571,1.0
pelt_l2,daily,agent,village goal transitions,goals and monitor,1,51,51,389,883,0.3753213367609254,369,0.4178935447338618,334.8653,69.56142059384284,209.0,468.0,0.3184681531846815,0.3151041666666667,304.252,38.77544647744179,230.0,381.0,0.04939506049395061,349.69736842105266,69.76111997129291,236.25,456.25,0.4155844155844156,76,352.9463,33.95723377547954,286.975,421.0,0.32066793320667936,1.0,0.34576542345765426,1.0,0.9620037996200381
pelt_l2,daily,agent,scaffolding + goal transitions,goals and monitor,1,177,118,389,883,0.6401028277634961,507,0.5741789354473387,569.3026,86.74085675656592,414.0,697.0,0.6973302669733027,0.6979166666666666,602.5306,40.15105570676115,520.0,677.0,0.9889011098890111,574.5131578947369,82.59192751854185,438.25,689.125,0.7402597402597403,76,625.5024,37.49687981472037,549.0,695.0,0.9991000899910009,1.0,1.0,1.0,0.9991000899910009
pelt_l2,daily,agent,agent goal changes,goals and monitor,1,33,8,55,297,0.03844505662687481,16,0.05387205387205387,16.5559,8.116222181301447,0.0,32.0,0.5816418358164184,0.58,16.0019,7.81846591288362,0.0,33.0,0.5336466353364664,14.9,7.0624201077093804,2.7,25.975,0.45454545454545453,10,14.9812,5.443363811188638,0.0,24.0,0.48635136486351366,1.0,1.0,1.0,0.9727027297270273
pelt_l2,daily,agent,monitor likely-scaffolding-issue (medium/high),goals and monitor,1,55,55,64,363,1.0,361,0.9944903581267218,355.7887,6.949869234614262,335.0,361.0,0.49005099490050996,0.4915254237288136,355.5049,7.382914514788402,335.0,361.0,0.47215278472152783,,,,,,,,,,,,1.0,1.0,,
pelt_l2,daily,agent,monitor emotional-or-erratic (medium/high),goals and monitor,1,60,60,64,363,1.0,361,0.9944903581267218,358.3889,5.704218667009541,339.0,361.0,0.7494250574942506,0.7457627118644068,359.0453,4.388709831761351,347.0,361.0,0.7673232676732327,,,,,,,,,,,,1.0,1.0,,
pelt_l2,daily,agent,monitor likely-scaffolding-issue (high),goals and monitor,1,4,4,64,363,0.171875,52,0.14325068870523416,61.9114,15.611499669544665,32.0,94.0,0.7114288571142886,0.711864406779661,59.202,15.631130132620683,30.0,91.0,0.6837316268373163,,,,,,,,,,,,1.0,1.0,,
pelt_l2,daily,agent,monitor emotional-or-erratic (high),goals and monitor,1,8,8,64,363,0.234375,83,0.22865013774104684,88.8632,20.303204371989587,60.0,130.0,0.5395460453954605,0.5423728813559322,111.077,20.425640545137572,71.0,151.0,0.9173082691730827,,,,,,,,,,,,1.0,1.0,,
pelt_l2,daily,agent,all,summary,2,186,110,389,883,0.7326478149100257,619,0.7010192525481314,652.6363,54.881488865481856,551.0,739.0,0.6852314768523148,0.6789473684210526,727.2897,39.368685058639244,642.0,796.0,0.9933006699330067,650.4078947368421,52.77327041386992,559.0,726.25,0.7012987012987013,76,727.6347,39.559460954430364,645.0,797.0,0.9928007199280072,,,,
pelt_l2,daily,agent,scaffolding,summary,2,126,88,389,883,0.6349614395886889,450,0.5096262740656852,567.6719,75.78890582542158,427.0,675.0,0.9128087191280871,0.9157894736842105,654.474,45.17984557127862,561.0,737.0,1.0,564.1315789473684,76.28251736892504,427.375,666.0,0.9090909090909091,76,655.5591,44.938146945497095,563.0,738.0,1.0,,,,
pelt_l2,daily,agent,roster only,changelog categories,2,60,43,389,883,0.41645244215938304,419,0.47451868629671573,370.9436,62.33506384899678,248.0,476.0,0.2410758924107589,0.24736842105263157,393.7504,48.29595376172807,298.0,489.0,0.30356964303569645,372.7763157894737,62.04548840632127,264.5,471.625,0.24675324675324675,76,393.5032,48.175120902675474,297.0,487.0,0.3036696330366963,1.0,1.0,1.0,1.0
pelt_l2,daily,agent,prompt (goal pooled),changelog categories,2,55,49,389,883,0.4498714652956298,369,0.4178935447338618,402.812,42.1495873618174,325.0,481.0,0.7684231576842315,0.7657894736842106,444.3504,50.566074720421625,344.0,542.0,0.930906909309069,400.61842105263156,45.653759861304785,320.75,479.125,0.7402597402597403,76,444.8661,50.63093639230857,346.0,544.0,0.931006899310069,1.0,1.0,1.0,1.0
pelt_l2,daily,agent,prompt without goal,changelog categories,2,39,36,389,883,0.3753213367609254,255,0.2887882219705549,333.7209,53.15109695105747,222.0,442.0,0.9191080891910809,0.9131578947368421,353.3881,49.052034500098564,257.0,450.0,0.9785021497850215,333.7763157894737,56.677002669327415,230.625,449.875,0.8961038961038961,76,352.0269,48.707896919413706,256.0,447.0,0.9777022297770223,1.0,1.0,1.0,1.0
pelt_l2,daily,agent,tool,changelog categories,2,54,43,389,883,0.40874035989717217,308,0.3488108720271801,362.3137,85.96673612672537,213.0,499.0,0.7227277272272773,0.7210526315789474,416.1841,52.74646932442606,312.0,518.0,0.9808019198080192,362.3157894736842,85.18453858556192,222.0,495.0,0.7012987012987013,76,416.2612,52.12974895040799,314.0,518.0,0.9822017798220178,1.0,1.0,1.0,1.0
pelt_l2,daily,agent,memory,changelog categories,2,18,17,389,883,0.15938303341902313,156,0.17667044167610418,144.9963,30.06665073896103,90.0,206.0,0.3705629437056294,0.37105263157894736,180.0169,39.099707071783925,107.97500000000002,259.0,0.7287271272872713,146.05263157894737,29.96170655435239,94.75,206.875,0.37662337662337664,76,179.7551,38.753672196333476,106.0,259.0,0.7297270272972702,1.0,1.0,1.0,1.0
pelt_l2,daily,agent,model,changelog categories,2,51,40,389,883,0.41645244215938304,420,0.47565118912797283,371.0405,65.19214263464677,245.0,468.0,0.24947505249475052,0.25263157894736843,388.7226,51.807148611989156,287.975,490.0,0.27787221277872215,372.94736842105266,62.943126654007706,258.5,464.75,0.2727272727272727,76,389.8071,51.992191802143125,289.0,492.0,0.286971302869713,1.0,1.0,1.0,1.0
pelt_l2,daily,agent,goal,changelog categories,2,16,15,389,883,0.14652956298200512,212,0.24009060022650056,132.2217,67.5173385747011,49.0,267.0,0.17538246175382463,0.1736842105263158,157.6362,36.743223266414724,89.0,231.02499999999964,0.0756924307569243,133.8684210526316,67.43359046355917,52.375,262.125,0.19480519480519481,76,160.2523,36.96504411141174,92.0,237.0,0.08459154084591541,1.0,0.6812318768123188,1.0,0.7613238676132388
pelt_l2,daily,agent,chat,changelog categories,2,29,25,389,883,0.2519280205655527,220,0.2491506228765572,225.7267,53.13554503084138,139.0,337.0,0.49775022497750226,0.5078947368421053,253.6353,44.546729790451536,168.0,341.0,0.7771222877712228,224.42105263157896,51.620735667725555,147.25,327.875,0.4935064935064935,76,256.1621,44.75082443060376,170.0,344.0,0.7921207879212079,1.0,1.0,1.0,1.0
pelt_l2,daily,agent,other,changelog categories,2,12,12,389,883,0.13367609254498714,149,0.16874292185730463,117.384,36.15288158756793,53.0,184.0,0.21447855214478553,0.21578947368421053,128.1419,33.88806876336347,67.0,198.0,0.2686731326867313,116.80263157894737,36.04923290421665,52.0,175.75,0.2597402597402597,76,130.5211,35.21705522737369,66.0,203.02499999999964,0.3006699330066993,1.0,1.0,1.0,1.0
pelt_l2,daily,agent,village goal transitions,goals and monitor,2,51,51,389,883,0.5886889460154242,498,0.5639864099660249,523.9476,104.49967115913445,354.0,680.0,0.6080391960803919,0.6157894736842106,447.4562,49.14063045704819,348.0,542.0249999999996,0.1531846815318468,524.9078947368421,105.36440608751818,359.375,679.25,0.6233766233766234,76,514.2006,48.01601101061329,420.0,606.0,0.6338366163383662,1.0,1.0,1.0,1.0
pelt_l2,daily,agent,scaffolding + goal transitions,goals and monitor,2,177,118,389,883,0.7840616966580977,574,0.6500566251415628,698.8966,90.67303495729497,541.0,815.0,0.8608139186081392,0.868421052631579,748.1509,37.110977508752924,668.0,813.0,1.0,694.7763157894736,93.06651366045836,532.875,813.0,0.8571428571428571,76,766.8687,34.71750553869161,693.0,827.0,1.0,1.0,1.0,1.0,1.0
pelt_l2,daily,agent,agent goal changes,goals and monitor,2,33,8,55,297,0.05870829507193144,21,0.0707070707070707,28.9816,10.647459710176319,0.0,46.0,0.8708129187081292,0.8695652173913043,26.3068,11.184890877357446,1.0,45.0,0.8205179482051795,27.6,13.334999895846352,4.5,48.2,0.8181818181818182,10,27.0437,10.283130096738962,1.0,45.0,0.8794120587941205,1.0,1.0,1.0,1.0
pelt_l2,daily,agent,monitor likely-scaffolding-issue (medium/high),goals and monitor,2,55,55,64,363,1.0,363,1.0,362.6686,1.785187029213726,359.0,363.0,0.9445055494450555,0.9454545454545454,362.57,2.349138532565612,358.0,363.0,0.9452054794520548,,,,,,,,,,,,1.0,1.0,,
pelt_l2,daily,agent,monitor emotional-or-erratic (medium/high),goals and monitor,2,60,60,64,363,1.0,363,1.0,362.6248,1.9926921594175604,359.0,363.0,0.946005399460054,0.9454545454545454,362.9319,0.9107937991304362,363.0,363.0,0.9913008699130087,,,,,,,,,,,,1.0,1.0,,
pelt_l2,daily,agent,monitor likely-scaffolding-issue (high),goals and monitor,2,4,4,64,363,0.28125,92,0.2534435261707989,103.7112,22.033386974638226,68.0,146.0,0.6006399360063993,0.6,93.7727,21.919682524119636,49.0,135.0,0.54994500549945,,,,,,,,,,,,1.0,1.0,,
pelt_l2,daily,agent,monitor emotional-or-erratic (high),goals and monitor,2,8,8,64,363,0.328125,125,0.3443526170798898,129.9414,25.213062802713782,92.0,180.0,0.47165283471652836,0.4727272727272727,166.2355,27.4776771584536,113.0,219.0,0.9346065393460654,,,,,,,,,,,,1.0,1.0,,
pelt_l2,daily,agent,all,summary,3,186,110,389,883,0.8123393316195373,674,0.7633069082672707,725.9052,50.408272261120345,629.0,800.0,0.7863213678632137,0.7845744680851063,803.8458,33.34551866025587,729.0,857.0,0.9982001799820018,727.2702702702703,51.241918119140436,640.475,794.225,0.8,74,803.6452,33.209995593807804,728.0,856.0,0.9991000899910009,,,,
pelt_l2,daily,agent,scaffolding,summary,3,126,88,389,883,0.7172236503856041,500,0.5662514156285391,644.9227,77.5035431746863,503.0,745.0,0.9864013598640136,0.9867021276595744,747.0666,43.24940248745122,652.0,821.0,1.0,648.3648648648649,78.1108405161913,498.95,745.35,0.9733333333333334,74,747.5281,42.6619644966271,654.975,819.0,1.0,,,,
pelt_l2,daily,agent,roster only,changelog categories,3,60,43,389,883,0.5089974293059126,474,0.5368063420158551,453.781,69.22660522723275,321.0,563.0,0.47655234476552344,0.48138297872340424,497.122,56.417619683757295,382.0,605.0,0.6693330666933307,454.14864864864865,65.99329198630669,340.65,551.9749999999999,0.48,74,496.304,56.38922377951168,383.0,603.0,0.6612338766123388,1.0,1.0,1.0,1.0
pelt_l2,daily,agent,prompt (goal pooled),changelog categories,3,55,49,389,883,0.5449871465295629,419,0.47451868629671573,490.4503,44.97314074254571,408.0,574.0,0.9445055494450555,0.9441489361702128,549.4473,56.200153633569755,434.0,652.0,0.9863013698630136,490.43243243243245,45.65567410042114,402.9,583.4,0.9066666666666666,74,550.6848,55.324574375344106,438.0,652.0,0.9881011898810119,1.0,1.0,1.0,1.0
pelt_l2,daily,agent,prompt without goal,changelog categories,3,39,36,389,883,0.480719794344473,330,0.3737259343148358,428.3159,61.6197598719004,294.0,545.0,0.9212078792120788,0.9228723404255319,448.1801,57.59133389811367,333.975,558.0,0.9785021497850215,429.55405405405406,60.82788246116552,292.6,549.625,0.9333333333333333,74,449.6556,57.43525806964701,336.0,558.0,0.9806019398060194,1.0,1.0,1.0,1.0
pelt_l2,daily,agent,tool,changelog categories,3,54,43,389,883,0.4910025706940874,395,0.44733861834654587,436.9533,93.45201253571106,267.0,572.0,0.6936306369363063,0.6888297872340425,515.4489,57.64720902923997,400.0,622.0,0.9794020597940206,436.8243243243243,92.53645828834658,279.375,573.4,0.68,74,515.6895,58.32325308086812,398.0,624.0,0.978002199780022,1.0,1.0,1.0,1.0
pelt_l2,daily,agent,memory,changelog categories,3,18,17,389,883,0.20822622107969152,207,0.23442808607021517,190.6674,35.155431552987196,121.0,252.0,0.33236676332366766,0.3271276595744681,240.767,49.36615047460424,146.0,339.0,0.7473252674732527,193.3108108108108,35.83100581083054,130.3,251.22499999999997,0.41333333333333333,74,244.7657,49.8635662687107,148.0,342.0,0.7743225677432257,1.0,1.0,1.0,1.0
pelt_l2,daily,agent,model,changelog categories,3,51,40,389,883,0.506426735218509,468,0.5300113250283126,453.9898,71.29516109778837,321.0,553.0,0.5583441655834417,0.5478723404255319,485.944,59.373883061485714,367.0,597.0,0.6266373362663734,452.81081081081084,69.77589874669421,332.0,547.9749999999999,0.5733333333333334,74,485.9035,59.16656704605737,366.0,596.0,0.632936706329367,1.0,1.0,1.0,1.0
pelt_l2,daily,agent,goal,changelog categories,3,16,15,389,883,0.18251928020565553,261,0.2955832389580974,164.7447,81.46296178831416,64.0,324.0,0.17748225177482252,0.17553191489361702,214.3735,46.58998455050229,126.0,307.0,0.1625837416258374,164.0,79.86049480273076,70.9,318.525,0.18666666666666668,74,214.9446,48.32029403802912,123.0,311.0,0.17528247175282471,1.0,1.0,1.0,1.0
pelt_l2,daily,agent,chat,changelog categories,3,29,25,389,883,0.32390745501285345,273,0.3091732729331823,292.7282,62.61277633786952,185.0,420.0,0.5896410358964104,0.5904255319148937,333.7318,54.11635174984241,229.0,439.0,0.8683131686831317,287.9054054054054,61.45655975975736,198.95,409.4,0.5866666666666667,74,332.1579,54.35997119422363,226.0,438.0,0.8622137786221378,1.0,1.0,1.0,1.0
pelt_l2,daily,agent,other,changelog categories,3,12,12,389,883,0.17480719794344474,179,0.20271800679501698,153.4402,43.52925112531059,72.0,232.0,0.30886911308869114,0.31117021276595747,175.7201,43.44842382116128,95.0,263.0,0.46515348465153483,150.3108108108108,43.258992469434226,75.775,219.54999999999993,0.32,74,174.7257,44.43322507605166,93.0,265.0,0.45395460453954606,1.0,1.0,1.0,1.0
pelt_l2,daily,agent,village goal transitions,goals and monitor,3,51,51,389,883,0.6503856041131105,526,0.5956964892412231,581.8771,106.52895680261656,408.0,734.0,0.6512348765123488,0.651595744680851,555.7492,55.17948692166043,443.0,660.0,0.7136286371362863,579.0,107.41967371654907,412.25,725.35,0.64,74,602.1374,47.879888989187954,502.975,689.0,0.936906309369063,1.0,1.0,1.0,1.0
pelt_l2,daily,agent,scaffolding + goal transitions,goals and monitor,3,177,118,389,883,0.8226221079691517,597,0.6761041902604756,736.9024,86.08644470435624,578.0,839.0,0.9224077592240776,0.9281914893617021,817.9961,30.850774087795294,747.0,866.0,1.0,737.8513513513514,87.56784961285773,575.425,835.525,0.9333333333333333,74,827.0539,27.18040603517953,764.0,868.0,1.0,1.0,1.0,1.0,1.0
pelt_l2,daily,agent,agent goal changes,goals and monitor,3,33,8,55,297,0.07897153351698806,26,0.08754208754208755,42.7279,9.012479351899056,19.0,57.0,0.9534046595340466,0.9523809523809523,37.0407,13.612302266233245,2.0,54.0,0.8607139286071392,45.5,7.387247699341654,37.175,56.65,1.0,8,39.129,12.418501556874395,3.0,54.0,0.9134086591340866,1.0,1.0,1.0,1.0
pelt_l2,daily,agent,monitor likely-scaffolding-issue (medium/high),goals and monitor,3,55,55,64,363,1.0,363,1.0,363.0,0.0,363.0,363.0,1.0,1.0,362.9876,0.33385234122074664,363.0,363.0,0.9981001899810019,,,,,,,,,,,,1.0,1.0,,
pelt_l2,daily,agent,monitor emotional-or-erratic (medium/high),goals and monitor,3,60,60,64,363,1.0,363,1.0,363.0,0.0,363.0,363.0,1.0,1.0,363.0,0.0,363.0,363.0,1.0,,,,,,,,,,,,1.0,1.0,,
pelt_l2,daily,agent,monitor likely-scaffolding-issue (high),goals and monitor,3,4,4,64,363,0.390625,133,0.36639118457300274,147.6429,24.191157491944864,105.0,191.0,0.6825317468253175,0.6862745098039216,125.99,27.02657106542292,72.0,176.0,0.41575842415758424,,,,,,,,,,,,1.0,1.0,,
pelt_l2,daily,agent,monitor emotional-or-erratic (high),goals and monitor,3,8,8,64,363,0.421875,181,0.4986225895316804,171.7789,26.834590071630146,133.0,217.0,0.33386661333866613,0.3333333333333333,211.2464,32.534085721184354,146.0,273.0,0.8252174782521747,,,,,,,,,,,,1.0,1.0,,
pelt_l2,daily,all,all,summary,0,186,110,389,1543,0.32904884318766064,623,0.4037589112119248,507.5815,55.06663228443442,403.0,612.0,0.016198380161983803,0.015463917525773196,501.7267,46.14041504906615,414.0,595.0,0.005499450054994501,507.10526315789474,48.92213648847004,437.625,612.25,0.025974025974025976,76,508.9379,45.24905293228939,423.0,601.0,0.007999200079992,,,,
pelt_l2,daily,all,scaffolding,summary,0,126,88,389,1543,0.2750642673521851,497,0.322099805573558,424.4498,56.04064717125898,328.0,540.0,0.11738826117388261,0.11855670103092783,419.032,44.88196982220714,335.0,509.0,0.04559544045595441,431.82894736842104,50.613144052481005,340.625,533.125,0.11688311688311688,76,434.704,45.00992971975559,349.0,525.0,0.0893910608939106,,,,
pelt_l2,daily,all,roster only,changelog categories,0,60,43,389,1543,0.11053984575835475,245,0.15878159429682437,170.163,30.540702422348524,114.97500000000002,231.0,0.009599040095990401,0.010309278350515464,170.3287,27.104319226316537,121.0,227.0,0.006199380061993801,171.52631578947367,32.29756386446116,116.25,228.125,0.012987012987012988,76,173.5646,25.94443559250849,126.0,227.0,0.005699430056994301,0.05759424057594241,0.037196280371962806,0.1168831168831169,0.0363963603639636
pelt_l2,daily,all,prompt (goal pooled),changelog categories,0,55,49,389,1543,0.14395886889460155,328,0.21257290991574854,221.2846,33.092994990960655,157.97500000000002,291.0,0.0017998200179982,0.002577319587628866,225.3356,31.94633671460545,167.0,291.0,0.0021997800219978004,231.75,30.378117124008856,188.5,300.0,0.012987012987012988,76,235.7051,32.60857043595422,175.0,302.0,0.0051994800519948,0.0143985601439856,0.015398460153984602,0.1168831168831169,0.0363963603639636
pelt_l2,daily,all,prompt without goal,changelog categories,0,39,36,389,1543,0.11053984575835475,221,0.14322747893713544,170.828,31.98021715731372,114.0,242.0,0.06679332066793321,0.06701030927835051,175.4698,29.729387339922777,121.0,236.0,0.07179282071792821,169.30263157894737,30.52213174592806,117.375,248.875,0.05194805194805195,76,172.864,28.924183045273445,120.97500000000002,233.02499999999964,0.05829417058294171,0.15658434156584342,0.18928107189281074,0.15584415584415584,0.140985901409859
pelt_l2,daily,all,tool,changelog categories,0,54,43,389,1543,0.15167095115681234,235,0.152300712896954,233.2447,54.37429611790696,154.0,348.0,0.43755624437556245,0.44587628865979384,232.845,39.56777648407337,163.0,315.0,0.46355364463553644,237.25,53.9748398175792,154.0,348.125,0.45454545454545453,76,242.5949,40.3575775709685,171.0,325.02499999999964,0.5505449455054494,0.43755624437556245,0.46355364463553644,0.45454545454545453,0.5505449455054494
pelt_l2,daily,all,memory,changelog categories,0,18,17,389,1543,0.04627249357326478,110,0.0712896953985742,71.5761,18.164905867372863,39.97500000000002,115.0,0.0331966803319668,0.03350515463917526,71.241,18.5135192235135,40.0,112.0,0.031296870312968704,65.35526315789474,16.91918354796781,40.875,103.375,0.012987012987012988,76,66.4492,16.782812208880962,37.0,103.0,0.011898810118988102,0.1327867213278672,0.12518748125187482,0.1168831168831169,0.059494050594940506
pelt_l2,daily,all,model,changelog categories,0,51,40,389,1543,0.13367609254498714,269,0.1743357096565133,206.4102,39.73492446679921,134.0,279.0,0.05219478052194781,0.04896907216494845,205.4313,37.97278332618448,140.0,284.0,0.06309369063093691,197.9078947368421,40.23636087970811,117.75,259.0,0.03896103896103896,76,200.4576,37.36443780336105,136.0,279.0,0.046995300469953004,0.15658434156584342,0.18928107189281074,0.15584415584415584,0.140985901409859
pelt_l2,daily,all,goal,changelog categories,0,16,15,389,1543,0.038560411311053984,137,0.08878807517822424,59.7881,24.88744134827215,21.0,110.0,0.00009999000099990002,0.0,59.4811,16.597101830407528,31.0,96.0,0.00019998000199980003,72.17105263157895,27.486427272574485,30.75,118.625,0.025974025974025976,76,73.6481,18.257979126129403,43.0,113.0,0.0011998800119988001,0.0008999100089991002,0.0017998200179982003,0.12987012987012989,0.010798920107989201
pelt_l2,daily,all,chat,changelog categories,0,29,25,389,1543,0.06940874035989718,166,0.10758263123784835,107.1373,26.7867803565525,60.0,158.0,0.0187981201879812,0.01804123711340206,106.5273,22.57889358125272,67.0,155.0,0.0105989401059894,114.64473684210526,24.568111552643966,74.875,167.625,0.05194805194805195,76,117.9904,22.405309808854753,77.97500000000002,165.0,0.024697530246975304,0.09399060093990601,0.052994700529947,0.15584415584415584,0.09879012098790121
pelt_l2,daily,all,other,changelog categories,0,12,12,389,1543,0.030848329048843187,112,0.07258587167854828,47.2354,15.294671606084055,19.0,77.0,0.0018998100189981002,0.002577319587628866,47.7732,15.264752308056053,23.0,82.0,0.000999900009999,52.19736842105263,15.759881333599019,22.625,82.0,0.012987012987012988,76,55.7659,15.587552545843652,29.0,89.0,0.0015998400159984002,0.0143985601439856,0.007999200079992,0.1168831168831169,0.012798720127987202
pelt_l2,daily,all,village goal transitions,goals and monitor,0,51,51,389,1543,0.13110539845758354,380,0.24627349319507452,202.1451,53.24708040021645,125.0,337.0,0.0031996800319968005,0.002577319587628866,202.4787,29.161323436847972,149.0,263.0,0.00009999000099990002,293.7894736842105,45.56235750104061,223.75,378.25,0.03896103896103896,76,300.8001,29.2724892664219,245.0,360.0,0.0040995900409959,0.022397760223977603,0.0006999300069993001,0.11688311688311688,0.0122987701229877
pelt_l2,daily,all,scaffolding + goal transitions,goals and monitor,0,177,118,389,1543,0.34704370179948585,679,0.440051847051199,534.4722,72.81516072854053,402.0,676.0,0.018098190180981903,0.020618556701030927,531.3736,46.32683499446148,443.0,624.0,0.0008999100089991,600.2236842105264,68.57435841171937,489.625,725.25,0.22077922077922077,76,603.2461,44.03037363196248,521.0,690.0,0.0446955304469553,0.10858914108589142,0.0053994600539946005,0.36363636363636365,0.0893910608939106
pelt_l2,daily,all,agent goal changes,goals and monitor,0,33,8,55,378,0.027994227994227995,24,0.06349206349206349,10.3548,5.660275685166157,0.0,20.0,0.018998100189981004,0.018518518518518517,10.5592,5.823923691869329,2.0,25.0,0.0364963503649635,11.5,7.05927286151579,3.675,25.850000000000005,0.18181818181818182,10,12.5466,7.025920921593101,2.0,30.0,0.10238976102389762,0.10858914108589142,0.145985401459854,0.36363636363636365,0.10238976102389762
pelt_l2,daily,all,monitor likely-scaffolding-issue (medium/high),goals and monitor,0,55,55,64,483,0.859375,388,0.8033126293995859,381.6796,14.253549038959406,356.0,410.0,0.35376462353764626,0.3492063492063492,381.2648,15.639576100203593,347.0,408.0,0.37346265373462656,,,,,,,,,,,,0.569043095690431,0.581041895810419,,
pelt_l2,daily,all,monitor emotional-or-erratic (medium/high),goals and monitor,0,60,60,64,483,0.9375,434,0.8985507246376812,416.0621,11.852092254073959,390.0,438.0,0.08149185081491851,0.07936507936507936,416.2422,10.703457177919475,391.0,433.0,0.022997700229977002,,,,,,,,,,,,0.32596740325967405,0.11498850114988501,,
pelt_l2,daily,all,monitor likely-scaffolding-issue (high),goals and monitor,0,4,4,64,483,0.0625,37,0.07660455486542443,27.6609,10.693977150935496,12.0,53.0,0.18968103189681032,0.19047619047619047,27.6685,10.700395207456573,11.0,52.0,0.19368063193680632,,,,,,,,,,,,0.569043095690431,0.581041895810419,,
pelt_l2,daily,all,monitor emotional-or-erratic (high),goals and monitor,0,8,8,64,483,0.125,65,0.13457556935817805,55.2884,15.219014004814106,31.0,88.0,0.2673732626737326,0.2698412698412698,55.6798,14.62147224820642,31.0,87.0,0.2628737126287371,,,,,,,,,,,,0.569043095690431,0.581041895810419,,
pelt_l2,daily,all,all,summary,1,186,110,389,1543,0.5886889460154242,980,0.6351263771872975,912.6642,66.99328808488833,775.0,1029.0,0.16078392160783922,0.16145833333333334,1008.6259,57.596712469712465,896.0,1119.0,0.6988301169883012,911.3815789473684,57.55923722108976,813.5,1013.625,0.14285714285714285,76,1013.974,56.94227222579569,900.0,1125.0,0.7325267473252675,,,,
pelt_l2,daily,all,scaffolding,summary,1,126,88,389,1543,0.5038560411311054,786,0.509397278029812,781.7403,78.77227280589472,632.0,914.0,0.5385461453854614,0.5416666666666666,871.1582,59.30104581003118,754.975,983.0249999999996,0.9242075792420757,782.1578947368421,70.55079543734503,659.5,901.75,0.5454545454545454,76,878.5526,58.003453977391125,762.0,990.0,0.9453054694530547,,,,
pelt_l2,daily,all,roster only,changelog categories,1,60,43,389,1543,0.2827763496143959,548,0.35515230071289694,440.3893,57.509893794880455,316.0,540.0999999999985,0.020897910208979104,0.018229166666666668,457.7847,49.871868485516195,362.0,557.0,0.0402959704029597,445.85526315789474,54.877488753858124,352.25,536.0,0.025974025974025976,76,460.5047,49.09007192321216,367.0,557.0,0.0400959904009599,0.16718328167183283,0.2820717928207179,0.2077922077922078,0.31596840315968405
pelt_l2,daily,all,prompt (goal pooled),changelog categories,1,55,49,389,1543,0.32390745501285345,570,0.3694102397926118,503.0035,49.188759296755144,414.0,600.0,0.0993900609939006,0.10416666666666667,537.7553,53.4492310883926,434.0,643.0,0.28017198280171984,500.30263157894734,47.60672774215626,414.0,585.625,0.11688311688311688,76,544.0818,53.37394108100555,441.0,649.0,0.31996800319968005,0.4775522447755224,1.0,0.4675324675324675,1.0
pelt_l2,daily,all,prompt without goal,changelog categories,1,39,36,389,1543,0.2544987146529563,400,0.2592352559948153,392.778,52.51622522031776,293.0,498.0,0.4517548245175482,0.453125,417.3882,49.90120152612936,323.0,517.0,0.6325367463253675,388.0,53.2330724268288,288.875,490.125,0.4025974025974026,76,419.7602,49.39888582703151,324.0,519.0,0.652934706529347,0.9035096490350965,1.0,0.8051948051948052,1.0
pelt_l2,daily,all,tool,changelog categories,1,54,43,389,1543,0.30077120822622105,452,0.2929358392741413,465.0979,81.45311888839902,329.0,617.0,0.5686431356864313,0.5703125,509.0175,56.86725052407771,398.0,621.0,0.8434156584341566,463.2368421052632,80.54478976255844,332.625,603.0,0.5194805194805194,76,511.1881,56.09513334317406,404.0,622.0,0.8557144285571443,0.9035096490350965,1.0,0.8051948051948052,1.0
pelt_l2,daily,all,memory,changelog categories,1,18,17,389,1543,0.10539845758354756,208,0.13480233311730394,165.3304,30.082505406849933,111.0,230.0,0.0795920407959204,0.0859375,197.2401,35.80415961553319,132.0,271.0,0.3775622437756224,165.8684210526316,29.299074891089724,118.75,226.75,0.07792207792207792,76,194.2271,34.565549370874045,132.0,265.0,0.33936606339366066,0.4775522447755224,1.0,0.38961038961038963,1.0
pelt_l2,daily,all,model,changelog categories,1,51,40,389,1543,0.29562982005141386,587,0.38042773817239145,459.6851,62.76109649706059,340.0,573.0,0.007699230076992301,0.0078125,466.8885,54.73565626679464,363.0,575.0,0.0156984301569843,468.55263157894734,59.63676600595578,368.875,558.125,0.012987012987012988,76,472.9516,54.596012032867286,368.0,583.0,0.022297770222977704,0.06929307069293071,0.1412858714128587,0.1168831168831169,0.20067993200679934
pelt_l2,daily,all,goal,changelog categories,1,16,15,389,1543,0.09768637532133675,241,0.1561892417368762,153.9707,53.056514594195576,75.0,265.0,0.0806919308069193,0.08072916666666667,172.0085,33.475174181453454,110.0,242.0,0.028197180281971802,157.78947368421052,52.67467849342761,77.875,261.625,0.06493506493506493,76,180.4876,32.46892467186024,121.0,248.0,0.03949605039496051,0.4775522447755224,0.22557744225577442,0.3896103896103896,0.31596840315968405
pelt_l2,daily,all,chat,changelog categories,1,29,25,389,1543,0.16966580976863757,326,0.21127673363577446,265.4805,52.78469515071784,172.0,371.0,0.1456854314568543,0.140625,286.4132,41.96791389072888,206.0,372.0,0.17698230176982302,271.11842105263156,49.79717986801078,182.875,373.25,0.16883116883116883,76,296.8524,42.396758870888654,217.0,381.02499999999964,0.24727527247275272,0.4775522447755224,0.8849115088491151,0.5064935064935066,1.0
pelt_l2,daily,all,other,changelog categories,1,12,12,389,1543,0.08740359897172235,191,0.1237848347375243,134.3045,33.448056101897755,69.0,200.0,0.0392960703929607,0.036458333333333336,138.8268,30.422231229403565,84.0,202.0,0.054094590540945904,132.02631578947367,30.855350128931406,80.375,187.0,0.03896103896103896,76,140.5297,31.570023512003516,83.0,207.0,0.06509349065093491,0.27507249275072493,0.32456754324567544,0.2727272727272727,0.39056094390560947
pelt_l2,daily,all,village goal transitions,goals and monitor,1,51,51,389,1543,0.37532133676092544,668,0.43292287751134156,583.3629,88.53947101368259,412.92500000000007,747.0,0.19158084191580843,0.19010416666666666,531.1349,52.14823914452517,431.0,635.0,0.0051994800519948,610.6973684210526,80.78283971848512,465.0,739.125,0.3116883116883117,76,617.2901,44.90344723901935,531.0,705.0,0.13358664133586642,1.0,0.0363963603639636,0.6233766233766234,0.26717328267173285
pelt_l2,daily,all,scaffolding + goal transitions,goals and monitor,1,177,118,389,1543,0.6401028277634961,993,0.6435515230071289,991.5539,97.65147349537324,796.0,1141.0,0.5762423757624238,0.578125,1052.4165,56.34618990723069,940.0,1160.0,0.8552144785521448,1002.25,88.58368924356222,852.375,1129.625,0.5584415584415584,76,1095.071,52.03751098251074,990.0,1194.0,0.9726027397260274,1.0,1.0,0.6233766233766234,0.9726027397260274
pelt_l2,daily,all,agent goal changes,goals and monitor,1,33,8,55,378,0.06589706589706588,52,0.13756613756613756,30.3561,11.635601897330078,5.0,53.0,0.0415958404159584,0.04,30.3362,10.973514084427837,8.0,55.0,0.0408959104089591,30.0,9.285592184789413,9.95,37.0,0.09090909090909091,10,31.3632,8.84597710211196,10.0,47.0,0.0032996700329967,0.2911708829117088,0.24537546245375463,0.2727272727272727,0.0098990100989901
pelt_l2,daily,all,monitor likely-scaffolding-issue (medium/high),goals and monitor,1,55,55,64,483,1.0,480,0.9937888198757764,473.4763,9.006650336558453,449.0,480.0,0.48905109489051096,0.4915254237288136,473.1954,9.401726335402907,448.0,480.0,0.47635236476352366,,,,,,,,,,,,1.0,1.0,,
pelt_l2,daily,all,monitor emotional-or-erratic (medium/high),goals and monitor,1,60,60,64,483,1.0,480,0.9937888198757764,476.5398,7.502362594839737,453.0,480.0,0.7459254074592541,0.7457627118644068,477.5168,5.6034148147142,462.0,480.0,0.7570242975702429,,,,,,,,,,,,1.0,1.0,,
pelt_l2,daily,all,monitor likely-scaffolding-issue (high),goals and monitor,1,4,4,64,483,0.171875,70,0.14492753623188406,81.9237,20.217634717873366,44.0,126.0,0.6931306869313069,0.6949152542372882,78.1194,20.75011808111072,39.0,120.02499999999964,0.6519348065193481,,,,,,,,,,,,1.0,1.0,,
pelt_l2,daily,all,monitor emotional-or-erratic (high),goals and monitor,1,8,8,64,483,0.234375,114,0.2360248447204969,117.717,26.32707394455845,83.0,170.0,0.49945005499450057,0.5084745762711864,147.5245,27.330234062652885,95.0,200.0,0.8929107089291071,,,,,,,,,,,,1.0,1.0,,
pelt_l2,daily,all,all,summary,2,186,110,389,1543,0.7326478149100257,1129,0.7316915100453661,1139.2278,63.738245689353235,1025.0,1249.0,0.5694430556944305,0.5657894736842105,1270.0357,56.08677917468446,1152.0,1372.0,0.9908009199080092,1136.078947368421,58.745726234996816,1027.375,1221.125,0.5974025974025974,76,1270.2965,56.656815893842136,1149.975,1372.0,0.9886011398860114,,,,
pelt_l2,daily,all,scaffolding,summary,2,126,88,389,1543,0.6349614395886889,900,0.5832793259883344,988.8017,85.35545051373838,828.0,1113.0,0.7796220377962204,0.7842105263157895,1143.5142,64.32887235714516,1013.0,1262.0,1.0,984.2631578947369,86.62230173514635,816.875,1109.375,0.7922077922077922,76,1143.4408,63.28694035140192,1012.0,1260.0,0.9998000199980002,,,,
pelt_l2,daily,all,roster only,changelog categories,2,60,43,389,1543,0.41645244215938304,712,0.46143875567077125,648.3508,73.03460374845933,501.0,768.0,0.20457954204579543,0.20789473684210527,686.7707,64.73998955927328,557.975,810.0249999999996,0.35966403359664034,651.3421052631579,72.59854041353337,530.25,754.625,0.24675324675324675,76,686.8093,64.69659263376892,558.0,811.0,0.35636436356364365,1.0,1.0,1.0,1.0
pelt_l2,daily,all,prompt (goal pooled),changelog categories,2,55,49,389,1543,0.4498714652956298,717,0.4646791963707064,702.5413,54.158737163925075,603.0,800.0,0.39666033396660333,0.39473684210526316,777.0231,67.30876178723935,643.0,906.0,0.813018698130187,698.7763157894736,57.08510574787099,594.875,793.375,0.4155844155844156,76,776.0997,66.94878321424062,644.0,905.0,0.8103189681031897,1.0,1.0,1.0,1.0
pelt_l2,daily,all,prompt without goal,changelog categories,2,39,36,389,1543,0.37532133676092544,554,0.3590408295528192,580.5539,64.85449950003886,455.0,709.0,0.6783321667833216,0.6789473684210526,617.6252,64.58095535790326,492.0,744.0,0.8406159384061593,581.9473684210526,69.71272380024412,456.125,709.0,0.7012987012987013,76,617.9162,64.79755743780001,492.0,745.0,0.8365163483651635,1.0,1.0,1.0,1.0
pelt_l2,daily,all,tool,changelog categories,2,54,43,389,1543,0.4087403598971722,586,0.3797796500324044,631.2216,96.92054917676266,459.0,805.0,0.6565343465653435,0.6552631578947369,725.4378,69.6358689655314,588.0,860.0,0.9778022197780222,633.3947368421053,95.64951004542483,472.25,798.25,0.6493506493506493,76,724.4307,68.49461401252563,589.0,860.0,0.978002199780022,1.0,1.0,1.0,1.0
pelt_l2,daily,all,memory,changelog categories,2,18,17,389,1543,0.15938303341902313,278,0.18016850291639663,253.7345,38.184318953876826,175.0,325.0,0.2623737626237376,0.25526315789473686,313.4937,50.14109465545527,218.0,413.0,0.7588241175882412,254.35526315789474,36.80931184627731,185.75,333.25,0.19480519480519481,76,314.1065,49.16737842167392,222.0,414.0,0.7661233876612339,1.0,1.0,1.0,1.0
pelt_l2,daily,all,model,changelog categories,2,51,40,389,1543,0.41645244215938304,723,0.46856772521062867,648.2754,75.44922539961122,508.0,774.0,0.1404859514048595,0.1394736842105263,678.9862,67.24055724645567,547.0,811.0,0.2578742125787421,651.3815789473684,71.31936943173538,519.125,763.125,0.15584415584415584,76,678.3813,66.77052299169192,549.0,808.0,0.257974202579742,1.0,1.0,1.0,1.0
pelt_l2,daily,all,goal,changelog categories,2,16,15,389,1543,0.14652956298200515,327,0.2119248217757615,231.055,74.37967066706368,131.0,386.0,0.14958504149585042,0.15526315789473685,276.1786,47.10541576145365,187.0,373.0,0.14208579142085792,234.0921052631579,74.72459258398206,131.25,384.625,0.16883116883116883,76,280.8533,46.220820152086795,194.0,374.0,0.16398360163983602,1.0,1.0,1.0,1.0
pelt_l2,daily,all,chat,changelog categories,2,29,25,389,1543,0.2519280205655527,403,0.26117952041477643,396.2596,64.6965792957963,278.0,522.0,0.43155684431556846,0.43157894736842106,443.72,57.89129589337262,331.0,559.0,0.7606239376062394,391.19736842105266,60.66608492105884,284.75,509.375,0.42857142857142855,76,446.6637,57.484384381802116,334.0,558.0249999999996,0.7766223377662234,1.0,1.0,1.0,1.0
pelt_l2,daily,all,other,changelog categories,2,12,12,389,1543,0.13367609254498714,265,0.17174335709656513,205.3901,43.913352869554664,114.0,287.0,0.09249075092490751,0.08947368421052632,224.9604,43.00469011837218,146.0,314.0,0.17548245175482452,204.18421052631578,45.0992122699324,132.375,284.0,0.1038961038961039,76,225.7754,44.87999527893941,142.0,317.0,0.1962803719628037,0.8324167583241676,1.0,0.9350649350649352,1.0
pelt_l2,daily,all,village goal transitions,goals and monitor,2,51,51,389,1543,0.5886889460154242,914,0.592352559948153,917.6586,113.46888721088476,713.0,1091.0,0.5495450454954505,0.5473684210526316,781.4602,65.94152594871038,650.975,909.0,0.021097890210978902,915.2105263157895,115.10543755351424,708.25,1094.25,0.5454545454545454,76,896.7846,60.832430999477005,776.0,1013.0,0.40015998400159986,1.0,0.1476852314768523,1.0,0.8003199680031997
pelt_l2,daily,all,scaffolding + goal transitions,goals and monitor,2,177,118,389,1543,0.7840616966580977,1126,0.729747245625405,1219.1524,99.42333063274138,1033.0,1350.0,0.7396260373962604,0.7421052631578947,1306.8928,53.07456075239725,1196.0,1402.0,0.999000099990001,1211.157894736842,101.49089320480323,1029.375,1333.75,0.7532467532467533,76,1339.2944,49.567870904675765,1233.0,1427.0,0.9998000199980002,1.0,1.0,1.0,0.9998000199980002
pelt_l2,daily,all,agent goal changes,goals and monitor,2,33,8,55,378,0.10024050024050025,63,0.16666666666666666,50.6213,14.46087818943929,8.0,72.0,0.12758724127587243,0.13043478260869565,49.1369,14.963854786952743,15.0,78.0,0.1561843815618438,49.9,17.284868141431296,15.325000000000001,65.775,0.36363636363636365,10,49.6514,13.787468493844216,16.975000000000023,74.0,0.18858114188581143,0.893110688931107,0.9371062893710629,1.0,0.5657434256574343
pelt_l2,daily,all,monitor likely-scaffolding-issue (medium/high),goals and monitor,2,55,55,64,483,1.0,483,1.0,482.5815,2.346211461233212,479.0,483.0,0.9474052594740526,0.9454545454545454,482.4291,3.053801853522271,476.0,483.0,0.943005699430057,,,,,,,,,,,,1.0,1.0,,
pelt_l2,daily,all,monitor emotional-or-erratic (medium/high),goals and monitor,2,60,60,64,483,1.0,483,1.0,482.5126,2.573072737085182,479.0,483.0,0.9424057594240576,0.9454545454545454,482.9402,0.8882020323580826,483.0,483.0,0.9916008399160084,,,,,,,,,,,,1.0,1.0,,
pelt_l2,daily,all,monitor likely-scaffolding-issue (high),goals and monitor,2,4,4,64,483,0.28125,126,0.2608695652173913,135.49,27.566528460238423,93.0,195.0,0.6144385561443856,0.6181818181818182,124.1275,28.636914132551077,68.0,180.0,0.48335166483351666,,,,,,,,,,,,1.0,1.0,,
pelt_l2,daily,all,monitor emotional-or-erratic (high),goals and monitor,2,8,8,64,483,0.328125,164,0.33954451345755693,172.5174,33.33015432245575,127.0,239.0,0.49555044495550443,0.4909090909090909,221.1499,36.847339152647955,148.0,293.0,0.9377062293770623,,,,,,,,,,,,1.0,1.0,,
pelt_l2,daily,all,all,summary,3,186,110,389,1543,0.8123393316195373,1221,0.7913156189241737,1266.277,58.61738710320583,1162.0,1362.0,0.7312268773122688,0.7393617021276596,1404.4237,49.048789553725676,1296.0,1487.0,0.9994000599940006,1269.5945945945946,60.719638428841826,1168.6,1363.35,0.72,74,1405.3811,48.74657614293096,1298.0,1489.0,0.9993000699930007,,,,
pelt_l2,daily,all,scaffolding,summary,3,126,88,389,1543,0.7172236503856041,985,0.6383668178872327,1123.824,85.89060684169348,957.0,1240.0,0.9316068393160684,0.925531914893617,1305.0366,61.323702759145334,1174.0,1413.0,1.0,1129.1891891891892,89.14428441111183,954.95,1244.875,0.9066666666666666,74,1306.8417,60.31736615250999,1179.0,1414.0,1.0,,,,
pelt_l2,daily,all,roster only,changelog categories,3,60,43,389,1543,0.5089974293059126,803,0.5204147764095917,796.8697,78.58094819007877,648.0,924.0,0.5508449155084492,0.5425531914893617,867.952,74.65093818738801,719.0,1011.0,0.8101189881011899,794.5135135135135,75.91293557415703,657.65,915.5749999999999,0.5466666666666666,74,868.9455,75.09315300287231,719.0,1011.0,0.8096190380961904,1.0,1.0,1.0,1.0
pelt_l2,daily,all,prompt (goal pooled),changelog categories,3,55,49,389,1543,0.5449871465295629,819,0.5307841866493843,854.4209,56.208058833033704,748.0,958.0,0.7065293470652935,0.7074468085106383,960.0263,75.89095830245661,805.0,1101.0,0.9645035496450355,854.4594594594595,56.56447144489905,745.1,971.275,0.76,74,964.2795,75.85373793496186,810.0,1106.0,0.9677032296770323,1.0,1.0,1.0,1.0
pelt_l2,daily,all,prompt without goal,changelog categories,3,39,36,389,1543,0.480719794344473,695,0.4504212572909916,744.1244,72.43593183677632,595.0,882.0,0.7902209779022098,0.7845744680851063,784.6185,75.97456660769525,634.0,930.0,0.8817118288171183,747.9459459459459,71.92726384834451,598.375,891.275,0.8,74,786.8213,74.90762765952583,639.0,932.0,0.8892110788921108,1.0,1.0,1.0,1.0
pelt_l2,daily,all,tool,changelog categories,3,54,43,389,1543,0.49100257069408737,734,0.4756966947504861,760.1385,105.96626917453628,571.0,929.0249999999996,0.6222377762223777,0.6196808510638298,899.6178,77.77937314126814,742.0,1049.0,0.981001899810019,761.8783783783783,103.68114354163656,573.65,922.275,0.6266666666666667,74,900.2403,78.0122345967905,743.975,1049.0249999999996,0.9816018398160185,1.0,1.0,1.0,1.0
pelt_l2,daily,all,memory,changelog categories,3,18,17,389,1543,0.20822622107969152,361,0.2339598185353208,332.2031,43.47147601948583,247.0,414.0,0.284971502849715,0.2845744680851064,420.75,62.455425449009645,302.0,545.0,0.83001699830017,336.36486486486484,44.55274673645061,255.775,412.275,0.3333333333333333,74,426.6261,62.379084746502826,308.0,552.0249999999996,0.8512148785121488,1.0,1.0,1.0,1.0
pelt_l2,daily,all,model,changelog categories,3,51,40,389,1543,0.506426735218509,804,0.5210628645495787,791.1892,81.53414735605266,638.0,918.0,0.5532446755324467,0.5558510638297872,850.7741,78.03666985061662,694.0,1003.0,0.7304269573042695,791.3108108108108,80.13993338293494,652.3,918.05,0.56,74,848.3792,78.09174117257173,690.0,996.0,0.7164283571642835,1.0,1.0,1.0,1.0
pelt_l2,daily,all,goal,changelog categories,3,16,15,389,1543,0.18251928020565553,409,0.2650680492546986,288.9229,88.8395508890619,167.0,462.0,0.14808519148085192,0.15159574468085107,374.1161,59.01549036990509,262.975,490.0,0.28187181281871815,287.6216216216216,86.96601488673335,165.825,451.35,0.17333333333333334,74,374.2407,58.079081272676376,261.975,491.0,0.27957204279572045,1.0,1.0,1.0,1.0
pelt_l2,daily,all,chat,changelog categories,3,29,25,389,1543,0.32390745501285345,499,0.3233959818535321,510.2793,73.57391795772715,376.0,646.0,0.5402459754024598,0.5425531914893617,582.2932,70.12581262787386,446.0,721.0,0.8848115188481152,500.6081081081081,71.80506670556676,394.125,644.35,0.49333333333333335,74,577.1851,69.54964811805546,440.0,713.0,0.8696130386961304,1.0,1.0,1.0,1.0
pelt_l2,daily,all,other,changelog categories,3,12,12,389,1543,0.1748071979434447,321,0.20803629293583928,267.3959,52.047867019082766,171.0,361.0,0.18368163183681632,0.18617021276595744,305.4613,54.18054499038881,202.97500000000002,414.0,0.38096190380961903,263.02702702702703,52.548209560618304,167.0,351.49999999999994,0.18666666666666668,74,303.4745,55.40142671049326,195.0,411.02499999999964,0.37806219378062195,1.0,1.0,1.0,1.0
pelt_l2,daily,all,village goal transitions,goals and monitor,3,51,51,389,1543,0.6503856041131105,965,0.6254050550874919,1017.4514,117.0496736460639,814.0,1190.0,0.6644335566443356,0.6595744680851063,970.366,74.14066581730152,821.0,1112.0,0.5396460353964604,1009.9324324324324,116.79924599600419,815.6,1170.225,0.64,74,1051.2817,62.79152190090843,925.0,1168.0,0.9109089091090891,1.0,1.0,1.0,1.0
pelt_l2,daily,all,scaffolding + goal transitions,goals and monitor,3,177,118,389,1543,0.8226221079691516,1160,0.7517822423849644,1284.0585,94.50823169616409,1108.0,1396.0,0.8347165283471653,0.8404255319148937,1430.5181,44.306206973601775,1331.0,1503.0,1.0,1285.1756756756756,96.9372566611479,1100.825,1393.0,0.8266666666666667,74,1444.3254,40.22334777974928,1355.0,1510.0,1.0,1.0,1.0,1.0,1.0
pelt_l2,daily,all,agent goal changes,goals and monitor,3,33,8,55,378,0.13189033189033186,70,0.18518518518518517,71.5288,11.012279400276718,45.0,87.0,0.5673432656734326,0.5714285714285714,66.4805,17.35528566011042,22.0,93.0,0.48925107489251074,74.25,9.498120114753535,61.525,86.825,0.6666666666666666,8,67.4406,16.074884504443045,22.0,88.0,0.5388461153884612,1.0,1.0,1.0,1.0
pelt_l2,daily,all,monitor likely-scaffolding-issue (medium/high),goals and monitor,3,55,55,64,483,1.0,483,1.0,483.0,0.0,483.0,483.0,1.0,1.0,482.9869,0.4272547772283728,483.0,483.0,0.9988001199880012,,,,,,,,,,,,1.0,1.0,,
pelt_l2,daily,all,monitor emotional-or-erratic (medium/high),goals and monitor,3,60,60,64,483,1.0,483,1.0,483.0,0.0,483.0,483.0,1.0,1.0,482.9983,0.17000000000000004,483.0,483.0,0.9999000099990001,,,,,,,,,,,,1.0,1.0,,
pelt_l2,daily,all,monitor likely-scaffolding-issue (high),goals and monitor,3,4,4,64,483,0.390625,184,0.38095238095238093,192.7312,30.59109556836445,141.0,248.0,0.6284371562843716,0.6274509803921569,165.3186,35.44725863666308,94.0,230.0,0.3233676632336766,,,,,,,,,,,,1.0,1.0,,
pelt_l2,daily,all,monitor emotional-or-erratic (high),goals and monitor,3,8,8,64,483,0.421875,239,0.494824016563147,226.5616,35.988547108660825,175.0,286.0,0.35506449355064496,0.35294117647058826,280.212,43.04474812371543,193.0,363.0,0.8335166483351665,,,,,,,,,,,,1.0,1.0,,
pelt_l2,daily,external,all,summary,0,186,110,389,9,0.32904884318766064,1,0.1111111111111111,2.9804,2.0380949985519106,0.0,7.0,0.9111088891110889,0.9123711340206185,2.9263,1.8914613590045293,0.0,7.0,0.924007599240076,2.736842105263158,2.2112947703559356,0.0,7.0,0.8441558441558441,76,2.7266,1.88616229440101,0.0,7.0,0.9002099790020998,,,,
pelt_l2,daily,external,scaffolding,summary,0,126,88,389,9,0.2750642673521851,0,0.0,2.4994,1.9369498747984546,0.0,6.0,1.0,1.0,2.4445,1.8190796175718933,0.0,6.0,1.0,2.4078947368421053,2.0276596136363545,0.0,7.0,1.0,76,2.3787,1.8264774600282367,0.0,6.0,1.0,,,,
pelt_l2,daily,external,roster only,changelog categories,0,60,43,389,9,0.11053984575835475,1,0.1111111111111111,1.0071,1.2749949612508755,0.0,4.0,0.5323467653234677,0.5309278350515464,0.9856,1.1983055677177514,0.0,4.0,0.5592440755924407,0.868421052631579,1.3300837593992132,0.0,4.125,0.44155844155844154,76,0.8672,1.176988823340743,0.0,4.0,0.49345065493450657,1.0,1.0,1.0,1.0
pelt_l2,daily,external,prompt (goal pooled),changelog categories,0,55,49,389,9,0.14395886889460155,0,0.0,1.2941,1.4250643041024789,0.0,5.0,1.0,1.0,1.3488,1.4286156425944057,0.0,5.0,1.0,1.1578947368421053,1.3861470011409074,0.0,4.125,1.0,76,1.1398,1.3576598557917232,0.0,4.0,1.0,1.0,1.0,1.0,1.0
pelt_l2,daily,external,prompt without goal,changelog categories,0,39,36,389,9,0.11053984575835475,0,0.0,0.9991,1.305936344916435,0.0,5.0,1.0,1.0,1.0245,1.2881248683911264,0.0,4.0,1.0,0.7631578947368421,1.117955527471245,0.0,4.0,1.0,76,0.7475,1.1186907065358545,0.0,4.0,1.0,1.0,1.0,1.0,1.0
pelt_l2,daily,external,tool,changelog categories,0,54,43,389,9,0.15167095115681234,0,0.0,1.3534,1.7166255038044935,0.0,6.0,1.0,1.0,1.3761,1.5464436422947585,0.0,5.0,1.0,1.25,1.797220075561143,0.0,6.125,1.0,76,1.2474,1.530760452440641,0.0,5.0,1.0,1.0,1.0,1.0,1.0
pelt_l2,daily,external,memory,changelog categories,0,18,17,389,9,0.04627249357326478,0,0.0,0.4188,0.8337122210971605,0.0,3.0,1.0,1.0,0.4188,0.8171127996382955,0.0,3.0,1.0,0.5,0.8082903768654761,0.0,2.125,1.0,76,0.497,0.7961497255155866,0.0,3.0,1.0,1.0,1.0,1.0,1.0
pelt_l2,daily,external,model,changelog categories,0,51,40,389,9,0.13367609254498714,1,0.1111111111111111,1.208,1.4774147269563622,0.0,5.0,0.5656434356564344,0.5747422680412371,1.2046,1.4456651876501274,0.0,5.0,0.5909409059094091,1.0526315789473684,1.4037543644774444,0.0,4.125,0.5064935064935064,76,1.0747,1.3991839341445274,0.0,5.0,0.5463453654634537,1.0,1.0,1.0,1.0
pelt_l2,daily,external,goal,changelog categories,0,16,15,389,9,0.038560411311053984,0,0.0,0.336,0.8448522814893464,0.0,3.0,1.0,1.0,0.3545,0.7578173782105236,0.0,3.0,1.0,0.4868421052631579,1.0769515130234548,0.0,4.0,1.0,76,0.487,0.987384673189373,0.0,3.0,1.0,1.0,1.0,1.0,1.0
pelt_l2,daily,external,chat,changelog categories,0,29,25,389,9,0.06940874035989718,0,0.0,0.6394,1.037147630533258,0.0,4.0,1.0,1.0,0.6159,0.9871497538183588,0.0,4.0,1.0,0.8026315789473685,1.0956853178670751,0.0,3.125,1.0,76,0.7896,1.1938485529734262,0.0,4.0,1.0,1.0,1.0,1.0,1.0
pelt_l2,daily,external,other,changelog categories,0,12,12,389,9,0.030848329048843184,0,0.0,0.2786,0.6836876354581,0.0,3.0,1.0,1.0,0.2666,0.6502051343012197,0.0,3.0,1.0,0.25,0.7681145747868608,0.0,3.0,1.0,76,0.2543,0.783640810124083,0.0,3.0,1.0,1.0,1.0,1.0,1.0
pelt_l2,daily,external,village goal transitions,goals and monitor,0,51,51,389,9,0.13110539845758354,3,0.3333333333333333,1.1474,1.3878277438445517,0.0,4.0,0.22347765223477653,0.22938144329896906,1.1738,1.2942801381878697,0.0,4.0,0.15528447155284472,1.6842105263157894,1.5681031115398798,0.0,4.0,0.5064935064935064,76,1.7249,1.550696764698245,0.0,4.0,0.5151484851514848,1.0,0.9317068293170683,1.0,1.0
pelt_l2,daily,external,scaffolding + goal transitions,goals and monitor,0,177,118,389,9,0.34704370179948585,3,0.3333333333333333,3.1046,2.1806729175732302,0.0,8.0,0.5505449455054494,0.5515463917525774,3.0996,1.8958479010528224,0.0,7.0,0.5678432156784322,3.3947368421052633,2.2749590318269974,0.0,7.0,0.6233766233766234,76,3.3476,1.8510853280411383,0.0,7.0,0.6782321767823217,1.0,1.0,1.0,1.0
pelt_l2,daily,external,monitor likely-scaffolding-issue (medium/high),goals and monitor,0,55,55,64,9,0.859375,7,0.7777777777777778,7.752,1.1434276289622651,5.0,9.0,0.8424157584241576,0.8412698412698413,7.7334,1.2927844248585747,5.0,9.0,0.8297170282971703,,,,,,,,,,,,1.0,1.0,,
pelt_l2,daily,external,monitor emotional-or-erratic (medium/high),goals and monitor,0,60,60,64,9,0.9375,8,0.8888888888888888,8.4361,0.989451712550515,5.0,9.0,0.8706129387061294,0.873015873015873,8.4457,0.8955063948237986,6.0,9.0,0.8993100689931007,,,,,,,,,,,,1.0,1.0,,
pelt_l2,daily,external,monitor likely-scaffolding-issue (high),goals and monitor,0,4,4,64,9,0.0625,0,0.0,0.5654,0.870516295000838,0.0,3.0,1.0,1.0,0.5481,0.878728403069251,0.0,3.0,1.0,,,,,,,,,,,,1.0,1.0,,
pelt_l2,daily,external,monitor emotional-or-erratic (high),goals and monitor,0,8,8,64,9,0.125,0,0.0,1.1451,1.3788531878381256,0.0,5.0,1.0,1.0,1.1049,1.2214930186126534,0.0,4.0,1.0,,,,,,,,,,,,1.0,1.0,,
pelt_l2,daily,external,all,summary,1,186,110,389,9,0.5886889460154242,4,0.4444444444444444,5.3642,2.293966998118946,1.0,9.0,0.7457254274572542,0.7395833333333334,5.88,2.1136808568647414,2.0,9.0,0.8366163383661633,5.315789473684211,2.316379510159706,1.0,9.0,0.7792207792207793,76,5.7599,2.088896440428267,2.0,9.0,0.8278172182781722,,,,
pelt_l2,daily,external,scaffolding,summary,1,126,88,389,9,0.5038560411311054,4,0.4444444444444444,4.6133,2.436956500575784,0.0,8.0,0.6605339466053395,0.6510416666666666,5.0944,2.2076630217498683,1.0,9.0,0.7317268273172682,4.684210526315789,2.4287748698512694,0.0,8.125,0.7142857142857143,76,5.0895,2.21404154161452,1.0,9.0,0.72002799720028,,,,
pelt_l2,daily,external,roster only,changelog categories,1,60,43,389,9,0.2827763496143959,4,0.4444444444444444,2.5212,2.1685988199951156,0.0,7.0,0.29287071292870714,0.3020833333333333,2.6898,2.0259778919430156,0.0,7.0,0.32896710328967105,2.5,2.181742422927143,0.0,7.125,0.3116883116883117,76,2.6221,2.0225480612499687,0.0,7.0,0.3287671232876712,1.0,1.0,1.0,1.0
pelt_l2,daily,external,prompt (goal pooled),changelog categories,1,55,49,389,9,0.32390745501285345,4,0.4444444444444444,2.9482,2.118104198697423,0.0,7.0,0.35696430356964304,0.3567708333333333,3.1164,2.1141187265144263,0.0,7.0,0.39966003399660033,2.8289473684210527,1.914075288625376,0.0,6.125,0.37662337662337664,76,3.0777,2.0843457390068405,0.0,7.0,0.39786021397860216,1.0,1.0,1.0,1.0
pelt_l2,daily,external,prompt without goal,changelog categories,1,39,36,389,9,0.2544987146529563,1,0.1111111111111111,2.3408,1.9287372456444847,0.0,6.0,0.8011198880111989,0.7942708333333334,2.4074,1.965861567143047,0.0,7.0,0.8333166683331666,2.1184210526315788,1.80345671984411,0.0,6.0,0.7532467532467533,76,2.286,1.9178038995631745,0.0,6.0,0.8163183681631837,1.0,1.0,1.0,1.0
pelt_l2,daily,external,tool,changelog categories,1,54,43,389,9,0.30077120822622105,1,0.1111111111111111,2.7014,2.457609005558537,0.0,8.0,0.7588241175882412,0.7604166666666666,2.9407,2.141598037498032,0.0,7.0,0.8872112788721128,2.710526315789474,2.4701729465697158,0.0,8.0,0.7662337662337663,76,2.909,2.128889902559952,0.0,7.0,0.8824117588241176,1.0,1.0,1.0,1.0
pelt_l2,daily,external,memory,changelog categories,1,18,17,389,9,0.10539845758354756,3,0.3333333333333333,0.9671,1.3340897906651394,0.0,5.0,0.12238776122387761,0.11979166666666667,1.1561,1.4887425652014334,0.0,5.0,0.1640835916408359,0.9868421052631579,1.3613074210981306,0.0,5.0,0.12987012987012986,76,1.2629,1.5079161021413325,0.0,5.0,0.1683831616838316,0.9791020897910209,1.0,1.0,1.0
pelt_l2,daily,external,model,changelog categories,1,51,40,389,9,0.29562982005141386,4,0.4444444444444444,2.6447,2.1629909299338954,0.0,7.0,0.3261673832616738,0.328125,2.6858,2.071257437098796,0.0,7.0,0.32666733326667335,2.6315789473684212,2.2381069695207922,0.0,7.125,0.35064935064935066,76,2.6106,2.0470433993122534,0.0,7.0,0.3277672232776722,1.0,1.0,1.0,1.0
pelt_l2,daily,external,goal,changelog categories,1,16,15,389,9,0.09768637532133675,4,0.4444444444444444,0.8785,1.6092845396861823,0.0,6.0,0.09309069093090691,0.09114583333333333,1.0208,1.4198482161469548,0.0,5.0,0.09579042095790422,0.9868421052631579,1.6370169704079156,0.0,6.0,0.12987012987012986,76,1.1983,1.5729032114059802,0.0,5.0,0.1372862713728627,0.8378162183781622,0.862113788621138,1.0,1.0
pelt_l2,daily,external,chat,changelog categories,1,29,25,389,9,0.16966580976863754,1,0.1111111111111111,1.542,1.7207940356740319,0.0,6.0,0.6336366363363664,0.6432291666666666,1.6698,1.7186806993547792,0.0,6.0,0.6945305469453055,1.855263157894737,1.8453830487167773,0.0,6.0,0.7142857142857143,76,1.8103,1.8158864651638982,0.0,6.0,0.7147285271472853,1.0,1.0,1.0,1.0
pelt_l2,daily,external,other,changelog categories,1,12,12,389,9,0.08740359897172237,1,0.1111111111111111,0.7724,1.2806881963325898,0.0,4.0,0.38946105389461055,0.3828125,0.8388,1.3055975714215502,0.0,4.0,0.42675732426757323,0.7368421052631579,1.3502436427315043,0.0,4.125,0.37662337662337664,76,0.7265,1.2388911312635635,0.0,4.0,0.38316168383161686,1.0,1.0,1.0,1.0
pelt_l2,daily,external,village goal transitions,goals and monitor,1,51,51,389,9,0.37532133676092544,5,0.5555555555555556,3.3856,2.573436398570936,0.0,9.0,0.33556644335566443,0.3385416666666667,3.1174,2.1272211325987476,0.0,7.0,0.28217178282171784,3.986842105263158,2.645718156078517,0.0,8.0,0.5064935064935064,76,4.0061,2.1919724597554673,0.0,8.0,0.4864513548645136,1.0,1.0,1.0,0.9729027097290271
pelt_l2,daily,external,scaffolding + goal transitions,goals and monitor,1,177,118,389,9,0.6401028277634961,5,0.5555555555555556,5.8564,2.6741155789181854,0.0,9.0,0.7145285471452855,0.7083333333333334,6.1197,2.0627160225632064,2.0,9.0,0.7568243175682432,6.052631578947368,2.7466087542864215,0.0,9.0,0.7272727272727273,76,6.536,1.914176169280326,2.0,9.0,0.8226177382261773,1.0,1.0,1.0,0.9729027097290271
pelt_l2,daily,external,monitor likely-scaffolding-issue (medium/high),goals and monitor,1,55,55,64,9,1.0,9,1.0,8.9511,0.37989896330765666,9.0,9.0,0.9837016298370163,0.9830508474576272,8.9283,0.4458463725307069,8.0,9.0,0.9694030596940306,,,,,,,,,,,,1.0,1.0,,
pelt_l2,daily,external,monitor emotional-or-erratic (medium/high),goals and monitor,1,60,60,64,9,1.0,9,1.0,8.9469,0.3955958033194492,9.0,9.0,0.9823017698230176,0.9830508474576272,8.9902,0.16824622040054252,9.0,9.0,0.9964003599640036,,,,,,,,,,,,1.0,1.0,,
pelt_l2,daily,external,monitor likely-scaffolding-issue (high),goals and monitor,1,4,4,64,9,0.171875,0,0.0,1.6069,1.4965949250338129,0.0,5.0,1.0,1.0,1.4614,1.5293606292805628,0.0,5.0,1.0,,,,,,,,,,,,1.0,1.0,,
pelt_l2,daily,external,monitor emotional-or-erratic (high),goals and monitor,1,8,8,64,9,0.234375,1,0.1111111111111111,2.3034,1.999136837439969,0.0,7.0,0.8295170482951705,0.8305084745762712,2.7158,1.9219780851966022,0.0,7.0,0.9132086791320868,,,,,,,,,,,,1.0,1.0,,
pelt_l2,daily,external,all,summary,2,186,110,389,9,0.7326478149100257,6,0.6666666666666666,6.687,2.1282584308290287,2.0,9.0,0.7346265373462654,0.7289473684210527,7.3885,1.7244898191968694,3.0,9.0,0.8304169583041696,6.842105263157895,1.993674206610815,2.875,9.0,0.7402597402597403,76,7.451,1.7075979002853412,3.0,9.0,0.8381161883811619,,,,
pelt_l2,daily,external,scaffolding,summary,2,126,88,389,9,0.6349614395886889,5,0.5555555555555556,5.8606,2.5316019712533975,0.0,9.0,0.7153284671532847,0.7052631578947368,6.6565,2.0039733882799173,2.0,9.0,0.8215178482151785,5.9868421052631575,2.5376809416086,0.0,9.0,0.7532467532467533,76,6.7017,2.003975723872469,2.0,9.0,0.8272172782721727,,,,
pelt_l2,daily,external,roster only,changelog categories,2,60,43,389,9,0.41645244215938304,6,0.6666666666666666,3.7,2.5826860100876896,0.0,9.0,0.287971202879712,0.29736842105263156,4.0044,2.302457550331191,0.0,8.0,0.30086991300869914,3.8289473684210527,2.6350871352815477,0.0,9.0,0.33766233766233766,76,4.0421,2.294919226340122,0.0,8.0,0.3053694630536946,1.0,1.0,1.0,1.0
pelt_l2,daily,external,prompt (goal pooled),changelog categories,2,55,49,389,9,0.44987146529562977,5,0.5555555555555556,4.169,2.3388001194201826,0.0,8.0,0.45485451454854514,0.44473684210526315,4.5635,2.3303885558168425,0.0,9.0,0.5175482451754825,4.184210526315789,2.39282553377544,0.0,8.0,0.4675324675324675,76,4.6294,2.3161589106125513,1.0,9.0,0.515948405159484,1.0,1.0,1.0,1.0
pelt_l2,daily,external,prompt without goal,changelog categories,2,39,36,389,9,0.37532133676092544,1,0.1111111111111111,3.435,2.213654224693335,0.0,7.0,0.8831116888311169,0.8789473684210526,3.6365,2.2780883913210803,0.0,8.0,0.9374062593740626,3.513157894736842,2.3064744874816,0.0,7.125,0.8571428571428571,76,3.7474,2.300157019038314,0.0,8.0,0.9421057894210579,1.0,1.0,1.0,1.0
pelt_l2,daily,external,tool,changelog categories,2,54,43,389,9,0.4087403598971722,1,0.1111111111111111,3.6622,2.76645196698742,0.0,9.0,0.8341165883411659,0.8342105263157895,4.2024,2.3525704450175082,0.0,8.0,0.9612038796120388,3.9078947368421053,2.757668733206595,0.0,9.0,0.8441558441558441,76,4.3371,2.361063542581015,0.0,8.0,0.9637036296370363,1.0,1.0,1.0,1.0
pelt_l2,daily,external,memory,changelog categories,2,18,17,389,9,0.15938303341902313,4,0.4444444444444444,1.4454,1.6592450540577004,0.0,5.0,0.1508849115088491,0.15526315789473685,1.823,1.8820268867686911,0.0,6.0,0.21757824217578242,1.4078947368421053,1.6425803406343924,0.0,5.0,0.16883116883116883,76,1.8548,1.8936408179891868,0.0,6.0,0.2238776122387761,1.0,1.0,1.0,1.0
pelt_l2,daily,external,model,changelog categories,2,51,40,389,9,0.41645244215938304,6,0.6666666666666666,3.6938,2.5441479573489607,0.0,8.0,0.30496950304969506,0.3131578947368421,3.9495,2.3362995483366333,0.0,8.0,0.2983701629837016,3.8289473684210527,2.563269567796759,0.0,8.0,0.35064935064935066,76,4.021,2.3101282798292666,0.0,8.0,0.30396960303969606,1.0,1.0,1.0,1.0
pelt_l2,daily,external,goal,changelog categories,2,16,15,389,9,0.14652956298200515,5,0.5555555555555556,1.3311,2.0644851658222176,0.0,7.0,0.1085891410858914,0.10526315789473684,1.6284,1.7970632664540123,0.0,6.0,0.10128987101289871,1.3289473684210527,2.035604138953916,0.0,7.0,0.11688311688311688,76,1.6554,1.8084186124312531,0.0,6.0,0.096990300969903,0.9773022697730227,0.9116088391160884,1.0,0.8729127087291271
pelt_l2,daily,external,chat,changelog categories,2,29,25,389,9,0.2519280205655527,1,0.1111111111111111,2.3359,2.0551626600724178,0.0,7.0,0.7825217478252174,0.7868421052631579,2.6074,2.1234208559805476,0.0,7.0,0.8387161283871613,2.289473684210526,2.0836876891619127,0.0,7.0,0.7792207792207793,76,2.5444,2.09782476076356,0.0,7.0,0.8267173282671733,1.0,1.0,1.0,1.0
pelt_l2,daily,external,other,changelog categories,2,12,12,389,9,0.13367609254498714,4,0.4444444444444444,1.1718,1.6075892492547443,0.0,5.0,0.13708629137086292,0.13421052631578947,1.3255,1.6598871264418111,0.0,6.0,0.15528447155284472,1.1710526315789473,1.6032313860428826,0.0,4.125,0.15584415584415584,76,1.2661,1.6217748935596885,0.0,5.0,0.14998500149985,1.0,1.0,1.0,1.0
pelt_l2,daily,external,village goal transitions,goals and monitor,2,51,51,389,9,0.5886889460154242,5,0.5555555555555556,5.3476,2.972550730565347,0.0,9.0,0.6567343265673433,0.6605263157894737,4.5775,2.293058996614827,1.0,8.0,0.5164483551644835,5.355263157894737,3.0142061303917536,0.0,9.0,0.6883116883116883,76,5.226,2.288459679516001,1.0,9.0,0.6165383461653835,1.0,1.0,1.0,1.0
pelt_l2,daily,external,scaffolding + goal transitions,goals and monitor,2,177,118,389,9,0.7840616966580977,5,0.5555555555555556,7.2155,2.5788999248676263,0.0,9.0,0.8581141885811419,0.8526315789473684,7.6257,1.6195869276397665,4.0,9.0,0.9306069393060694,7.144736842105263,2.656834945913005,0.0,9.0,0.8571428571428571,76,7.7947,1.5612801380812338,4.0,9.0,0.944905509449055,1.0,1.0,1.0,1.0
pelt_l2,daily,external,monitor likely-scaffolding-issue (medium/high),goals and monitor,2,55,55,64,9,1.0,9,1.0,9.0,0.0,9.0,9.0,1.0,1.0,8.9936,0.13550231026668422,9.0,9.0,0.9976002399760024,,,,,,,,,,,,1.0,1.0,,
pelt_l2,daily,external,monitor emotional-or-erratic (medium/high),goals and monitor,2,60,60,64,9,1.0,9,1.0,9.0,0.0,9.0,9.0,1.0,1.0,8.9997,0.03,9.0,9.0,0.9999000099990001,,,,,,,,,,,,1.0,1.0,,
pelt_l2,daily,external,monitor likely-scaffolding-issue (high),goals and monitor,2,4,4,64,9,0.28125,0,0.0,2.54,1.6812741205011237,0.0,6.0,1.0,1.0,2.1422,1.6992551035058505,0.0,6.0,1.0,,,,,,,,,,,,1.0,1.0,,
pelt_l2,daily,external,monitor emotional-or-erratic (high),goals and monitor,2,8,8,64,9,0.328125,1,0.1111111111111111,3.1792,2.057598291959125,0.0,8.0,0.9646035396460354,0.9636363636363636,3.8377,2.066926686796815,1.0,8.0,0.9824017598240176,,,,,,,,,,,,1.0,1.0,,
pelt_l2,daily,external,all,summary,3,186,110,389,9,0.8123393316195373,7,0.7777777777777778,7.4184,1.9297963238085876,3.0,9.0,0.7741225877412259,0.773936170212766,8.2132,1.2879874421612645,4.0,9.0,0.8984101589841016,7.554054054054054,1.7683820628828506,3.825,9.0,0.8133333333333334,74,8.2524,1.2857136329504308,4.0,9.0,0.9006099390060994,,,,
pelt_l2,daily,external,scaffolding,summary,3,126,88,389,9,0.7172236503856041,5,0.5555555555555556,6.6202,2.5089801629637916,0.0,9.0,0.7825217478252174,0.7845744680851063,7.6296,1.704785754705542,3.0,9.0,0.9196080391960804,6.783783783783784,2.511727399212066,0.0,9.0,0.8133333333333334,74,7.6374,1.7248242640553813,3.0,9.0,0.9177082291770823,,,,
pelt_l2,daily,external,roster only,changelog categories,3,60,43,389,9,0.5089974293059126,7,0.7777777777777778,4.5923,2.6982973874054523,0.0,9.0,0.3184681531846815,0.32180851063829785,5.0926,2.4027905818564435,1.0,9.0,0.3461653834616538,4.675675675675675,2.6540643843709826,0.0,9.0,0.3466666666666667,74,5.2236,2.397368928174756,1.0,9.0,0.37196280371962803,1.0,1.0,1.0,1.0
pelt_l2,daily,external,prompt (goal pooled),changelog categories,3,55,49,389,9,0.5449871465295629,5,0.5555555555555556,5.0221,2.431255373314171,0.0,9.0,0.5906409359064093,0.5904255319148937,5.6064,2.3367980448704273,1.0,9.0,0.6662333766623337,5.202702702702703,2.6430561893369946,0.0,9.0,0.6133333333333333,74,5.7458,2.341224144128303,1.0,9.0,0.6819318068193181,1.0,1.0,1.0,1.0
pelt_l2,daily,external,prompt without goal,changelog categories,3,39,36,389,9,0.48071979434447304,1,0.1111111111111111,4.4118,2.4018321422955387,0.0,8.0,0.9142085791420858,0.9122340425531915,4.5832,2.4151316829739553,0.0,9.0,0.9679032096790321,4.6891891891891895,2.542384145206883,0.0,8.174999999999997,0.9066666666666666,74,4.8398,2.4253503236479554,1.0,9.0,0.9754024597540246,1.0,1.0,1.0,1.0
pelt_l2,daily,external,tool,changelog categories,3,54,43,389,9,0.49100257069408737,4,0.4444444444444444,4.4856,2.9077204342598657,0.0,9.0,0.6153384661533846,0.6090425531914894,5.227,2.403840436652252,1.0,9.0,0.7173282671732827,4.6891891891891895,2.871330538201332,0.0,9.0,0.6533333333333333,74,5.352,2.3921681058873525,1.0,9.0,0.7378262173782622,1.0,1.0,1.0,1.0
pelt_l2,daily,external,memory,changelog categories,3,18,17,389,9,0.20822622107969152,5,0.5555555555555556,1.9362,1.956862920914269,0.0,6.0,0.16668333166683333,0.1595744680851064,2.4432,2.1662970812666553,0.0,7.0,0.21357864213578642,1.9054054054054055,2.0148008427968174,0.0,6.174999999999997,0.16,74,2.3852,2.163490011278742,0.0,7.0,0.20737926207379262,1.0,1.0,1.0,1.0
pelt_l2,daily,external,model,changelog categories,3,51,40,389,9,0.506426735218509,7,0.7777777777777778,4.5521,2.7134151639926425,0.0,9.0,0.33786621337866213,0.3404255319148936,4.9552,2.4345812121528945,1.0,9.0,0.3304669533046695,4.648648648648648,2.732014322514215,0.0,9.0,0.36,74,5.106,2.431492384425983,1.0,9.0,0.34996500349965004,1.0,1.0,1.0,1.0
pelt_l2,daily,external,goal,changelog categories,3,16,15,389,9,0.18251928020565553,5,0.5555555555555556,1.6099,2.35823623028139,0.0,8.0,0.14628537146285372,0.14893617021276595,2.1916,2.0965516909676447,0.0,7.0,0.18088191180881913,1.5810810810810811,2.358353016882738,0.0,7.174999999999997,0.14666666666666667,74,2.0912,2.0288652467374324,0.0,7.0,0.1660833916608339,1.0,1.0,1.0,1.0
pelt_l2,daily,external,chat,changelog categories,3,29,25,389,9,0.32390745501285345,1,0.1111111111111111,3.0347,2.3507548819159103,0.0,8.0,0.8505149485051495,0.848404255319149,3.3891,2.374376751169799,0.0,8.0,0.8992100789921008,2.7837837837837838,2.2711427952565555,0.0,7.174999999999997,0.8266666666666667,74,3.192,2.2921739476184206,0.0,8.0,0.8918108189181082,1.0,1.0,1.0,1.0
pelt_l2,daily,external,other,changelog categories,3,12,12,389,9,0.17480719794344474,5,0.5555555555555556,1.5122,1.878138413533475,0.0,7.0,0.09319068093190681,0.09042553191489362,1.8169,1.9783745314218584,0.0,6.0,0.1386861313868613,1.554054054054054,1.93129874601347,0.0,6.174999999999997,0.10666666666666667,74,1.6917,1.8772329398215437,0.0,6.0,0.11848815118488151,0.8387161283871614,1.0,0.9600000000000001,1.0
pelt_l2,daily,external,village goal transitions,goals and monitor,3,51,51,389,9,0.6503856041131105,5,0.5555555555555556,6.0471,2.957626809730153,0.0,9.0,0.7263273672632736,0.7154255319148937,5.6761,2.308229100881933,1.0,9.0,0.6771322867713229,5.95945945945946,2.9304223324086167,0.0,9.0,0.7466666666666667,74,5.9427,2.2316618788414493,2.0,9.0,0.6902309769023097,1.0,1.0,1.0,1.0
pelt_l2,daily,external,scaffolding + goal transitions,goals and monitor,3,177,118,389,9,0.8226221079691517,5,0.5555555555555556,7.5601,2.4903831413698336,0.0,9.0,0.8594140585941406,0.8643617021276596,8.3394,1.1957217966824498,5.0,9.0,0.9778022197780222,7.621621621621622,2.4976849703341193,0.0,9.0,0.8666666666666667,74,8.3803,1.1887864532047512,5.0,9.0,0.9797020297970203,1.0,1.0,1.0,1.0
pelt_l2,daily,external,monitor likely-scaffolding-issue (medium/high),goals and monitor,3,55,55,64,9,1.0,9,1.0,9.0,0.0,9.0,9.0,1.0,1.0,9.0,0.0,9.0,9.0,1.0,,,,,,,,,,,,1.0,1.0,,
pelt_l2,daily,external,monitor emotional-or-erratic (medium/high),goals and monitor,3,60,60,64,9,1.0,9,1.0,9.0,0.0,9.0,9.0,1.0,1.0,9.0,0.0,9.0,9.0,1.0,,,,,,,,,,,,1.0,1.0,,
pelt_l2,daily,external,monitor likely-scaffolding-issue (high),goals and monitor,3,4,4,64,9,0.390625,0,0.0,3.5908,1.7737728115513272,1.0,7.0,1.0,1.0,2.9508,1.9245648222326777,0.0,7.0,1.0,,,,,,,,,,,,1.0,1.0,,
pelt_l2,daily,external,monitor emotional-or-erratic (high),goals and monitor,3,8,8,64,9,0.421875,2,0.2222222222222222,4.08,2.2068726806734618,1.0,8.0,0.8056194380561944,0.803921568627451,5.0457,2.1107953609257266,1.0,9.0,0.9666033396660334,,,,,,,,,,,,1.0,1.0,,
pelt_l2,daily,family,all,summary,0,186,110,389,461,0.32904884318766064,213,0.46203904555314534,151.5972,14.246804880566396,125.0,184.0,0.00009999000099990002,0.0,149.6419,15.5527570936899,119.0,180.0,0.00019998000199980003,151.32894736842104,13.982263200588317,123.875,180.25,0.012987012987012988,76,151.722,14.996766528176334,123.0,181.0,0.00019998000199980003,,,,
pelt_l2,daily,family,scaffolding,summary,0,126,88,389,461,0.2750642673521851,173,0.3752711496746204,126.5411,13.924097774717183,99.0,156.0,0.0020997900209979003,0.002577319587628866,124.8794,14.623769729591286,97.0,155.0,0.0006999300069993001,129.76315789473685,13.23215116908069,103.375,153.375,0.012987012987012988,76,130.3213,14.323532478696267,103.0,159.0,0.0018998100189981002,,,,
pelt_l2,daily,family,roster only,changelog categories,0,60,43,389,461,0.11053984575835477,83,0.18004338394793926,50.8701,10.297797359292195,33.0,70.0,0.0028997100289971,0.002577319587628866,50.9619,10.391864485006888,32.0,72.0,0.0025997400259974,51.05263157894737,10.034466917369825,34.5,69.625,0.012987012987012988,76,51.9153,9.800180113805373,34.0,72.0,0.0014998500149985001,0.014998500149985002,0.0155984401559844,0.1168831168831169,0.007499250074992501
pelt_l2,daily,family,prompt (goal pooled),changelog categories,0,55,49,389,461,0.14395886889460158,115,0.24945770065075923,66.3335,12.342921555339,44.0,96.0,0.00009999000099990002,0.0,67.5529,11.627558712049586,46.0,91.0,0.00009999000099990002,69.53947368421052,11.737621325718635,48.75,96.25,0.012987012987012988,76,70.8028,11.397495446379658,50.0,94.0,0.00029997000299970003,0.0008999100089991002,0.0008999100089991002,0.1168831168831169,0.0026997300269973002
pelt_l2,daily,family,prompt without goal,changelog categories,0,39,36,389,461,0.11053984575835477,88,0.19088937093275488,50.9757,10.802109889637617,31.0,74.0,0.0024997500249975004,0.002577319587628866,52.312,10.411546284275115,33.0,74.0,0.000999900009999,49.578947368421055,10.397773040922097,32.875,73.0,0.012987012987012988,76,50.9612,9.87189140864092,33.0,72.0,0.0005999400059994001,0.014998500149985002,0.006999300069993001,0.1168831168831169,0.0047995200479952005
pelt_l2,daily,family,tool,changelog categories,0,54,43,389,461,0.15167095115681234,82,0.17787418655097614,70.0639,11.100862115348086,51.0,92.0,0.15158484151584842,0.14690721649484537,69.714,11.511483632683607,48.0,93.0,0.15378462153784622,70.8157894736842,10.473726527288225,54.0,91.25,0.16883116883116883,76,72.8654,11.373575456375457,51.0,96.0,0.22317768223177684,0.15158484151584842,0.15378462153784622,0.16883116883116883,0.22317768223177684
pelt_l2,daily,family,memory,changelog categories,0,18,17,389,461,0.04627249357326478,35,0.07592190889370933,21.3465,6.699188433128766,10.0,36.0,0.031996800319968,0.03350515463917526,21.2461,6.917060023010946,9.0,36.0,0.0370962903709629,19.32894736842105,5.774399034577218,9.75,30.125,0.025974025974025976,76,19.5666,6.303390969452186,9.0,33.0,0.017798220177982202,0.063993600639936,0.0741925807419258,0.1168831168831169,0.07119288071192881
pelt_l2,daily,family,model,changelog categories,0,51,40,389,461,0.13367609254498714,94,0.2039045553145336,61.5527,10.78727302129336,39.0,83.0,0.00009999000099990002,0.0,61.0952,11.117423112829114,40.0,84.0,0.0032996700329967,58.19736842105263,10.265826463683094,35.625,78.0,0.012987012987012988,76,59.4117,10.371719257964736,39.0,80.0,0.0007999200079992001,0.0008999100089991002,0.0164983501649835,0.1168831168831169,0.0047995200479952005
pelt_l2,daily,family,goal,changelog categories,0,16,15,389,461,0.038560411311053984,37,0.08026030368763558,17.7417,7.260719862058551,6.0,34.0,0.0084991500849915,0.007731958762886598,17.7452,6.285111552130342,7.0,31.024999999999636,0.0059994000599940004,23.210526315789473,7.109272423108072,10.875,37.375,0.07792207792207792,76,23.6163,7.080274524249315,11.0,38.0,0.043695630436956304,0.026797320267973202,0.021997800219978002,0.15584415584415584,0.08739126087391261
pelt_l2,daily,family,chat,changelog categories,0,29,25,389,461,0.06940874035989718,56,0.12147505422993492,31.8821,8.829563732686399,18.0,50.0,0.0066993300669933005,0.005154639175257732,31.9162,8.3323778366107,17.0,49.0,0.005499450054994501,35.93421052631579,8.753415373541598,19.875,50.5,0.012987012987012988,76,36.4777,8.547152045611982,21.0,54.0,0.018598140185981403,0.026797320267973202,0.021997800219978002,0.1168831168831169,0.07119288071192881
pelt_l2,daily,family,other,changelog categories,0,12,12,389,461,0.03084832904884319,40,0.08676789587852494,14.1548,5.117993390542289,5.0,25.0,0.00009999000099990002,0.0,14.2548,5.62180019422092,5.0,27.0,0.00029997000299970003,16.157894736842106,5.762065906319705,7.875,26.25,0.012987012987012988,76,16.5858,5.997802574574488,6.0,30.0,0.0005999400059994001,0.0008999100089991002,0.0023997600239976003,0.1168831168831169,0.0047995200479952005
pelt_l2,daily,family,village goal transitions,goals and monitor,0,51,51,389,461,0.13110539845758354,137,0.29718004338394793,60.4079,21.094383491619023,34.0,111.0,0.00009999000099990002,0.0,60.327,11.174827008766963,40.0,83.0,0.00009999000099990002,96.98684210526316,14.134113268781203,70.875,125.125,0.012987012987012988,76,98.6,11.032532423572011,77.0,121.0,0.00039996000399960006,0.0006999300069993001,0.0006999300069993001,0.03896103896103896,0.0007999200079992001
pelt_l2,daily,family,scaffolding + goal transitions,goals and monitor,0,177,118,389,461,0.34704370179948585,240,0.5206073752711496,159.9774,18.648964250777112,126.0,200.0,0.00009999000099990002,0.0,158.4156,15.590907102488547,128.0,190.0,0.00009999000099990002,186.1315789473684,13.809506006383824,159.0,207.375,0.012987012987012988,76,185.9713,14.785943957822658,157.0,215.0,0.00019998000199980003,0.0006999300069993001,0.0006999300069993001,0.03896103896103896,0.0005999400059994001
pelt_l2,daily,family,agent goal changes,goals and monitor,0,33,8,55,54,0.0696969696969697,7,0.12962962962962962,3.634,3.0117023483577374,0.0,12.0,0.1561843815618438,0.16666666666666666,3.79,2.7508647232593186,0.0,11.0,0.1493850614938506,4.2,4.077035960378842,0.225,11.55,0.2727272727272727,10,4.4562,3.4085544420382132,0.0,13.0,0.2206779322067793,0.6247375262473752,0.746925307469253,0.2727272727272727,0.2206779322067793
pelt_l2,daily,family,monitor likely-scaffolding-issue (medium/high),goals and monitor,0,55,55,64,78,0.859375,58,0.7435897435897436,63.7113,5.1097713536251925,54.0,71.0,0.8892110788921108,0.8888888888888888,63.6136,5.151072548007791,52.0,72.0,0.8721127887211279,,,,,,,,,,,,1.0,1.0,,
pelt_l2,daily,family,monitor emotional-or-erratic (medium/high),goals and monitor,0,60,60,64,78,0.9375,70,0.8974358974358975,69.3563,3.4721399576613496,62.0,74.0,0.575942405759424,0.5714285714285714,69.4196,3.592857734821999,61.0,74.0,0.5934406559344065,,,,,,,,,,,,1.0,1.0,,
pelt_l2,daily,family,monitor likely-scaffolding-issue (high),goals and monitor,0,4,4,64,78,0.0625,7,0.08974358974358974,4.5498,3.3064804915989043,0.0,11.0,0.26807319268073193,0.2698412698412698,4.5612,3.5917328150158174,0.0,13.0,0.2440755924407559,,,,,,,,,,,,0.8042195780421958,0.746925307469253,,
pelt_l2,daily,family,monitor emotional-or-erratic (high),goals and monitor,0,8,8,64,78,0.125,15,0.19230769230769232,9.2117,4.662816455290684,2.0,19.0,0.09659034096590341,0.09523809523809523,9.213,4.986192656899768,2.0,20.0,0.15208479152084792,,,,,,,,,,,,0.48295170482951705,0.746925307469253,,
pelt_l2,daily,family,all,summary,1,186,110,389,461,0.5886889460154242,313,0.6789587852494577,272.1184,15.144765360737127,242.0,303.0,0.004899510048995101,0.005208333333333333,300.9896,17.649964418218993,266.0,335.0,0.26137386261373863,272.2894736842105,13.036171001715376,248.875,298.375,0.012987012987012988,76,302.5782,17.598086658083105,267.0,338.0,0.2913708629137086,,,,
pelt_l2,daily,family,scaffolding,summary,1,126,88,389,461,0.5038560411311054,271,0.5878524945770065,233.2453,15.347217390073087,204.0,263.0,0.006199380061993801,0.005208333333333333,259.9203,18.14596581936469,224.0,295.0,0.281971802819718,234.01315789473685,14.460514901899938,206.875,267.125,0.025974025974025976,76,262.7578,17.715138209231593,228.0,297.0,0.32826717328267174,,,,
pelt_l2,daily,family,roster only,changelog categories,1,60,43,389,461,0.2827763496143959,163,0.35357917570498915,131.3291,14.146809054010768,104.0,157.0,0.015198480151984802,0.013020833333333334,137.2691,15.557599078228874,107.0,169.0,0.055594440555944404,133.94736842105263,12.018757270025445,109.875,158.0,0.012987012987012988,76,137.6062,15.056480044124918,109.0,168.0,0.051894810518948106,0.10638936106389361,0.3891610838916108,0.1168831168831169,0.36326367363263673
pelt_l2,daily,family,prompt (goal pooled),changelog categories,1,55,49,389,461,0.32390745501285345,186,0.403470715835141,150.1484,15.717731456804279,122.0,185.0,0.022097790220977902,0.0234375,160.7508,16.315149946346715,129.0,193.0,0.06519348065193481,149.35526315789474,15.352484226659362,120.75,179.25,0.025974025974025976,76,162.9253,16.351227971489404,132.0,195.0,0.0861913808619138,0.12298770122987701,0.3891610838916108,0.18181818181818182,0.430956904309569
pelt_l2,daily,family,prompt without goal,changelog categories,1,39,36,389,461,0.2544987146529563,149,0.3232104121475054,117.2133,14.710310752470305,90.0,147.0,0.020497950204979503,0.020833333333333332,124.5646,15.099338589573527,96.0,155.0,0.058694130586941305,114.69736842105263,14.489554616428215,90.0,146.25,0.025974025974025976,76,125.163,14.918984168128233,97.0,155.0,0.06159384061593841,0.12298770122987701,0.3891610838916108,0.18181818181818182,0.3695630436956304
pelt_l2,daily,family,tool,changelog categories,1,54,43,389,461,0.30077120822622105,156,0.3383947939262473,138.3985,13.782593868331677,111.0,167.0,0.09509049095090491,0.09895833333333333,151.7883,16.239342804912813,120.0,183.02499999999964,0.40655934406559346,138.01315789473685,14.07360974405892,111.875,168.125,0.09090909090909091,76,152.7068,16.191511673251096,121.0,185.0,0.43355664433556645,0.2756724327567243,0.9425057494250575,0.36363636363636365,1.0
pelt_l2,daily,family,memory,changelog categories,1,18,17,389,461,0.10539845758354756,63,0.13665943600867678,49.5157,10.134792790801953,31.0,71.0,0.0918908109189081,0.09375,59.3009,11.047550136858517,39.0,82.0,0.3701629837016298,49.69736842105263,9.095082534853077,35.875,67.625,0.11688311688311688,76,58.299,10.7467738561315,39.0,81.0,0.3351664833516648,0.2756724327567243,0.9425057494250575,0.36363636363636365,1.0
pelt_l2,daily,family,model,changelog categories,1,51,40,389,461,0.29562982005141386,180,0.39045553145336226,136.9904,13.715178396646731,110.0,163.0,0.0029997000299970002,0.0026041666666666665,139.5164,15.718188101168607,109.0,170.0,0.0064993500649935,140.8421052631579,12.265999219065085,113.375,167.125,0.012987012987012988,76,141.3433,15.537090629475095,111.0,172.0,0.0084991500849915,0.026997300269973,0.0584941505849415,0.1168831168831169,0.0764923507649235
pelt_l2,daily,family,goal,changelog categories,1,16,15,389,461,0.09768637532133675,57,0.12364425162689804,46.0789,10.715239447891147,26.0,67.0,0.15128487151284872,0.15625,51.6076,10.58978926153209,32.0,74.0,0.31416858314168583,48.28947368421053,10.457298299240499,30.0,73.25,0.16883116883116883,76,55.0438,10.304081665529296,36.0,76.0,0.4316568343165683,0.2756724327567243,0.9425057494250575,0.36363636363636365,1.0
pelt_l2,daily,family,chat,changelog categories,1,29,25,389,461,0.16966580976863752,101,0.21908893709327548,79.2776,12.984251896806837,55.0,106.0,0.0537946205379462,0.0546875,85.7137,12.988333303014635,61.0,112.0,0.12958704129587043,83.09210526315789,12.40556609653258,60.375,107.5,0.11688311688311688,76,89.6908,12.794481827589722,65.97500000000002,115.02499999999964,0.19758024197580243,0.2151784821517848,0.5183481651834817,0.36363636363636365,0.7903209679032097
pelt_l2,daily,family,other,changelog categories,1,12,12,389,461,0.08740359897172237,64,0.13882863340563992,40.0649,8.529792712978002,24.0,58.0,0.005099490050994901,0.005208333333333333,41.3496,9.436857806946486,24.0,61.0,0.014598540145985401,39.61842105263158,8.544732654703182,25.625,56.125,0.03896103896103896,76,41.5132,9.105883673304156,25.0,61.0,0.011998800119988001,0.04079592040795921,0.11678832116788321,0.19480519480519481,0.09599040095990401
pelt_l2,daily,family,village goal transitions,goals and monitor,1,51,51,389,461,0.37532133676092544,218,0.47288503253796094,174.1281,24.445888213256918,131.0,219.0,0.030296970302969704,0.028645833333333332,158.9264,16.22521213392537,128.0,192.0,0.00029997000299970003,188.81578947368422,12.351205637578639,166.0,209.25,0.012987012987012988,76,191.0904,14.28786345624196,163.0,219.0,0.033096690330966905,0.15148485151484853,0.0020997900209979003,0.03896103896103896,0.06619338066193381
pelt_l2,daily,family,scaffolding + goal transitions,goals and monitor,1,177,118,389,461,0.6401028277634961,342,0.7418655097613883,295.7704,15.685263357325528,264.0,326.0,0.0015998400159984002,0.0026041666666666665,314.7724,17.421410643081675,280.0,349.0,0.06159384061593841,301.92105263157896,11.472591288684217,283.0,325.875,0.012987012987012988,76,329.207,16.099853152347467,297.0,360.0,0.22827717228277172,0.009599040095990401,0.30796920307969206,0.03896103896103896,0.22827717228277172
pelt_l2,daily,family,agent goal changes,goals and monitor,1,33,8,55,54,0.18013468013468012,28,0.5185185185185185,9.7416,4.962891543167846,1.0,20.0,0.00009999000099990002,0.0,10.4862,4.516331396712213,3.0,21.0,0.0006999300069993001,11.3,4.2176876234364356,2.9,15.0,0.09090909090909091,10,12.3243,5.109769122381989,4.0,24.0,0.0023997600239976003,0.0006999300069993001,0.004199580041995801,0.09090909090909091,0.007199280071992801
pelt_l2,daily,family,monitor likely-scaffolding-issue (medium/high),goals and monitor,1,55,55,64,78,1.0,77,0.9871794871794872,76.377,1.126231698978491,73.0,77.0,0.6747325267473253,0.6779661016949152,76.2664,1.4095494751771918,71.0,77.0,0.668933106689331,,,,,,,,,,,,1.0,1.0,,
pelt_l2,daily,family,monitor emotional-or-erratic (medium/high),goals and monitor,1,60,60,64,78,1.0,77,0.9871794871794872,76.6418,0.9958875133236281,73.0,77.0,0.8308169183081692,0.8305084745762712,76.7755,0.6894543383926689,75.0,77.0,0.8715128487151285,,,,,,,,,,,,1.0,1.0,,
pelt_l2,daily,family,monitor likely-scaffolding-issue (high),goals and monitor,1,4,4,64,78,0.171875,13,0.16666666666666666,13.04,5.667593154171894,4.0,25.0,0.571042895710429,0.576271186440678,12.7873,5.984683814040254,3.0,26.0,0.47565243475652436,,,,,,,,,,,,1.0,1.0,,
pelt_l2,daily,family,monitor emotional-or-erratic (high),goals and monitor,1,8,8,64,78,0.234375,22,0.28205128205128205,19.3111,7.399594055704605,6.0,33.0,0.39306069393060694,0.3898305084745763,24.1026,7.40918098282689,11.0,39.0,0.6160383961603839,,,,,,,,,,,,1.0,1.0,,
pelt_l2,daily,family,all,summary,2,186,110,389,461,0.7326478149100257,361,0.7830802603036876,339.7311,13.11287869038507,315.0,363.0,0.059394060593940604,0.060526315789473685,379.476,16.455397351939002,345.0,410.0,0.871012898710129,339.13157894736844,12.058017642783751,316.875,358.5,0.03896103896103896,76,379.4359,16.489065471336204,346.0,410.0,0.8688131186881312,,,,
pelt_l2,daily,family,scaffolding,summary,2,126,88,389,461,0.6349614395886889,312,0.6767895878524945,294.7834,14.640796417270925,265.0,322.0,0.11738826117388261,0.12105263157894737,341.5449,18.225729113266524,305.0,376.0,0.942905709429057,293.6842105263158,14.239110951943397,265.25,318.5,0.1038961038961039,76,341.3863,18.356725450006728,305.0,376.0,0.9465053494650535,,,,
pelt_l2,daily,family,roster only,changelog categories,2,60,43,389,461,0.4164524421593831,207,0.4490238611713666,193.9962,14.285663918045879,167.0,221.0,0.2104789521047895,0.2131578947368421,205.2094,18.30068422612429,170.0,240.0,0.47135286471352866,194.67105263157896,15.129122607646254,167.75,225.5,0.22077922077922077,76,205.1617,18.229942023731695,170.0,240.0,0.47125287471252875,0.8624137586241376,1.0,0.8831168831168831,1.0
pelt_l2,daily,family,prompt (goal pooled),changelog categories,2,55,49,389,461,0.4498714652956298,239,0.5184381778741866,209.5657,16.583135516190985,177.0,242.0,0.0433956604339566,0.039473684210526314,232.059,18.71914420148431,195.97500000000002,268.0,0.36966303369663034,208.52631578947367,16.47420098959625,179.5,237.0,0.025974025974025976,76,232.4301,18.77262781673132,195.0,269.0,0.37396260373962603,0.32956704329567044,1.0,0.2077922077922078,1.0
pelt_l2,daily,family,prompt without goal,changelog categories,2,39,36,389,461,0.37532133676092544,210,0.455531453362256,172.3883,15.467405961398876,143.0,205.0,0.006299370062993701,0.007894736842105263,184.5504,17.79095589481254,150.0,220.0,0.08099190080991901,173.64473684210526,16.76003496207047,139.25,204.0,0.012987012987012988,76,184.6342,17.882772987346556,150.0,220.0,0.08099190080991901,0.056694330566943306,0.7289271072892711,0.1168831168831169,0.7289271072892711
pelt_l2,daily,family,tool,changelog categories,2,54,43,389,461,0.4087403598971722,199,0.4316702819956616,188.0897,15.071959736777123,158.0,218.0,0.22457754224577542,0.22894736842105262,217.002,18.655529981211682,180.0,253.0,0.8342165783421658,189.47368421052633,14.438350491392038,164.875,218.25,0.24675324675324675,76,216.8254,18.89732324226297,180.0,254.0,0.8338166183381662,0.8624137586241376,1.0,0.8831168831168831,1.0
pelt_l2,daily,family,memory,changelog categories,2,18,17,389,461,0.15938303341902313,87,0.18872017353579176,75.7067,11.911719607865258,53.0,101.0,0.17248275172482752,0.16578947368421051,93.5412,13.492038618037196,68.0,121.0,0.6917308269173083,75.9342105263158,11.335296527591197,55.0,99.75,0.16883116883116883,76,93.9066,13.326118526543967,68.0,120.02499999999964,0.7052294770522948,0.8624137586241376,1.0,0.8441558441558441,1.0
pelt_l2,daily,family,model,changelog categories,2,51,40,389,461,0.4164524421593831,219,0.4750542299349241,194.0374,13.85476801320289,167.0,224.0,0.041195880411958805,0.039473684210526314,202.7675,18.344069729463634,166.0,239.0,0.19108089191080893,194.55263157894737,14.00323270947782,167.375,218.5,0.03896103896103896,76,202.4854,18.335048520263697,166.0,238.0,0.19408059194080593,0.32956704329567044,1.0,0.2727272727272727,1.0
pelt_l2,daily,family,goal,changelog categories,2,16,15,389,461,0.14652956298200515,78,0.16919739696312364,69.6895,11.495760305456097,49.0,92.0,0.23357664233576642,0.22894736842105262,82.5095,12.744997184986921,58.0,108.0,0.6497350264973503,70.1842105263158,11.611156159849935,52.25,94.125,0.23376623376623376,76,83.7305,12.691232268288559,60.0,109.0,0.6796320367963203,0.8624137586241376,1.0,0.8831168831168831,1.0
pelt_l2,daily,family,chat,changelog categories,2,29,25,389,461,0.2519280205655527,124,0.26898047722342733,118.289,14.020418546306718,92.0,146.0,0.34126587341265874,0.34210526315789475,132.5834,15.732908087181086,102.0,164.0,0.7125287471252875,116.27631578947368,12.572561323994965,93.625,138.0,0.2987012987012987,76,132.3929,15.700559873712619,102.0,164.0,0.7137286271372862,0.8624137586241376,1.0,0.8831168831168831,1.0
pelt_l2,daily,family,other,changelog categories,2,12,12,389,461,0.13367609254498714,76,0.1648590021691974,61.3556,9.830738170722388,40.0,79.0,0.062193780621937804,0.060526315789473685,67.2258,11.524499805613125,45.0,90.0,0.23817618238176183,61.23684210526316,10.499356705440107,43.625,80.0,0.09090909090909091,76,66.8209,11.8452291719246,44.0,91.0,0.22867713228677133,0.3731626837316268,1.0,0.5454545454545454,1.0
pelt_l2,daily,family,village goal transitions,goals and monitor,2,51,51,389,461,0.5886889460154242,294,0.6377440347071583,273.0904,13.023739463724,248.0,297.0,0.055194480551944806,0.05789473684210526,233.6296,18.706934510493106,197.0,270.0,0.0007999200079992001,272.69736842105266,13.200019936189092,248.875,293.375,0.03896103896103896,76,266.4781,16.77260422281649,233.0,299.0,0.05469453054694531,0.275972402759724,0.005599440055994401,0.11688311688311688,0.10938906109389061
pelt_l2,daily,family,scaffolding + goal transitions,goals and monitor,2,177,118,389,461,0.7840616966580977,383,0.8308026030368764,363.5168,10.56192563822141,343.0,384.0,0.035896410358964105,0.03684210526315789,390.6187,15.630602735793284,359.0,420.0,0.7051294870512949,360.69736842105266,10.639573596521124,344.125,380.625,0.03896103896103896,76,399.3659,14.87157468338025,368.0,427.0,0.8654134586541345,0.21537846215378464,1.0,0.11688311688311688,0.8654134586541345
pelt_l2,daily,family,agent goal changes,goals and monitor,2,33,8,55,54,0.26565656565656565,32,0.5925925925925926,15.1077,5.5287211347416125,4.0,25.0,0.00009999000099990002,0.0,16.2732,5.383275928834839,7.0,28.0,0.0045995400459954,15.6,6.586180818788517,3.8,22.775,0.09090909090909091,10,16.2394,5.9720226176241615,6.0,29.0,0.004899510048995101,0.0006999300069993001,0.0275972402759724,0.11688311688311688,0.014698530146985302
pelt_l2,daily,family,monitor likely-scaffolding-issue (medium/high),goals and monitor,2,55,55,64,78,1.0,78,1.0,77.9398,0.31398378713216735,77.0,78.0,0.9608039196080392,0.9636363636363636,77.9237,0.4464283143170719,77.0,78.0,0.9601039896010399,,,,,,,,,,,,1.0,1.0,,
pelt_l2,daily,family,monitor emotional-or-erratic (medium/high),goals and monitor,2,60,60,64,78,1.0,78,1.0,77.9503,0.28502286540448,77.0,78.0,0.9673032696730327,0.9636363636363636,77.9917,0.14294458127306378,78.0,78.0,0.9952004799520048,,,,,,,,,,,,1.0,1.0,,
pelt_l2,daily,family,monitor likely-scaffolding-issue (high),goals and monitor,2,4,4,64,78,0.28125,26,0.3333333333333333,21.0581,6.724377005686955,9.0,33.0,0.273972602739726,0.2727272727272727,20.1976,7.545306316163743,7.0,36.0,0.24277572242775722,,,,,,,,,,,,1.0,1.0,,
pelt_l2,daily,family,monitor emotional-or-erratic (high),goals and monitor,2,8,8,64,78,0.328125,27,0.34615384615384615,28.1161,8.684604943594305,12.0,41.0,0.5251474852514748,0.5272727272727272,35.9929,8.737933665259416,19.0,53.0,0.8538146185381462,,,,,,,,,,,,1.0,1.0,,
pelt_l2,daily,family,all,summary,3,186,110,389,461,0.8123393316195373,389,0.8438177874186551,378.0885,12.007842711272406,353.0,399.0,0.20157984201579843,0.19414893617021275,419.6182,14.051340604272523,390.0,444.0,0.9798020197980202,378.7837837837838,11.86484420262694,358.95,401.35,0.22666666666666666,74,419.5496,13.989485709311873,390.0,444.0,0.9796020397960205,,,,
pelt_l2,daily,family,scaffolding,summary,3,126,88,389,461,0.7172236503856041,339,0.735357917570499,334.2232,13.726588202549395,306.0,360.0,0.4042595740425957,0.39893617021276595,390.1025,17.199929578569524,354.975,422.0,0.9969003099690031,336.1216216216216,12.950858333751317,314.125,357.7,0.4266666666666667,74,390.0959,17.315752559986294,354.0,422.0,0.9966003399660034,,,,
pelt_l2,daily,family,roster only,changelog categories,3,60,43,389,461,0.5089974293059126,237,0.5140997830802603,237.9438,14.621861079976933,211.0,266.0,0.547945205479452,0.5478723404255319,259.4731,19.995410924404716,220.0,298.0,0.8751124887511249,237.44594594594594,15.564397283273088,205.65,266.525,0.56,74,259.5948,20.11362893082391,220.0,298.0,0.8752124787521248,0.9848015198480151,1.0,1.0,1.0
pelt_l2,daily,family,prompt (goal pooled),changelog categories,3,55,49,389,461,0.5449871465295629,275,0.596529284164859,254.4024,16.877794886655767,222.0,287.0,0.12288771122887711,0.12234042553191489,287.3883,20.577202561002398,247.0,328.0,0.7333266673332667,254.35135135135135,16.112134823163338,226.475,284.35,0.14666666666666667,74,288.1009,20.33963345930614,247.0,327.0,0.7506249375062494,0.9831016898310169,1.0,0.88,1.0
pelt_l2,daily,family,prompt without goal,changelog categories,3,39,36,389,461,0.48071979434447304,257,0.5574837310195228,221.0936,15.54737955866242,193.95000000000005,252.0,0.008799120087991202,0.007978723404255319,234.045,19.740707802772814,195.0,273.0,0.12838716128387162,222.6216216216216,15.623746154801129,197.6,248.35,0.013333333333333334,74,236.2356,19.911161143283618,197.0,275.0,0.15498450154984503,0.07919208079192082,1.0,0.12000000000000001,1.0
pelt_l2,daily,family,tool,changelog categories,3,54,43,389,461,0.4910025706940874,241,0.5227765726681128,225.9497,15.400834018937022,195.0,257.0,0.1633836616338366,0.1675531914893617,268.9092,20.660518896293638,228.0,309.0,0.9119088091190881,227.59459459459458,15.298776850489267,206.825,256.35,0.2,74,269.4366,20.466667263794776,228.0,308.0,0.9217078292170783,0.9848015198480151,1.0,1.0,1.0
pelt_l2,daily,family,memory,changelog categories,3,18,17,389,461,0.20822622107969155,112,0.24295010845986983,99.1061,13.250584915016356,72.0,126.0,0.1750824917508249,0.17819148936170212,125.4446,15.758425163586736,95.0,157.0,0.80991900809919,100.32432432432432,13.636281287265515,73.825,127.69999999999999,0.21333333333333335,74,127.7572,15.796467991297929,97.0,159.0,0.8446155384461553,0.9848015198480151,1.0,1.0,1.0
pelt_l2,daily,family,model,changelog categories,3,51,40,389,461,0.506426735218509,245,0.5314533622559653,236.7742,13.973945093428249,210.0,264.0,0.28447155284471554,0.28191489361702127,253.8364,20.355939464125616,214.0,293.0,0.6782321767823217,236.25675675675674,14.255074377275836,205.825,263.525,0.28,74,253.2512,20.402458787912284,213.0,293.0,0.6657334266573343,0.9848015198480151,1.0,1.0,1.0
pelt_l2,daily,family,goal,changelog categories,3,16,15,389,461,0.18251928020565555,100,0.21691973969631237,87.456,12.270970689891131,65.0,113.0,0.15448455154484553,0.14893617021276595,111.7148,15.092105158784587,83.0,142.0,0.7871212878712128,86.45945945945945,11.819636771172096,64.475,108.22499999999998,0.09333333333333334,74,110.522,14.536101465818904,82.0,139.0,0.7765223477652234,0.9848015198480151,1.0,0.7466666666666667,1.0
pelt_l2,daily,family,chat,changelog categories,3,29,25,389,461,0.32390745501285345,156,0.3383947939262473,152.4868,15.177030670918427,124.0,182.04999999999927,0.3795620437956204,0.38563829787234044,173.9631,18.336432610136754,138.0,210.0,0.8432156784321568,147.8783783783784,13.661216679708184,122.65,172.0,0.37333333333333335,74,170.0925,17.871739805020827,136.0,206.0,0.7924207579242076,0.9848015198480151,1.0,1.0,1.0
pelt_l2,daily,family,other,changelog categories,3,12,12,389,461,0.17480719794344474,92,0.19956616052060738,80.1321,10.575340815942402,58.0,100.0,0.1406859314068593,0.14095744680851063,91.5163,13.748804939838493,65.0,119.0,0.49565043495650435,78.82432432432432,10.821538781153212,57.65,98.175,0.12,74,89.1757,13.397999109867667,63.0,115.0,0.4310568943105689,0.9848015198480151,1.0,0.84,1.0
pelt_l2,daily,family,village goal transitions,goals and monitor,3,51,51,389,461,0.6503856041131105,311,0.6746203904555315,302.6172,12.740011575720603,279.0,329.0,0.2692730726927307,0.27393617021276595,290.4405,20.579747626033587,250.0,330.0,0.16628337166283372,300.2162162162162,11.714959725806473,273.0,319.175,0.21333333333333335,74,310.6223,17.435660094596173,275.0,344.0,0.5062493750624938,1.0,0.8314168583141686,0.4266666666666667,1.0
pelt_l2,daily,family,scaffolding + goal transitions,goals and monitor,3,177,118,389,461,0.8226221079691517,391,0.8481561822125814,382.5423,10.19661746908165,363.0,403.0,0.22467753224677534,0.22340425531914893,427.3154,12.882294756440686,399.975,449.0,0.9942005799420058,382.43243243243245,9.95755523866117,364.0,400.0,0.22666666666666666,74,430.8535,11.938471026854566,405.0,451.0,0.9981001899810019,1.0,1.0,0.4266666666666667,1.0
pelt_l2,daily,family,agent goal changes,goals and monitor,3,33,8,55,54,0.3323232323232323,32,0.5925925925925926,19.6743,4.77163455847532,12.0,28.0,0.00009999000099990002,0.0,21.2404,5.670363581139593,11.0,33.0,0.039196080391960805,18.875,5.0832357523811265,13.175,26.475,0.1111111111111111,8,19.8757,5.720465180576508,9.0,31.0,0.020897910208979104,0.0006999300069993001,0.2743725627437256,0.3333333333333333,0.06269373062693731
pelt_l2,daily,family,monitor likely-scaffolding-issue (medium/high),goals and monitor,3,55,55,64,78,1.0,78,1.0,78.0,0.0,78.0,78.0,1.0,1.0,77.9981,0.0741413494210174,78.0,78.0,0.9992000799920008,,,,,,,,,,,,1.0,1.0,,
pelt_l2,daily,family,monitor emotional-or-erratic (medium/high),goals and monitor,3,60,60,64,78,1.0,78,1.0,78.0,0.0,78.0,78.0,1.0,1.0,78.0,0.0,78.0,78.0,1.0,,,,,,,,,,,,1.0,1.0,,
pelt_l2,daily,family,monitor likely-scaffolding-issue (high),goals and monitor,3,4,4,64,78,0.390625,40,0.5128205128205128,28.7808,7.462916378473445,14.0,39.0,0.0197980201979802,0.0196078431372549,26.2805,8.349095189842364,11.0,43.0,0.0638936106389361,,,,,,,,,,,,0.11878812118788121,0.3833616638336166,,
pelt_l2,daily,family,monitor emotional-or-erratic (high),goals and monitor,3,8,8,64,78,0.421875,38,0.48717948717948717,35.9199,9.789252624010357,18.0,51.0,0.5071492850714928,0.5098039215686274,44.4819,9.35337484291607,25.0,62.0,0.7672232776722328,,,,,,,,,,,,1.0,1.0,,
pelt_l2,daily,lexical,all,summary,0,186,110,389,199,0.32904884318766064,74,0.37185929648241206,65.4581,7.5388810749862785,52.0,82.0,0.137986201379862,0.13917525773195877,64.6042,7.620009764749747,50.0,80.0,0.12298770122987701,64.03947368421052,6.869140246005919,51.375,77.375,0.07792207792207792,76,64.8685,7.410391294656038,50.0,80.0,0.12158784121587841,,,,
pelt_l2,daily,lexical,scaffolding,summary,0,126,88,389,199,0.2750642673521851,63,0.3165829145728643,54.8192,7.16840637554795,43.0,69.0,0.147985201479852,0.14432989690721648,53.9274,7.159095927940241,40.0,68.0,0.11408859114088592,54.46052631578947,6.1132441785000635,40.75,65.125,0.1038961038961039,76,55.0526,7.211382228350146,41.0,69.0,0.1493850614938506,,,,
pelt_l2,daily,lexical,roster only,changelog categories,0,60,43,389,199,0.11053984575835475,24,0.12060301507537688,21.9818,4.80896884769883,12.0,32.0,0.3775622437756224,0.3711340206185567,21.9598,4.889087264247565,13.0,32.0,0.3685631436856314,21.67105263157895,5.02364584180251,12.75,31.375,0.3116883116883117,76,21.8185,4.893848457530384,13.0,32.0,0.35796420357964204,1.0,1.0,1.0,1.0
pelt_l2,daily,lexical,prompt (goal pooled),changelog categories,0,55,49,389,199,0.14395886889460155,36,0.18090452261306533,28.5696,5.602347228568303,18.975000000000023,39.0,0.12538746125387462,0.12886597938144329,29.0669,5.6799164197242815,18.0,41.0,0.127987201279872,29.105263157894736,5.76096970394955,18.0,40.375,0.15584415584415584,76,29.4199,5.680617125902177,19.0,41.0,0.14458554144585542,0.8777122287771224,0.8959104089591041,1.0,1.0
pelt_l2,daily,lexical,prompt without goal,changelog categories,0,39,36,389,199,0.11053984575835475,30,0.1507537688442211,22.0162,4.79132896421487,13.0,31.0,0.0654934506549345,0.06958762886597938,22.6399,5.057527641900226,13.0,33.0,0.09379062093790622,21.394736842105264,5.453021052269213,12.75,33.125,0.06493506493506493,76,21.8339,5.027846329580031,12.0,32.0,0.068993100689931,0.523947605239476,0.7503249675032497,0.5194805194805194,0.551944805519448
pelt_l2,daily,lexical,tool,changelog categories,0,54,43,389,199,0.15167095115681234,34,0.1708542713567839,30.1947,6.0817670704384845,19.0,43.0,0.3113688631136886,0.30670103092783507,30.2504,5.804435285787816,19.0,42.0,0.28257174282571745,29.61842105263158,5.329082735989144,20.75,39.125,0.24675324675324675,76,30.1461,5.757036489107368,20.0,42.0,0.2736726327367263,1.0,1.0,1.0,1.0
pelt_l2,daily,lexical,memory,changelog categories,0,18,17,389,199,0.04627249357326478,10,0.05025125628140704,9.252,3.1442144660408977,4.0,16.0,0.4497550244975502,0.44329896907216493,9.229,3.3422860571185047,3.0,16.0,0.44175582441755823,8.986842105263158,3.59070437306343,3.875,16.25,0.4025974025974026,76,9.0712,3.3452428349766326,3.0,16.0,0.42695730426957307,1.0,1.0,1.0,1.0
pelt_l2,daily,lexical,model,changelog categories,0,51,40,389,199,0.13367609254498714,27,0.135678391959799,26.5714,5.44650975275439,17.0,37.0,0.49875012498750126,0.5025773195876289,26.3948,5.512818886668392,16.0,38.0,0.4764523547645235,25.039473684210527,5.219044074601361,15.0,36.0,0.33766233766233766,76,25.3177,5.280563904121846,15.0,36.0,0.40355964403559647,1.0,1.0,1.0,1.0
pelt_l2,daily,lexical,goal,changelog categories,0,16,15,389,199,0.038560411311053984,9,0.04522613065326633,7.6131,3.280805504518036,2.0,15.0,0.3578642135786421,0.3711340206185567,7.625,3.0385355469085735,2.0,14.0,0.3671632836716328,8.828947368421053,3.18909875626218,4.875,15.0,0.4935064935064935,76,8.9553,3.2154526623140263,3.0,16.0,0.533946605339466,1.0,1.0,1.0,1.0
pelt_l2,daily,lexical,chat,changelog categories,0,29,25,389,199,0.06940874035989718,18,0.09045226130653267,13.8467,4.309438041743211,7.0,23.0,0.19708029197080293,0.19329896907216496,13.72,4.014425433503045,6.0,22.0,0.1743825617438256,14.210526315789474,4.138649665365695,8.0,22.125,0.2077922077922078,76,15.3394,4.053843978879862,8.0,24.0,0.28787121287871215,1.0,1.0,1.0,1.0
pelt_l2,daily,lexical,other,changelog categories,0,12,12,389,199,0.030848329048843187,14,0.07035175879396985,6.0875,2.7416774845964205,2.0,13.0,0.015298470152984701,0.015463917525773196,6.11,2.7519188406874524,1.0,12.0,0.0086991300869913,6.434210526315789,3.125531533742869,2.0,13.0,0.025974025974025976,76,7.556,2.882307195542652,2.0,14.0,0.027297270272972702,0.1376862313768623,0.07829217078292171,0.2337662337662338,0.24567543245675433
pelt_l2,daily,lexical,village goal transitions,goals and monitor,0,51,51,389,199,0.13110539845758354,51,0.2562814070351759,26.0522,7.179486726985871,15.0,43.0,0.00009999000099990002,0.0,26.0614,5.337422491042356,16.0,37.0,0.00009999000099990002,33.98684210526316,5.270024468134549,26.0,44.125,0.012987012987012988,76,35.5024,4.927354474990836,26.0,45.0,0.0015998400159984002,0.0006999300069993001,0.0006999300069993001,0.03896103896103896,0.0047995200479952005
pelt_l2,daily,lexical,scaffolding + goal transitions,goals and monitor,0,177,118,389,199,0.34704370179948585,92,0.4623115577889447,69.1001,8.647309268538889,53.0,86.0,0.0025997400259974,0.002577319587628866,68.4273,7.638255625789208,54.0,84.0,0.0017998200179982,73.60526315789474,6.866496335819641,61.0,87.125,0.012987012987012988,76,75.4519,7.403875210105359,61.0,90.0,0.014798520147985201,0.0155984401559844,0.010798920107989201,0.03896103896103896,0.029597040295970403
pelt_l2,daily,lexical,agent goal changes,goals and monitor,0,33,8,55,27,0.052525252525252523,4,0.14814814814814814,1.3778,1.3406143683731233,0.0,4.0,0.09569043095690431,0.09259259259259259,1.4091,1.3252595297835545,0.0,5.0,0.07489251074892511,1.2,1.0327955589886446,0.0,2.7750000000000004,0.09090909090909091,10,1.4404,1.4505372266248746,0.0,5.0,0.10698930106989302,0.4784521547845216,0.37446255374462556,0.09090909090909091,0.10698930106989302
pelt_l2,daily,lexical,monitor likely-scaffolding-issue (medium/high),goals and monitor,0,55,55,64,42,0.859375,35,0.8333333333333334,33.5238,2.3565629418477005,29.0,38.0,0.35306469353064696,0.3492063492063492,33.5343,2.5004097094019384,28.0,38.0,0.37676232376762325,,,,,,,,,,,,1.0,1.0,,
pelt_l2,daily,lexical,monitor emotional-or-erratic (medium/high),goals and monitor,0,60,60,64,42,0.9375,39,0.9285714285714286,36.5389,1.7945497571488755,33.0,39.0,0.15808419158084192,0.15873015873015872,36.5761,1.7407216323065897,33.0,39.0,0.1304869513048695,,,,,,,,,,,,0.6323367663233677,0.521947805219478,,
pelt_l2,daily,lexical,monitor likely-scaffolding-issue (high),goals and monitor,0,4,4,64,42,0.0625,3,0.07142857142857142,2.4218,1.6681016204960748,0.0,6.0,0.3758624137586241,0.38095238095238093,2.4415,1.7235065411769541,0.0,6.0,0.4343565643435656,,,,,,,,,,,,1.0,1.0,,
pelt_l2,daily,lexical,monitor emotional-or-erratic (high),goals and monitor,0,8,8,64,42,0.125,4,0.09523809523809523,4.8789,2.1335158726847805,2.0,11.0,0.7104289571042895,0.7142857142857143,4.8824,2.3775902787388232,1.0,10.0,0.6971302869713029,,,,,,,,,,,,1.0,1.0,,
pelt_l2,daily,lexical,all,summary,1,186,110,389,199,0.5886889460154242,128,0.6432160804020101,117.6334,8.322050834560512,102.0,134.0,0.11038896110388961,0.109375,130.0876,8.416425004774062,113.0,146.0,0.627037296270373,116.94736842105263,8.372804765974351,101.625,132.125,0.11688311688311688,76,130.0422,8.418592900873819,113.0,146.0,0.6195380461953804,,,,
pelt_l2,daily,lexical,scaffolding,summary,1,126,88,389,199,0.5038560411311054,116,0.5829145728643216,100.6501,8.44408670313285,85.0,117.0,0.033996600339966,0.033854166666666664,112.4229,8.579126746445302,96.0,129.0,0.35866413358664134,100.23684210526316,7.716421313973002,86.875,114.375,0.03896103896103896,76,112.5119,8.719831531411236,95.0,130.0,0.36746325367463256,,,,
pelt_l2,daily,lexical,roster only,changelog categories,1,60,43,389,199,0.2827763496143959,64,0.32160804020100503,56.8516,6.974140900794191,42.0,69.02499999999964,0.17318268173182683,0.17447916666666666,58.9988,7.450634184750684,45.0,74.0,0.271972802719728,56.60526315789474,7.297632396640106,44.75,70.25,0.18181818181818182,76,58.7263,7.359918827712372,45.0,73.0,0.25807419258074193,0.8659134086591341,1.0,0.9090909090909092,1.0
pelt_l2,daily,lexical,prompt (goal pooled),changelog categories,1,55,49,389,199,0.32390745501285345,77,0.3869346733668342,64.9101,7.312726275921905,51.0,79.0,0.06879312068793121,0.06510416666666667,69.2557,7.878015221004732,54.0,85.0,0.17838216178382163,63.55263157894737,6.487721195904574,53.0,77.0,0.06493506493506493,76,69.3168,7.964721052123785,54.0,85.0,0.18568143185681432,0.5503449655034497,1.0,0.5194805194805194,1.0
pelt_l2,daily,lexical,prompt without goal,changelog categories,1,39,36,389,199,0.2544987146529563,63,0.3165829145728643,50.5931,6.619540333091274,38.0,64.0,0.031096890310968902,0.03125,53.898,7.28769559262083,40.0,68.0,0.12258774122587741,49.48684210526316,6.367612678867189,39.75,63.25,0.05194805194805195,76,53.8064,7.245782854662268,40.0,68.0,0.1146885311468853,0.2798720127987201,1.0,0.4675324675324676,1.0
pelt_l2,daily,lexical,tool,changelog categories,1,54,43,389,199,0.30077120822622105,67,0.33668341708542715,59.8914,8.09542831701718,45.0,77.0,0.20307969203079693,0.1953125,65.5791,7.899150767537281,50.0,81.0,0.4527547245275472,59.5921052631579,7.756593120829869,44.875,76.25,0.2077922077922078,76,65.2808,8.015820400786794,50.0,81.0,0.43345665433456654,0.8659134086591341,1.0,0.9090909090909092,1.0
pelt_l2,daily,lexical,memory,changelog categories,1,18,17,389,199,0.10539845758354757,26,0.1306532663316583,21.5175,4.666162347915652,13.0,31.0,0.19928007199280073,0.19791666666666666,25.5046,5.2915951222569735,16.0,36.0,0.49175082491750827,21.55263157894737,4.72269622664033,13.875,31.0,0.2077922077922078,76,25.6756,5.354776559596144,16.0,36.0,0.5030496950304969,0.8659134086591341,1.0,0.9090909090909092,1.0
pelt_l2,daily,lexical,model,changelog categories,1,51,40,389,199,0.29562982005141386,69,0.34673366834170855,59.2907,7.196872446229732,46.0,73.0,0.12358764123587641,0.125,60.3146,7.688584933121788,45.0,76.0,0.14228577142285773,59.73684210526316,7.124359004715454,47.875,75.25,0.11688311688311688,76,60.476,7.638000910303075,46.0,75.0,0.14998500149985,0.8651134886511349,1.0,0.8181818181818181,1.0
pelt_l2,daily,lexical,goal,changelog categories,1,16,15,389,199,0.09768637532133675,22,0.11055276381909548,19.866,5.350991245622728,9.0,31.0,0.38046195380461956,0.3828125,22.302,5.052340904458198,13.0,33.0,0.5477452254774523,19.710526315789473,4.649919825756667,11.75,29.125,0.3246753246753247,76,22.3599,4.823017534678263,13.0,32.0,0.5578442155784421,0.8659134086591341,1.0,0.9090909090909092,1.0
pelt_l2,daily,lexical,chat,changelog categories,1,29,25,389,199,0.16966580976863752,39,0.19597989949748743,34.1673,6.937948127683159,22.0,49.0,0.26607339266073393,0.265625,36.8569,6.123166803801014,25.0,49.0,0.38466153384661533,34.026315789473685,6.37489593998318,22.625,47.625,0.19480519480519481,76,37.4484,6.224002832673368,26.0,50.0,0.42815718428157185,0.8659134086591341,1.0,0.9090909090909092,1.0
pelt_l2,daily,lexical,other,changelog categories,1,12,12,389,199,0.08740359897172237,23,0.11557788944723618,17.2719,4.718791909981725,9.0,27.0,0.12998700129987,0.1328125,17.8446,4.656502887566397,9.0,27.0,0.15758424157584242,16.32894736842105,4.978321424991191,8.875,27.125,0.12987012987012986,76,17.6627,4.389516544626476,10.0,27.0,0.1367863213678632,0.8651134886511349,1.0,0.8181818181818181,1.0
pelt_l2,daily,lexical,village goal transitions,goals and monitor,1,51,51,389,199,0.37532133676092544,81,0.40703517587939697,75.1994,8.264954360857578,59.0,90.0,0.2686731326867313,0.2708333333333333,68.5285,7.692457678825023,54.0,84.0,0.0608939106089391,72.1842105263158,6.010458720853818,60.0,83.375,0.07792207792207792,76,73.3933,6.68647036923068,60.0,86.0,0.1461853814618538,1.0,0.3653634636536346,0.15584415584415584,0.2923707629237076
pelt_l2,daily,lexical,scaffolding + goal transitions,goals and monitor,1,177,118,389,199,0.6401028277634961,144,0.7236180904522613,127.9568,8.806718434749627,109.0,143.0,0.022297770222977704,0.020833333333333332,135.8207,8.230888546361582,119.0,151.0,0.17918208179182082,125.8157894736842,7.139954297362207,113.875,140.125,0.012987012987012988,76,138.2115,7.9184997325125535,122.0,153.0,0.2558744125587441,0.14908509149085092,0.8959104089591041,0.03896103896103896,0.2923707629237076
pelt_l2,daily,lexical,agent goal changes,goals and monitor,1,33,8,55,27,0.1393939393939394,8,0.2962962962962963,3.9573,1.5078143322060713,1.0,7.0,0.0212978702129787,0.02,3.9098,1.9817307298592728,0.0,8.0,0.042995700429957005,3.8,1.5491933384829668,2.0,6.550000000000001,0.09090909090909091,10,4.0133,2.105223576400061,1.0,9.0,0.07039296070392961,0.14908509149085092,0.30096990300969906,0.15584415584415584,0.21117888211178884
pelt_l2,daily,lexical,monitor likely-scaffolding-issue (medium/high),goals and monitor,1,55,55,64,42,1.0,42,1.0,41.3807,1.2018785134929901,38.0,42.0,0.7087291270872913,0.711864406779661,41.3604,1.1305926162709523,38.0,42.0,0.6813318668133187,,,,,,,,,,,,1.0,1.0,,
pelt_l2,daily,lexical,monitor emotional-or-erratic (medium/high),goals and monitor,1,60,60,64,42,1.0,42,1.0,41.6398,0.9233315840592761,38.0,42.0,0.8282171782821718,0.8305084745762712,41.7899,0.6206420140878034,40.0,42.0,0.875012498750125,,,,,,,,,,,,1.0,1.0,,
pelt_l2,daily,lexical,monitor likely-scaffolding-issue (high),goals and monitor,1,4,4,64,42,0.171875,5,0.11904761904761904,6.9449,2.6019110254000637,2.0,12.0,0.8113188681131887,0.8135593220338984,6.6215,2.871386814106317,2.0,13.0,0.7555244475552445,,,,,,,,,,,,1.0,1.0,,
pelt_l2,daily,lexical,monitor emotional-or-erratic (high),goals and monitor,1,8,8,64,42,0.234375,9,0.21428571428571427,10.0868,2.734668828461709,6.0,16.0,0.7624237576242375,0.7627118644067796,12.5246,3.6652337215822106,6.0,20.0,0.8640135986401359,,,,,,,,,,,,1.0,1.0,,
pelt_l2,daily,lexical,all,summary,2,186,110,389,199,0.7326478149100256,149,0.7487437185929648,146.8467,7.701423913993457,132.0,162.0,0.42695730426957307,0.4263157894736842,163.6723,7.692075760999192,148.0,178.0,0.9714028597140286,146.53947368421052,7.628788963697422,132.0,160.125,0.42857142857142855,76,163.8127,7.6835748478325,148.0,178.0,0.9702029797020298,,,,
pelt_l2,daily,lexical,scaffolding,summary,2,126,88,389,199,0.6349614395886889,138,0.6934673366834171,127.3775,8.677195579351213,111.0,142.0,0.1324867513248675,0.13157894736842105,147.4226,8.764958168135712,130.0,164.0,0.8666133386661334,126.44736842105263,9.044180061368534,108.5,140.5,0.11688311688311688,76,147.5512,8.662209992155283,130.0,164.0,0.8763123687631237,,,,
pelt_l2,daily,lexical,roster only,changelog categories,2,60,43,389,199,0.41645244215938304,86,0.4321608040201005,83.9904,8.079569034520242,67.0,98.0,0.44515548445155484,0.4394736842105263,88.654,8.87424133185038,71.0,106.0,0.6372362763723628,83.89473684210526,8.74616708029816,69.75,97.125,0.45454545454545453,76,88.4258,8.764004514918609,71.0,106.0,0.6324367563243676,1.0,1.0,1.0,1.0
pelt_l2,daily,lexical,prompt (goal pooled),changelog categories,2,55,49,389,199,0.4498714652956298,109,0.5477386934673367,90.3122,7.879793161881053,77.0,107.0,0.0058994100589941,0.005263157894736842,100.2659,9.209173582781887,82.0,118.0,0.18838116188381163,89.63157894736842,7.5097130087430255,75.875,103.0,0.012987012987012988,76,100.0509,9.054065760788358,82.0,118.0,0.17588241175882413,0.053094690530946904,1.0,0.1168831168831169,1.0
pelt_l2,daily,lexical,prompt without goal,changelog categories,2,39,36,389,199,0.37532133676092544,89,0.4472361809045226,74.4365,7.878665819001892,60.0,91.0,0.032896710328967106,0.034210526315789476,79.671,8.637686030529022,63.0,97.0,0.15408459154084592,74.52631578947368,7.117066219935526,62.875,89.125,0.05194805194805195,76,79.4352,8.760689238158877,62.0,97.0,0.1488851114888511,0.23027697230276975,1.0,0.36363636363636365,1.0
pelt_l2,daily,lexical,tool,changelog categories,2,54,43,389,199,0.4087403598971722,79,0.3969849246231156,81.5134,9.003950663611795,64.0,99.0,0.6385361463853615,0.631578947368421,93.7112,9.166536810579553,76.0,111.0,0.9521047895210479,81.60526315789474,8.184666879587988,65.75,96.125,0.6363636363636364,76,93.737,9.132150382963571,76.0,112.0,0.952004799520048,1.0,1.0,1.0,1.0
pelt_l2,daily,lexical,memory,changelog categories,2,18,17,389,199,0.15938303341902313,35,0.17587939698492464,32.6005,5.510420693887388,23.0,43.0,0.3564643535646435,0.3684210526315789,40.428,6.767377316181945,28.0,54.0,0.8055194480551945,32.36842105263158,5.57337026765232,22.875,43.125,0.33766233766233766,76,40.3811,6.736022579387558,28.0,54.0,0.805019498050195,1.0,1.0,1.0,1.0
pelt_l2,daily,lexical,model,changelog categories,2,51,40,389,199,0.41645244215938304,84,0.4221105527638191,83.9468,7.917792552466273,69.0,99.0,0.49955004499550043,0.5,87.5779,9.040105305824376,70.0,105.0,0.671032896710329,83.88157894736842,7.879030575332065,70.875,100.25,0.5194805194805194,76,87.3739,8.963020270156502,70.0,105.0,0.6607339266073393,1.0,1.0,1.0,1.0
pelt_l2,daily,lexical,goal,changelog categories,2,16,15,389,199,0.14652956298200515,37,0.18592964824120603,30.0454,6.619888302087371,17.0,44.0,0.17018298170182983,0.16578947368421051,35.7709,6.447834570385991,24.0,49.0,0.44555544445555445,30.039473684210527,6.450717354369583,18.75,45.25,0.16883116883116883,76,36.1364,6.299425633844059,24.0,49.0,0.46955304469553044,0.9611038896110389,1.0,1.0,1.0
pelt_l2,daily,lexical,chat,changelog categories,2,29,25,389,199,0.2519280205655527,59,0.2964824120603015,51.027,8.018746849109467,35.0,68.0,0.1601839816018398,0.15789473684210525,57.1486,7.717828355661503,42.0,73.0,0.4310568943105689,50.5,8.070522494444416,35.875,65.625,0.18181818181818182,76,57.5866,7.714677703261914,43.0,73.0,0.4480551944805519,0.9611038896110389,1.0,1.0,1.0
pelt_l2,daily,lexical,other,changelog categories,2,12,12,389,199,0.13367609254498714,40,0.20100502512562815,26.3301,5.8270515222489925,16.0,37.0,0.007599240075992401,0.007894736842105263,28.9948,5.825406981203087,18.0,41.0,0.0403959604039596,26.144736842105264,6.030376322957899,15.875,37.0,0.012987012987012988,76,29.2794,5.844189515673625,18.0,41.0,0.044195580441955803,0.06079392060793921,0.3635636436356364,0.1168831168831169,0.39776022397760225
pelt_l2,daily,lexical,village goal transitions,goals and monitor,2,51,51,389,199,0.5886889460154242,122,0.6130653266331658,118.156,9.263468312922457,98.0,134.0,0.38876112388761125,0.3868421052631579,100.7068,9.027025117847398,83.0,119.0,0.0115988401159884,117.60526315789474,9.939924811745705,96.875,138.125,0.38961038961038963,76,115.56,8.18836399596971,99.0,131.0,0.23947605239476052,1.0,0.0811918808119188,0.5454545454545454,0.47895210478952105
pelt_l2,daily,lexical,scaffolding + goal transitions,goals and monitor,2,177,118,389,199,0.7840616966580977,169,0.8492462311557789,156.9651,8.176390849680113,140.0,169.0,0.0332966703329667,0.034210526315789476,168.6037,7.423715879917993,153.0,182.0,0.5237476252374762,155.68421052631578,8.223884769484213,137.875,167.0,0.012987012987012988,76,172.5964,6.845333658726209,159.0,185.0,0.7369263073692631,0.23307669233076692,1.0,0.03896103896103896,0.7369263073692631
pelt_l2,daily,lexical,agent goal changes,goals and monitor,2,33,8,55,27,0.22626262626262628,10,0.37037037037037035,6.5217,1.8867657773316358,4.0,11.0,0.08689131086891311,0.08695652173913043,6.2027,2.3851166822943517,2.0,11.0,0.0871912808719128,6.7,2.6687491868330797,4.225,11.775,0.2727272727272727,10,6.3805,2.493379522684907,2.0,12.0,0.11548845115488451,0.5213478652134786,0.5231476852314768,0.5454545454545454,0.34646535346465357
pelt_l2,daily,lexical,monitor likely-scaffolding-issue (medium/high),goals and monitor,2,55,55,64,42,1.0,42,1.0,41.9618,0.2737667891207452,42.0,42.0,0.9809019098090191,0.9818181818181818,41.9458,0.36834213388201914,42.0,42.0,0.9758024197580242,,,,,,,,,,,,1.0,1.0,,
pelt_l2,daily,lexical,monitor emotional-or-erratic (medium/high),goals and monitor,2,60,60,64,42,1.0,42,1.0,41.9636,0.2673615309254902,42.0,42.0,0.9818018198180182,0.9818181818181818,41.9933,0.12351775444674484,42.0,42.0,0.9968003199680032,,,,,,,,,,,,1.0,1.0,,
pelt_l2,daily,lexical,monitor likely-scaffolding-issue (high),goals and monitor,2,4,4,64,42,0.28125,8,0.19047619047619047,11.1246,3.0643782210079977,5.0,16.0,0.8715128487151285,0.8727272727272727,10.3894,3.5741355716464436,4.0,17.0,0.778022197780222,,,,,,,,,,,,1.0,1.0,,
pelt_l2,daily,lexical,monitor emotional-or-erratic (high),goals and monitor,2,8,8,64,42,0.328125,12,0.2857142857142857,14.2961,2.4052865380933377,10.0,19.0,0.8745125487451255,0.8727272727272727,18.4417,4.383346037246914,10.0,27.0,0.9434056594340566,,,,,,,,,,,,1.0,1.0,,
pelt_l2,daily,lexical,all,summary,3,186,110,389,199,0.8123393316195373,158,0.7939698492462312,163.1018,6.8402862302370915,150.0,176.0,0.7851214878512148,0.7845744680851063,181.1092,6.4530798525942945,167.0,192.0,0.9991000899910009,163.54054054054055,7.011124602869648,150.6,176.0,0.8133333333333334,74,181.2398,6.4952070583987656,167.0,193.0,0.999000099990001,,,,
pelt_l2,daily,lexical,scaffolding,summary,3,126,88,389,199,0.717223650385604,146,0.7336683417085427,144.2271,8.546310872707199,127.0,160.0,0.46565343465653436,0.4627659574468085,168.5568,7.875606406977672,152.0,183.0,0.996000399960004,144.7027027027027,8.613035246472576,125.825,158.175,0.44,74,168.9399,7.869515926541594,153.0,183.0,0.9964003599640036,,,,
pelt_l2,daily,lexical,roster only,changelog categories,3,60,43,389,199,0.5089974293059126,92,0.4623115577889447,102.8663,8.385967848476142,86.0,118.0,0.904009599040096,0.9042553191489362,111.8045,9.736896860193529,93.0,131.0,0.9809019098090191,102.91891891891892,8.400516547648031,86.65,117.175,0.92,74,111.6446,9.708115965086076,93.0,130.0,0.9804019598040196,1.0,1.0,1.0,1.0
pelt_l2,daily,lexical,prompt (goal pooled),changelog categories,3,55,49,389,199,0.5449871465295629,125,0.628140703517588,109.6711,8.153341185504795,96.0,128.0,0.0537946205379462,0.05319148936170213,123.9461,9.766152392997784,104.0,143.0,0.47975202479752027,109.67567567567568,8.396196314457343,96.825,126.35,0.08,74,124.6674,9.799896991198622,105.0,144.0,0.512048795120488,0.4303569643035696,1.0,0.64,1.0
pelt_l2,daily,lexical,prompt without goal,changelog categories,3,39,36,389,199,0.480719794344473,108,0.542713567839196,95.416,8.473271129402342,81.0,112.0,0.08049195080491951,0.08244680851063829,101.0502,9.721169172121597,82.0,120.0,0.254974502549745,95.77027027027027,8.740626756150666,83.0,112.52499999999999,0.12,74,101.6057,9.553279752284162,83.0,120.0,0.2696730326967303,0.5634436556344365,1.0,0.84,1.0
pelt_l2,daily,lexical,tool,changelog categories,3,54,43,389,199,0.4910025706940875,98,0.49246231155778897,97.5491,9.438882266446806,80.0,116.0,0.5058494150584941,0.5132978723404256,115.7908,9.862533260589371,97.0,135.0,0.9687031296870313,97.45945945945945,9.073805727959185,79.825,113.0,0.5066666666666667,74,116.195,9.893207900183622,97.0,135.0,0.9686031396860314,1.0,1.0,1.0,1.0
pelt_l2,daily,lexical,memory,changelog categories,3,18,17,389,199,0.20822622107969152,42,0.21105527638190955,42.9571,6.379038234944221,31.0,56.0,0.5756424357564244,0.5691489361702128,54.1506,7.838830548394107,39.0,70.0,0.9475052494750525,42.729729729729726,6.340341154334726,33.0,54.0,0.5733333333333334,74,54.3167,7.806259980265066,39.0,70.0,0.9505049495050495,1.0,1.0,1.0,1.0
pelt_l2,daily,lexical,model,changelog categories,3,51,40,389,199,0.506426735218509,91,0.457286432160804,102.2723,8.047585294540673,88.0,118.0,0.9401059894010599,0.9414893617021277,109.5289,9.873768982581684,90.0,128.0,0.9716028397160283,102.24324324324324,7.915323807723731,87.3,117.0,0.9333333333333333,74,109.3612,9.87591453632487,90.0,128.0,0.9706029397060294,1.0,1.0,1.0,1.0
pelt_l2,daily,lexical,goal,changelog categories,3,16,15,389,199,0.18251928020565553,48,0.24120603015075376,37.6073,7.421616720733761,24.0,53.0,0.10728927107289271,0.10638297872340426,48.246,7.585844613742783,34.0,63.0,0.5355464453554645,37.16216216216216,7.8094200704250065,23.475,54.175,0.13333333333333333,74,48.8558,7.464702173419498,34.0,64.0,0.5695430456954305,0.6437356264373563,1.0,0.84,1.0
pelt_l2,daily,lexical,chat,changelog categories,3,29,25,389,199,0.32390745501285345,70,0.35175879396984927,65.6391,8.48684003828183,48.0,81.0,0.3043695630436956,0.30851063829787234,75.08,8.841233892487754,58.0,93.0,0.7355264473552645,64.82432432432432,8.349158120315506,49.0,79.175,0.3333333333333333,74,75.4829,8.857288114613555,58.0,93.0,0.7458254174582541,1.0,1.0,1.0,1.0
pelt_l2,daily,lexical,other,changelog categories,3,12,12,389,199,0.17480719794344474,50,0.25125628140703515,34.3708,6.513105972954954,23.0,47.0,0.0020997900209979003,0.0026595744680851063,39.5696,6.784803548808144,27.0,53.0,0.0741925807419258,33.891891891891895,6.035437738928412,21.825,45.0,0.013333333333333334,74,40.427,7.072458763916318,27.0,54.0,0.1004899510048995,0.018898110188981104,0.6677332266773323,0.12000000000000001,0.9044095590440956
pelt_l2,daily,lexical,village goal transitions,goals and monitor,3,51,51,389,199,0.6503856041131106,128,0.6432160804020101,130.9127,9.346155026072333,113.0,147.0,0.6694330566943306,0.675531914893617,125.3732,9.721377077206075,106.0,144.0,0.42105789421057893,130.71621621621622,10.297652705363555,114.0,147.52499999999998,0.64,74,138.564,8.247806170774327,122.0,154.0,0.9078092190780922,1.0,1.0,0.6666666666666666,1.0
pelt_l2,daily,lexical,scaffolding + goal transitions,goals and monitor,3,177,118,389,199,0.8226221079691517,172,0.864321608040201,165.0098,7.915274418294775,149.0,176.0,0.251974802519748,0.2526595744680851,184.4791,5.940933652151481,171.0,195.0,0.9741025897410259,164.8918918918919,8.252135576757912,149.825,177.175,0.29333333333333333,74,186.9218,5.3197100194906435,175.0,196.0,0.9922007799220078,1.0,1.0,0.6666666666666666,1.0
pelt_l2,daily,lexical,agent goal changes,goals and monitor,3,33,8,55,27,0.31313131313131315,12,0.4444444444444444,9.3172,2.1207154225379554,6.0,13.0,0.14158584141585842,0.14285714285714285,8.336,2.4611602408159237,4.0,13.0,0.10328967103289671,9.875,2.100170061141308,6.35,12.65,0.2222222222222222,8,8.4461,2.405675272631727,4.0,13.0,0.11158884111588842,0.991100889911009,0.7230276972302769,0.6666666666666666,0.33476652334766527
pelt_l2,daily,lexical,monitor likely-scaffolding-issue (medium/high),goals and monitor,3,55,55,64,42,1.0,42,1.0,42.0,0.0,42.0,42.0,1.0,1.0,41.9989,0.041218441212515534,42.0,42.0,0.9992000799920008,,,,,,,,,,,,1.0,1.0,,
pelt_l2,daily,lexical,monitor emotional-or-erratic (medium/high),goals and monitor,3,60,60,64,42,1.0,42,1.0,42.0,0.0,42.0,42.0,1.0,1.0,42.0,0.0,42.0,42.0,1.0,,,,,,,,,,,,1.0,1.0,,
pelt_l2,daily,lexical,monitor likely-scaffolding-issue (high),goals and monitor,3,4,4,64,42,0.390625,11,0.2619047619047619,15.7551,3.4784959369529727,9.0,23.0,0.9208079192080791,0.9215686274509803,14.0488,4.120232540964061,6.0,22.0,0.793020697930207,,,,,,,,,,,,1.0,1.0,,
pelt_l2,daily,lexical,monitor emotional-or-erratic (high),goals and monitor,3,8,8,64,42,0.421875,20,0.47619047619047616,18.8719,2.5704768283554924,15.0,24.0,0.4062593740625937,0.4117647058823529,23.8345,4.841245037730639,14.0,33.0,0.8113188681131887,,,,,,,,,,,,1.0,1.0,,
pelt_l2,persistent,agent,all,summary,0,186,110,389,472,0.32904884318766064,229,0.4851694915254237,197.502,31.44738923708903,142.0,254.0,0.19738026197380262,0.19072164948453607,204.8075,21.489858658272166,164.0,247.0,0.14008599140085992,200.73684210526315,29.82632770827484,149.375,251.125,0.22077922077922077,76,207.5239,21.353206427430827,166.0,249.0,0.16368363163683633,,,,
pelt_l2,persistent,agent,scaffolding,summary,0,126,88,389,472,0.2750642673521851,176,0.3728813559322034,167.7583,34.628228261481304,110.0,228.0,0.43115688431156884,0.422680412371134,176.5087,22.35572638408817,133.0,221.0,0.516048395160484,171.93421052631578,33.88739609405077,116.375,230.875,0.45454545454545453,76,181.1996,21.913885590605968,140.0,224.0,0.5957404259574043,,,,
pelt_l2,persistent,agent,roster only,changelog categories,0,60,43,389,472,0.11053984575835475,114,0.24152542372881355,84.0109,19.92521223471057,46.0,121.0,0.0683931606839316,0.07216494845360824,86.6586,16.07751519014891,57.0,119.0,0.05449455054494551,84.86842105263158,20.799578268329167,49.75,126.375,0.07792207792207792,76,87.5259,15.65528147219964,58.0,119.0,0.055694430556944306,0.41035896410358963,0.38146185381461856,0.4675324675324675,0.38986101389861016
pelt_l2,persistent,agent,prompt (goal pooled),changelog categories,0,55,49,389,472,0.14395886889460152,133,0.2817796610169492,99.6626,16.696120426126793,68.0,128.0,0.017198280171982803,0.01804123711340206,105.4725,17.986845093279726,72.0,141.0,0.07119288071192881,102.67105263157895,15.942720937066953,75.625,136.5,0.05194805194805195,76,109.5624,18.22423986156496,75.0,146.0,0.10638936106389361,0.12038796120387962,0.42715728427157285,0.36363636363636365,0.6383361663833617
pelt_l2,persistent,agent,prompt without goal,changelog categories,0,39,36,389,472,0.11053984575835475,80,0.1694915254237288,79.4261,18.641279154576594,45.0,118.0,0.47365263473652636,0.4742268041237113,83.241,17.28275986001188,51.0,119.0,0.5712428757124287,79.80263157894737,18.398564970737695,45.75,117.125,0.5324675324675324,76,84.298,17.26119320554312,52.0,119.0,0.6000399960003999,0.9473052694730527,1.0,1.0,1.0
pelt_l2,persistent,agent,tool,changelog categories,0,54,43,389,472,0.15167095115681234,90,0.1906779661016949,98.3574,35.32213230459133,42.0,164.0,0.5460453954604539,0.5438144329896907,104.0401,22.045958686785248,65.0,149.0,0.7282271772822718,101.6842105263158,36.46156351605191,42.5,160.25,0.5844155844155844,76,107.5361,22.416506123048624,67.0,154.0,0.781921807819218,0.9473052694730527,1.0,1.0,1.0
pelt_l2,persistent,agent,memory,changelog categories,0,18,17,389,472,0.04627249357326478,64,0.13559322033898305,33.8611,10.59250805582376,16.0,55.0,0.007099290070992901,0.007731958762886598,37.8919,12.088466713886806,17.0,64.0,0.027197280271972803,31.144736842105264,10.742692334628748,14.875,50.75,0.025974025974025976,76,36.6465,11.632294218118698,17.0,62.0,0.019598040195980403,0.06389361063893612,0.21757824217578242,0.2337662337662338,0.15678432156784322
pelt_l2,persistent,agent,model,changelog categories,0,51,40,389,472,0.13367609254498714,112,0.23728813559322035,92.1795,24.60226426349187,45.0,131.0,0.24747525247475252,0.25,94.2285,21.499588623531803,57.0,139.0,0.2176782321767823,91.85526315789474,25.471397787776745,47.625,128.0,0.2597402597402597,76,94.6754,21.523943942881044,59.0,139.0,0.22677732226777322,0.7424257574242575,0.7479252074792521,0.935064935064935,0.9071092890710929
pelt_l2,persistent,agent,goal,changelog categories,0,16,15,389,472,0.038560411311053984,75,0.15889830508474576,29.7347,18.05312458940956,8.0,67.0,0.0084991500849915,0.007731958762886598,32.7867,10.897746519254326,14.0,57.0,0.0005999400059994001,31.736842105263158,20.210471491153708,5.875,74.5,0.03896103896103896,76,36.0838,11.396910393464172,16.0,61.0,0.0020997900209979003,0.067993200679932,0.0053994600539946005,0.3116883116883117,0.018898110188981104
pelt_l2,persistent,agent,chat,changelog categories,0,29,25,389,472,0.06940874035989718,68,0.1440677966101695,51.9495,16.61734525627775,24.0,86.0,0.1845815418458154,0.18556701030927836,55.1864,13.822972274306624,30.0,84.0,0.18698130186981302,54.25,16.528056953757954,29.0,86.75,0.23376623376623376,76,57.6644,13.947086604824545,33.0,86.02499999999964,0.23727627237276272,0.7383261673832616,0.7479252074792521,0.935064935064935,0.9071092890710929
pelt_l2,persistent,agent,other,changelog categories,0,12,12,389,472,0.030848329048843187,40,0.0847457627118644,25.0443,10.682881161231295,8.0,49.0,0.10088991100889912,0.10309278350515463,26.4783,9.889383656270502,10.0,48.024999999999636,0.10218978102189781,25.486842105263158,10.758554327978745,7.875,51.125,0.09090909090909091,76,27.9212,9.87287890808924,11.0,49.0,0.12738726127387262,0.5044495550444956,0.5109489051094891,0.4675324675324675,0.6383361663833617
pelt_l2,persistent,agent,village goal transitions,goals and monitor,0,51,51,389,472,0.13110539845758354,149,0.3156779661016949,109.4771,27.18165116040563,64.0,163.0,0.08239176082391761,0.07989690721649484,100.5501,16.555956630771778,69.97500000000002,134.0,0.0017998200179982,127.15789473684211,30.723737893938598,74.0,171.0,0.33766233766233766,76,129.3926,15.819155786861096,98.0,160.0,0.11208879112088792,0.4119588041195881,0.0125987401259874,0.6753246753246753,0.26847315268473154
pelt_l2,persistent,agent,scaffolding + goal transitions,goals and monitor,0,177,118,389,472,0.34704370179948585,222,0.4703389830508475,210.5088,42.53235030705762,139.0,280.0,0.4597540245975402,0.45103092783505155,214.2994,21.01247039334507,174.0,256.0,0.36326367363263673,223.3815789473684,44.212205586319904,152.625,298.125,0.5844155844155844,76,232.6066,20.19862457900261,194.0,273.0,0.7093290670932907,0.8121187881211879,0.7265273472652735,0.6753246753246753,0.7093290670932907
pelt_l2,persistent,agent,agent goal changes,goals and monitor,0,33,8,55,166,0.018181818181818184,15,0.09036144578313253,4.6543,3.1519493949774717,0.0,12.0,0.00009999000099990002,0.0,4.8576,3.3868081266774905,0.0,13.0,0.020397960203979604,4.4,3.306559138036598,0.0,9.875000000000002,0.09090909090909091,10,5.3089,4.0444674014826925,0.0,15.0,0.08949105089491051,0.0006999300069993001,0.107989201079892,0.2727272727272727,0.26847315268473154
pelt_l2,persistent,agent,monitor likely-scaffolding-issue (medium/high),goals and monitor,0,55,55,64,209,0.859375,181,0.8660287081339713,173.5987,5.157840501786012,163.0,184.0,0.09149085091490851,0.09523809523809523,173.672,6.41034517421061,160.0,185.0,0.1426857314268573,,,,,,,,,,,,0.4119588041195881,0.5707429257074292,,
pelt_l2,persistent,agent,monitor emotional-or-erratic (medium/high),goals and monitor,0,60,60,64,209,0.9375,194,0.9282296650717703,185.8731,4.979485507318177,171.0,195.0,0.046795320467953205,0.047619047619047616,186.1778,4.495420785733421,176.0,193.0,0.017998200179982,,,,,,,,,,,,0.28077192280771923,0.107989201079892,,
pelt_l2,persistent,agent,monitor likely-scaffolding-issue (high),goals and monitor,0,4,4,64,209,0.0625,26,0.12440191387559808,19.9594,5.6475075098761405,9.0,32.0,0.20257974202579743,0.20634920634920634,19.2834,6.121979443221802,8.0,32.0,0.1561843815618438,,,,,,,,,,,,0.6077392260773923,0.5707429257074292,,
pelt_l2,persistent,agent,monitor emotional-or-erratic (high),goals and monitor,0,8,8,64,209,0.125,36,0.1722488038277512,32.798,8.55708585745388,17.0,49.0,0.40605939406059394,0.4126984126984127,36.4591,7.961385906772492,22.0,52.0,0.5357464253574643,,,,,,,,,,,,0.8121187881211879,0.7265273472652735,,
pelt_l2,persistent,agent,all,summary,1,186,110,389,472,0.5886889460154242,325,0.6885593220338984,302.2342,37.0661832477267,230.0,361.0,0.3421657834216578,0.34375,334.6356,24.651060425831822,284.0,380.0,0.6713328667133287,304.2763157894737,33.45867049927339,241.875,354.375,0.35064935064935066,76,337.4136,24.97123327529357,285.0,383.0,0.7121287871212879,,,,
pelt_l2,persistent,agent,scaffolding,summary,1,126,88,389,472,0.5038560411311054,237,0.5021186440677966,262.535,46.24546723003166,177.0,330.0,0.696930306969303,0.6901041666666666,295.5421,27.31397504782655,240.0,346.0,0.9812018798120188,263.0,44.25983883085583,183.0,327.375,0.7142857142857143,76,298.7151,26.96273040463609,244.0,349.0,0.9875012498750125,,,,
pelt_l2,persistent,agent,roster only,changelog categories,1,60,43,389,472,0.2827763496143959,208,0.4406779661016949,158.3195,33.59058874916085,91.0,217.0,0.055694430556944306,0.0546875,167.6955,26.522324994658973,116.0,220.0,0.0633936606339366,161.92105263157896,36.35042894121782,94.125,215.125,0.11688311688311688,76,170.4097,26.480173070933404,118.0,221.0,0.08099190080991901,0.38986101389861016,0.5071492850714928,0.7272727272727273,0.6479352064793521
pelt_l2,persistent,agent,prompt (goal pooled),changelog categories,1,55,49,389,472,0.32390745501285345,197,0.4173728813559322,177.0538,24.899500076716542,132.0,224.0,0.24077592240775922,0.24739583333333334,192.7949,27.94199186673971,137.0,247.0,0.44765523447655237,179.60526315789474,24.214088982721563,135.875,224.125,0.2987012987012987,76,196.4045,27.245181404075367,144.0,250.0,0.49755024497550243,0.9631036896310369,1.0,1.0,1.0
pelt_l2,persistent,agent,prompt without goal,changelog categories,1,39,36,389,472,0.2544987146529563,120,0.2542372881355932,143.899,29.287085418956146,85.0,201.0,0.8031196880311969,0.8020833333333334,151.8012,27.01538564718569,100.0,205.0,0.8845115488451155,145.89473684210526,29.419983660710813,88.875,201.0,0.8181818181818182,76,155.0537,27.223532621297302,103.0,208.0,0.9026097390260974,1.0,1.0,1.0,1.0
pelt_l2,persistent,agent,tool,changelog categories,1,54,43,389,472,0.30077120822622105,147,0.3114406779661017,161.7826,49.87683938613908,76.0,246.0,0.6392360763923608,0.6380208333333334,181.1674,29.652762196304533,124.0,240.0,0.8777122287771223,162.0921052631579,50.93451420051148,75.0,246.0,0.6623376623376623,76,184.7852,29.180757574491825,128.0,242.0,0.905009499050095,1.0,1.0,1.0,1.0
pelt_l2,persistent,agent,memory,changelog categories,1,18,17,389,472,0.10539845758354756,94,0.19915254237288135,61.6215,16.113305111309753,30.0,90.0,0.017298270172982702,0.018229166666666668,74.8711,20.823766415199042,37.0,117.0,0.18718128187181282,59.51315789473684,16.157964740690687,30.0,90.625,0.03896103896103896,76,71.8365,19.799221415673564,36.0,113.0,0.14008599140085992,0.13838616138386162,1.0,0.3116883116883117,0.8405159484051595
pelt_l2,persistent,agent,model,changelog categories,1,51,40,389,472,0.29562982005141386,210,0.4449152542372881,163.3561,37.18714806472955,91.0,220.0,0.06369363063693631,0.0625,168.5809,29.303510451181037,113.0,226.0,0.0892910708929107,166.23684210526315,38.374598689255414,95.625,218.5,0.1038961038961039,76,171.6763,29.06913517413232,115.0,229.0,0.10028997100289971,0.38986101389861016,0.625037496250375,0.7272727272727273,0.702029797020298
pelt_l2,persistent,agent,goal,changelog categories,1,16,15,389,472,0.09768637532133675,129,0.2733050847457627,56.0284,34.39960649095674,15.0,125.0,0.009799020097990201,0.010416666666666666,66.3501,19.77650224367543,31.0,108.0,0.001999800019998,56.43421052631579,34.499211788605955,16.875,120.75,0.025974025974025976,76,68.9529,19.737746564741006,33.97500000000002,111.0,0.0031996800319968005,0.08819118088191182,0.017998200179982,0.2337662337662338,0.028797120287971205
pelt_l2,persistent,agent,chat,changelog categories,1,29,25,389,472,0.16966580976863754,114,0.24152542372881355,97.4658,30.031097499786853,48.0,160.0,0.29117088291170884,0.296875,107.1054,23.952253795544763,63.0,156.0,0.38816118388161186,98.60526315789474,28.70311432457852,54.75,155.125,0.2987012987012987,76,111.4019,24.128257161870746,67.0,161.0,0.45235476452354767,0.9631036896310369,1.0,1.0,1.0
pelt_l2,persistent,agent,other,changelog categories,1,12,12,389,472,0.08740359897172237,69,0.1461864406779661,50.2202,18.597007738603622,18.0,89.0,0.17578242175782421,0.17708333333333334,53.555,18.168741985028348,22.0,92.0,0.20377962203779623,51.4078947368421,19.536753487775425,17.0,88.25,0.2077922077922078,76,56.6505,18.751258910299118,23.0,96.0,0.2602739726027397,0.8789121087891211,1.0,1.0,1.0
pelt_l2,persistent,agent,village goal transitions,goals and monitor,1,51,51,389,472,0.37532133676092544,242,0.5127118644067796,206.4862,49.782093520095394,121.0,295.0,0.27887211278872115,0.2786458333333333,191.3283,27.356779021767977,139.0,245.0,0.033396660333966606,218.55263157894737,54.55844443941857,129.125,294.75,0.4155844155844156,76,226.8193,24.83358850874803,177.0,275.0,0.28347165283471654,1.0,0.23377662233776625,0.8311688311688312,0.5669433056694331
pelt_l2,persistent,agent,scaffolding + goal transitions,goals and monitor,1,177,118,389,472,0.6401028277634961,293,0.6207627118644068,323.1384,56.40386675626508,223.0,398.0,0.6635336466353364,0.6666666666666666,347.5242,24.11962665546463,298.0,392.0,0.9841015898410159,326.89473684210526,57.47198249521087,233.5,402.0,0.6753246753246753,76,360.6521,22.437941342983564,314.0,402.0,0.9975002499750025,1.0,1.0,0.8311688311688312,0.9975002499750025
pelt_l2,persistent,agent,agent goal changes,goals and monitor,1,33,8,55,166,0.03844468784227821,17,0.10240963855421686,10.6413,6.175649615612715,0.0,25.0,0.12258774122587741,0.12,10.5655,6.1288878335802215,0.0,24.0,0.16108389161083891,8.9,5.685263601823773,1.125,19.750000000000004,0.18181818181818182,10,9.5898,5.078396889914883,0.0,20.0,0.18088191180881913,0.8581141885811419,0.9665033496650335,0.5454545454545454,0.5426457354264573
pelt_l2,persistent,agent,monitor likely-scaffolding-issue (medium/high),goals and monitor,1,55,55,64,209,1.0,209,1.0,206.6651,3.6120695860779684,197.0,209.0,0.48755124487551244,0.4915254237288136,206.4773,3.971455898810362,196.0,209.0,0.47315268473152683,,,,,,,,,,,,1.0,1.0,,
pelt_l2,persistent,agent,monitor emotional-or-erratic (medium/high),goals and monitor,1,60,60,64,209,1.0,209,1.0,207.8106,2.9747962251653686,198.0,209.0,0.7521247875212479,0.7457627118644068,208.1391,2.271093784214485,201.0,209.0,0.7669233076692331,,,,,,,,,,,,1.0,1.0,,
pelt_l2,persistent,agent,monitor likely-scaffolding-issue (high),goals and monitor,1,4,4,64,209,0.171875,40,0.19138755980861244,42.7452,10.598108744058775,24.0,64.0,0.5025497450254974,0.5084745762711864,40.5264,11.0392793971781,19.0,63.0,0.5301469853014699,,,,,,,,,,,,1.0,1.0,,
pelt_l2,persistent,agent,monitor emotional-or-erratic (high),goals and monitor,1,8,8,64,209,0.234375,60,0.28708133971291866,58.4375,14.415417932804367,36.0,84.0,0.40445955404459555,0.4067796610169492,73.2794,14.007203711504362,47.0,101.0,0.832016798320168,,,,,,,,,,,,1.0,1.0,,
pelt_l2,persistent,agent,all,summary,2,186,110,389,472,0.7326478149100257,356,0.7542372881355932,362.2802,34.87857995237119,299.0,416.0,0.6039396060393961,0.6052631578947368,401.936,22.55764147066071,353.0,440.0,0.9667033296670333,360.61842105263156,33.34984941705661,301.25,409.0,0.5974025974025974,76,402.8292,22.248364576584798,355.0,441.0,0.9743025697430256,,,,
pelt_l2,persistent,agent,scaffolding,summary,2,126,88,389,472,0.6349614395886889,260,0.5508474576271186,318.9656,49.970516526169604,223.0,386.0,0.8278172182781722,0.8263157894736842,366.5758,27.544315625775297,307.0,415.0,0.9993000699930007,315.5921052631579,50.06560432914103,225.125,379.25,0.7922077922077922,76,368.1921,26.837526392577374,312.0,415.0,0.9999000099990001,,,,
pelt_l2,persistent,agent,roster only,changelog categories,2,60,43,389,472,0.41645244215938304,247,0.5233050847457628,216.6777,42.09537771290904,132.0,282.0,0.2812718728127187,0.28157894736842104,231.4748,32.85629191725468,165.0,293.0,0.3350664933506649,219.22368421052633,40.99255174108601,139.625,285.375,0.2987012987012987,76,232.5824,32.3211212015854,168.0,295.0,0.34226577342265774,1.0,1.0,1.0,1.0
pelt_l2,persistent,agent,prompt (goal pooled),changelog categories,2,55,49,389,472,0.4498714652956299,230,0.4872881355932203,234.2979,27.745953567753595,183.0,283.0,0.5585441455854414,0.5578947368421052,259.0066,32.85719275823172,193.0,321.0,0.8141185881411859,232.44736842105263,29.12611416436785,182.25,282.5,0.5324675324675324,76,260.1786,32.67508635285937,195.0,323.0,0.8221177882211779,1.0,1.0,1.0,1.0
pelt_l2,persistent,agent,prompt without goal,changelog categories,2,39,36,389,472,0.37532133676092544,163,0.3453389830508475,198.8769,36.5706424277556,125.0,269.0,0.8592140785921408,0.8526315789473684,209.3082,33.0108737318244,145.0,273.0,0.919008099190081,198.78947368421052,36.6890776805936,129.875,273.375,0.8311688311688312,76,210.1682,33.21133854665912,145.0,275.0,0.9239076092390761,1.0,1.0,1.0,1.0
pelt_l2,persistent,agent,tool,changelog categories,2,54,43,389,472,0.40874035989717217,188,0.3983050847457627,208.6854,58.16948852946515,105.0,302.0,0.6645335466453355,0.6657894736842105,243.0398,34.06254308832746,175.0,308.0,0.9438056194380562,208.42105263157896,56.836669655635696,111.875,297.25,0.6623376623376623,76,243.7744,34.53356572026896,174.97500000000002,308.0,0.946905309469053,1.0,1.0,1.0,1.0
pelt_l2,persistent,agent,memory,changelog categories,2,18,17,389,472,0.15938303341902313,120,0.2542372881355932,86.7796,19.378508108150374,47.0,121.0,0.040195980401959805,0.03684210526315789,109.9392,27.795905536543682,57.0,165.0,0.36136386361363865,87.76315789473684,20.573036347642113,49.625,126.125,0.05194805194805195,76,108.8567,27.23665083347919,58.0,164.0,0.34626537346265374,0.36176382361763826,1.0,0.4675324675324676,1.0
pelt_l2,persistent,agent,model,changelog categories,2,51,40,389,472,0.41645244215938304,241,0.510593220338983,215.5257,44.05442337304931,129.0,278.0,0.36476352364763526,0.36578947368421055,228.5421,34.105963544003956,161.0,294.0,0.36926307369263073,217.17105263157896,41.929588012252076,138.5,275.125,0.4155844155844156,76,228.8252,33.860503515598126,162.0,293.0,0.37006299370062995,1.0,1.0,1.0,1.0
pelt_l2,persistent,agent,goal,changelog categories,2,16,15,389,472,0.14652956298200515,159,0.336864406779661,78.058,46.72622143911273,23.0,167.0,0.06419358064193581,0.060526315789473685,96.9925,26.153887786228523,48.0,150.0,0.0122987701229877,78.46052631578948,46.84426419231386,24.75,163.0,0.09090909090909091,76,99.5438,26.51490119835554,50.0,155.0,0.0188981101889811,0.5135486451354865,0.11068893110688931,0.7272727272727273,0.1700829917008299
pelt_l2,persistent,agent,chat,changelog categories,2,29,25,389,472,0.2519280205655527,148,0.3135593220338983,135.9943,35.940173025650715,73.0,208.0,0.37476252374762525,0.3736842105263158,153.1257,30.74842509909422,94.0,214.0,0.5743425657434257,133.69736842105263,34.55354096156364,79.875,200.0,0.33766233766233766,76,155.7036,30.89732693164818,97.0,217.0,0.6001399860013998,1.0,1.0,1.0,1.0
pelt_l2,persistent,agent,other,changelog categories,2,12,12,389,472,0.13367609254498714,99,0.2097457627118644,71.2494,24.067715411573932,26.0,121.0,0.1146885311468853,0.11315789473684211,79.2379,24.338059448192872,35.0,129.0,0.2091790820917908,71.78947368421052,24.510849727946294,32.125,118.75,0.12987012987012986,76,80.9937,24.8080028218799,35.0,132.0,0.24097590240975902,0.8028197180281972,1.0,0.909090909090909,1.0
pelt_l2,persistent,agent,village goal transitions,goals and monitor,2,51,51,389,472,0.5886889460154242,289,0.6122881355932204,292.2168,69.70174195128199,179.0,388.0,0.5620437956204379,0.5684210526315789,261.5572,32.16486259878317,197.0,322.0,0.204979502049795,294.32894736842104,70.40916382742515,177.75,390.125,0.5714285714285714,76,299.7349,30.170502944346016,238.0,356.0,0.654934506549345,1.0,1.0,1.0,1.0
pelt_l2,persistent,agent,scaffolding + goal transitions,goals and monitor,2,177,118,389,472,0.7840616966580977,316,0.6694915254237288,380.6113,58.175321650291814,280.0,449.0,0.7583241675832417,0.7578947368421053,411.6414,20.834303752736403,365.975,446.0,0.9998000199980002,377.5,60.24206725093908,278.875,447.125,0.7532467532467533,76,421.3093,19.13905598132744,378.0,453.0,0.9999000099990001,1.0,1.0,1.0,1.0
pelt_l2,persistent,agent,agent goal changes,goals and monitor,2,33,8,55,166,0.05870755750273823,20,0.12048192771084337,17.2432,7.62619627645163,0.0,35.0,0.2622737726227377,0.2608695652173913,16.33,7.782631748688458,0.0,31.0,0.3240675932406759,17.3,9.214119599831553,2.9250000000000003,33.95,0.2727272727272727,10,17.4574,7.126448194324199,0.0,34.0,0.3140685931406859,1.0,1.0,0.8181818181818181,0.9422057794220577
pelt_l2,persistent,agent,monitor likely-scaffolding-issue (medium/high),goals and monitor,2,55,55,64,209,1.0,209,1.0,208.8265,1.116567249314713,208.0,209.0,0.9644035596440356,0.9636363636363636,208.7888,1.3038268889908835,206.0,209.0,0.9578042195780422,,,,,,,,,,,,1.0,1.0,,
pelt_l2,persistent,agent,monitor emotional-or-erratic (medium/high),goals and monitor,2,60,60,64,209,1.0,209,1.0,208.8358,1.078032733945285,208.0,209.0,0.9639036096390361,0.9636363636363636,208.9647,0.5167984307849689,209.0,209.0,0.9927007299270073,,,,,,,,,,,,1.0,1.0,,
pelt_l2,persistent,agent,monitor likely-scaffolding-issue (high),goals and monitor,2,4,4,64,209,0.28125,64,0.3062200956937799,65.1775,14.041727484931336,41.0,94.0,0.5033496650334967,0.509090909090909,59.5695,14.275536727033575,32.0,87.0,0.3972602739726027,,,,,,,,,,,,1.0,1.0,,
pelt_l2,persistent,agent,monitor emotional-or-erratic (high),goals and monitor,2,8,8,64,209,0.328125,80,0.3827751196172249,81.415,17.318705747164703,56.0,115.0,0.47685231476852313,0.4727272727272727,103.3582,17.72052184472695,69.0,138.0,0.9074092590740926,,,,,,,,,,,,1.0,1.0,,
pelt_l2,persistent,agent,all,summary,3,186,110,389,472,0.8123393316195373,388,0.8220338983050848,397.3168,31.191799091957797,336.0,441.0,0.6199380061993801,0.6117021276595744,436.491,18.261578998727156,393.0,464.0,0.9857014298570143,394.5945945945946,32.17585196748324,336.65,441.175,0.5866666666666667,74,436.4928,18.42201631821346,394.0,464.0,0.9843015698430156,,,,
pelt_l2,persistent,agent,scaffolding,summary,3,126,88,389,472,0.7172236503856041,287,0.6080508474576272,355.1332,50.870284413826845,254.0,418.0,0.8659134086591341,0.8643617021276596,409.6972,24.22996948619891,355.0,449.0,1.0,353.47297297297297,52.53002350201785,252.675,418.175,0.8533333333333334,74,410.4077,24.32021027813693,355.0,450.0,1.0,,,,
pelt_l2,persistent,agent,roster only,changelog categories,3,60,43,389,472,0.5089974293059126,283,0.5995762711864406,258.9955,45.44439678409107,169.0,330.0,0.38276172382761725,0.3829787234042553,282.8933,35.907857810446636,208.0,351.0,0.5173482651734826,257.2972972972973,43.44914512131875,173.65,327.09999999999997,0.36,74,282.4831,36.00068220606285,209.0,349.0,0.5091490850914908,1.0,1.0,1.0,1.0
pelt_l2,persistent,agent,prompt (goal pooled),changelog categories,3,55,49,389,472,0.5449871465295629,257,0.5444915254237288,276.9802,29.29857417358156,218.0,330.0,0.7407259274072593,0.7340425531914894,310.9411,34.729846631027634,238.0,374.02499999999964,0.9344065593440656,274.22972972972974,29.85148044666228,212.825,335.04999999999995,0.7066666666666667,74,310.0243,35.012987596605406,238.0,374.0,0.9306069393060694,1.0,1.0,1.0,1.0
pelt_l2,persistent,agent,prompt without goal,changelog categories,3,39,36,389,472,0.480719794344473,203,0.4300847457627119,243.541,41.08149325315221,158.0,319.0,0.8625137486251375,0.8590425531914894,256.0041,37.09985071509464,180.0,326.0,0.9224077592240776,242.43243243243242,41.237727466544044,156.825,323.7,0.8533333333333334,74,256.0048,36.78525645512407,182.0,325.0,0.9241075892410759,1.0,1.0,1.0,1.0
pelt_l2,persistent,agent,tool,changelog categories,3,54,43,389,472,0.4910025706940874,229,0.4851694915254237,245.8295,62.53131092688385,138.0,343.0,0.6425357464253575,0.6382978723404256,291.9698,36.509754644182664,216.97500000000002,358.0,0.9534046595340466,244.3783783783784,60.54856597120973,139.65,330.62499999999994,0.6266666666666667,74,291.6859,36.65958856470396,215.0,359.0,0.9505049495050495,1.0,1.0,1.0,1.0
pelt_l2,persistent,agent,memory,changelog categories,3,18,17,389,472,0.20822622107969152,146,0.3093220338983051,110.388,22.041126040284613,59.0,150.0,0.04279572042795721,0.0425531914893617,140.633,33.6048871422593,76.0,209.0,0.4353564643535646,113.4054054054054,21.871304098843307,68.65,152.22499999999997,0.06666666666666667,74,144.7471,33.96652637644021,80.97500000000002,213.0,0.48505149485051496,0.38516148385161486,1.0,0.6,1.0
pelt_l2,persistent,agent,model,changelog categories,3,51,40,389,472,0.506426735218509,279,0.5911016949152542,258.195,46.64726757010721,166.0,324.0,0.46485351464853514,0.4521276595744681,276.1447,36.69007192753654,201.0,345.0,0.48385161483851613,255.93243243243242,45.40904836543346,170.0,323.175,0.41333333333333333,74,276.4583,37.04325419530711,199.97500000000002,346.0,0.49335066493350666,1.0,1.0,1.0,1.0
pelt_l2,persistent,agent,goal,changelog categories,3,16,15,389,472,0.18251928020565553,182,0.3855932203389831,94.1828,54.583461960487256,28.0,196.0,0.10388961103889612,0.10638297872340426,125.7566,32.173978195543256,65.0,191.0,0.04609539046095391,94.33783783783784,53.09187617525829,28.825,188.175,0.09333333333333334,74,124.9748,31.836854798995915,65.0,189.0,0.0418958104189581,0.8311168883111689,0.41485851414858516,0.7466666666666667,0.37706229377062295
pelt_l2,persistent,agent,chat,changelog categories,3,29,25,389,472,0.32390745501285345,176,0.3728813559322034,168.8585,41.252813930878965,100.0,244.0,0.415958404159584,0.42021276595744683,193.4353,36.03462034344652,122.0,264.0,0.6892310768923108,165.35135135135135,39.39419066845778,107.72500000000001,236.04999999999998,0.4,74,192.5928,35.98997243638285,123.0,262.0,0.6837316268373163,1.0,1.0,1.0,1.0
pelt_l2,persistent,agent,other,changelog categories,3,12,12,389,472,0.17480719794344474,121,0.2563559322033898,88.9556,27.91872801861535,41.0,145.0,0.1166883311668833,0.12234042553191489,104.0446,30.426632886977227,47.0,166.0,0.29147085291470853,87.8108108108108,27.168513038137423,42.65,141.175,0.09333333333333334,74,102.0319,30.10599806520206,45.0,163.02499999999964,0.26417358264173585,0.8311168883111689,1.0,0.7466666666666667,1.0
pelt_l2,persistent,agent,village goal transitions,goals and monitor,3,51,51,389,472,0.6503856041131105,298,0.6313559322033898,321.1306,70.48432838365397,203.0,414.0,0.6205379462053795,0.6223404255319149,313.8837,34.22800505350837,241.0,376.0,0.6971302869713029,320.27027027027026,71.1056126134318,204.825,409.175,0.64,74,335.9426,30.26874501746799,271.975,390.0,0.8939106089391061,1.0,1.0,1.0,1.0
pelt_l2,persistent,agent,scaffolding + goal transitions,goals and monitor,3,177,118,389,472,0.8226221079691517,323,0.684322033898305,397.5947,54.94347195455564,297.0,456.0,0.8511148885111489,0.8537234042553191,443.4739,16.682929922680863,404.0,467.0,1.0,396.52702702702703,56.81024000233186,292.825,456.0,0.84,74,446.969,15.081378710130576,411.0,468.0,1.0,1.0,1.0,1.0,1.0
pelt_l2,persistent,agent,agent goal changes,goals and monitor,3,33,8,55,166,0.07897042716319824,21,0.12650602409638553,24.2566,7.034707182997389,8.0,40.0,0.8103189681031897,0.8095238095238095,22.0638,9.164700144187659,0.0,37.0,0.6807319268073193,25.5,6.48074069840786,20.175,38.075,0.8888888888888888,8,23.0107,7.909250352221341,1.0,36.0,0.7692230776922308,1.0,1.0,1.0,1.0
pelt_l2,persistent,agent,monitor likely-scaffolding-issue (medium/high),goals and monitor,3,55,55,64,209,1.0,209,1.0,209.0,0.0,209.0,209.0,1.0,1.0,208.995,0.18104772251476345,209.0,209.0,0.9987001299870013,,,,,,,,,,,,1.0,1.0,,
pelt_l2,persistent,agent,monitor emotional-or-erratic (medium/high),goals and monitor,3,60,60,64,209,1.0,209,1.0,209.0,0.0,209.0,209.0,1.0,1.0,209.0,0.0,209.0,209.0,1.0,,,,,,,,,,,,1.0,1.0,,
pelt_l2,persistent,agent,monitor likely-scaffolding-issue (high),goals and monitor,3,4,4,64,209,0.390625,87,0.41626794258373206,88.5353,15.771031242523279,57.0,112.0,0.587941205879412,0.5882352941176471,76.4849,16.90058386457392,43.0,108.0,0.2833716628337166,,,,,,,,,,,,1.0,1.0,,
pelt_l2,persistent,agent,monitor emotional-or-erratic (high),goals and monitor,3,8,8,64,209,0.421875,113,0.5406698564593302,105.3058,18.560628654590484,77.0,137.0,0.34256574342565743,0.3333333333333333,126.3437,19.836721499834248,86.0,163.0,0.7635236476352365,,,,,,,,,,,,1.0,1.0,,
pelt_l2,persistent,all,all,summary,0,186,110,389,939,0.32904884318766064,509,0.5420660276890309,429.3802,45.10920673225368,343.0,511.0,0.033096690330966905,0.030927835051546393,451.2706,33.1613531565634,386.0,514.0,0.040195980401959805,436.0921052631579,41.634657880690035,370.0,513.125,0.05194805194805195,76,455.2548,32.61003554738695,391.0,518.0,0.0484951504849515,,,,
pelt_l2,persistent,all,scaffolding,summary,0,126,88,389,939,0.2750642673521851,424,0.45154419595314166,365.9088,50.01840527892372,279.0,453.0,0.1481851814818518,0.14690721649484537,392.9621,34.41052269287986,326.0,460.0,0.19168083191680832,373.4342105263158,48.056171445872465,291.875,453.125,0.2077922077922078,76,400.7302,33.58000252556515,334.0,466.0,0.25447455254474555,,,,
pelt_l2,persistent,all,roster only,changelog categories,0,60,43,389,939,0.11053984575835475,260,0.27689030883919064,194.8118,31.59764266305615,136.0,255.0,0.017798220177982202,0.01804123711340206,202.3263,27.292704473572204,151.0,257.0,0.020597940205979402,196.25,32.2023291083114,146.25,255.125,0.012987012987012988,76,203.8365,26.644034195403304,154.0,258.0,0.0212978702129787,0.131986801319868,0.1441855814418558,0.1168831168831169,0.14908509149085092
pelt_l2,persistent,all,prompt (goal pooled),changelog categories,0,55,49,389,939,0.14395886889460155,318,0.33865814696485624,225.98,28.470332909637683,172.0,280.02499999999964,0.00009999000099990002,0.0,242.3526,30.44011059890104,184.0,303.0,0.006999300069993001,230.75,26.29074615398607,194.125,291.0,0.012987012987012988,76,249.3778,29.993112973524173,192.0,308.0,0.012698730126987301,0.0008999100089991002,0.05599440055994401,0.1168831168831169,0.10158984101589841
pelt_l2,persistent,all,prompt without goal,changelog categories,0,39,36,389,939,0.11053984575835475,235,0.25026624068157616,181.0794,30.24930408587556,131.0,240.0,0.050294970502949704,0.05154639175257732,191.1202,28.64642410007525,139.0,249.0,0.06919308069193081,181.26315789473685,28.571486215480697,136.625,240.25,0.06493506493506493,76,192.9165,28.04357987110773,141.0,251.0,0.07479252074792521,0.20117988201179882,0.3324667533246675,0.3116883116883117,0.37396260373962603
pelt_l2,persistent,all,tool,changelog categories,0,54,43,389,939,0.15167095115681234,231,0.24600638977635783,217.8247,48.73775032498601,145.0,313.0,0.36776322367763226,0.37371134020618557,235.8059,33.99000966851476,173.0,305.0,0.5494450554944506,225.1578947368421,49.73987069587239,149.625,317.625,0.4025974025974026,76,241.6402,34.151857620016656,179.0,311.02499999999964,0.6139386061393861,0.36776322367763226,0.5494450554944506,0.4025974025974026,0.6139386061393861
pelt_l2,persistent,all,memory,changelog categories,0,18,17,389,939,0.04627249357326478,120,0.12779552715654952,78.4121,18.365211724621336,51.0,120.0,0.026297370262973702,0.02577319587628866,89.0881,20.31180925839781,54.0,133.0,0.0821917808219178,72.60526315789474,18.33545123333005,48.625,115.375,0.025974025974025976,76,87.4727,20.35998299608229,53.0,133.0,0.07739226077392261,0.15778422157784222,0.3324667533246675,0.18181818181818182,0.37396260373962603
pelt_l2,persistent,all,model,changelog categories,0,51,40,389,939,0.13367609254498714,260,0.27689030883919064,209.7567,35.67466009995505,138.97500000000002,272.0,0.0714928507149285,0.07216494845360824,215.1926,32.647111489821924,155.0,282.0,0.09359064093590641,207.55263157894737,36.996358284509434,143.75,267.25,0.05194805194805195,76,214.4565,32.68089827194452,155.0,280.02499999999964,0.08969103089691031,0.20117988201179882,0.3324667533246675,0.3116883116883117,0.37396260373962603
pelt_l2,persistent,all,goal,changelog categories,0,16,15,389,939,0.038560411311053984,137,0.14589989350372737,69.6778,26.88339745764822,30.0,131.0,0.0164983501649835,0.015463917525773196,77.2837,18.701432797218157,45.0,118.0,0.0034996500349965005,72.60526315789474,30.26508613231575,29.0,144.375,0.05194805194805195,76,84.6759,19.61995803933705,50.0,127.0,0.009099090090990901,0.131986801319868,0.0314968503149685,0.3116883116883117,0.08189181081891811
pelt_l2,persistent,all,chat,changelog categories,0,29,25,389,939,0.06940874035989718,167,0.17784877529286475,119.9046,28.175678975466994,70.0,183.0,0.0655934406559344,0.06958762886597938,128.8174,23.75711045707636,86.0,179.02499999999964,0.0664933506649335,125.38157894736842,27.410444289364428,83.75,181.25,0.12987012987012986,76,132.7028,23.97749286677858,90.0,183.0,0.08859114088591141,0.20117988201179882,0.3324667533246675,0.3116883116883117,0.37396260373962603
pelt_l2,persistent,all,other,changelog categories,0,12,12,389,939,0.030848329048843187,97,0.1033013844515442,59.4531,17.631712569084485,29.0,98.0,0.0316968303169683,0.03350515463917526,62.737,17.062079077716334,35.0,101.0,0.0400959904009599,59.526315789473685,18.04104482134042,28.5,100.625,0.05194805194805195,76,65.383,16.783160561939603,36.0,102.0,0.04279572042795721,0.1584841515848415,0.2405759424057594,0.3116883116883117,0.25677432256774324
pelt_l2,persistent,all,village goal transitions,goals and monitor,0,51,51,389,939,0.13110539845758354,348,0.3706070287539936,258.4825,42.85055788179517,182.0,341.0,0.014598540145985401,0.015463917525773196,232.9686,28.179471646967233,180.0,288.0,0.00009999000099990002,290.8421052631579,45.57164399977364,210.75,368.5,0.14285714285714285,76,296.2531,26.492629660579812,244.0,348.0,0.026197380261973803,0.08759124087591241,0.0006999300069993001,0.2857142857142857,0.07859214078592142
pelt_l2,persistent,all,scaffolding + goal transitions,goals and monitor,0,177,118,389,939,0.3470437017994858,527,0.5612353567625133,456.2879,58.02277033870219,351.0,552.0,0.10888911108889111,0.10824742268041238,470.7447,32.68086176621691,406.0,534.0,0.0413958604139586,480.5657894736842,57.617204728290616,386.625,569.125,0.2987012987012987,76,506.7233,30.44727640978873,447.0,565.0,0.2628737126287371,0.43555644435556445,0.1655834416558344,0.2987012987012987,0.2628737126287371
pelt_l2,persistent,all,agent goal changes,goals and monitor,0,33,8,55,209,0.02731622444541105,25,0.11961722488038277,10.0553,4.511394150117874,1.0,18.0,0.00009999000099990002,0.0,10.393,4.830060449766115,2.0,21.0,0.009299070092990702,10.0,4.447221354708778,2.125,15.55,0.09090909090909091,10,11.639,5.7083042555339825,2.0,26.0,0.0433956604339566,0.0006999300069993001,0.05579442055794421,0.2727272727272727,0.0867913208679132
pelt_l2,persistent,all,monitor likely-scaffolding-issue (medium/high),goals and monitor,0,55,55,64,289,0.859375,252,0.8719723183391004,246.2607,7.4761570878680885,234.0,259.0,0.22597740225977403,0.2222222222222222,246.1293,9.186796026478612,226.0,262.0,0.2987701229877012,,,,,,,,,,,,0.6779322067793221,0.8963103689631037,,
pelt_l2,persistent,all,monitor emotional-or-erratic (medium/high),goals and monitor,0,60,60,64,289,0.9375,272,0.9411764705882353,261.9645,6.907721144570118,244.0,273.0,0.0613938606139386,0.06349206349206349,262.1949,6.394669903155051,248.0,272.0,0.029997000299970003,,,,,,,,,,,,0.306969303069693,0.14998500149985,,
pelt_l2,persistent,all,monitor likely-scaffolding-issue (high),goals and monitor,0,4,4,64,289,0.0625,34,0.11764705882352941,32.0339,8.153330513958513,18.0,45.0,0.45255474452554745,0.4444444444444444,30.6482,9.863537179763133,13.0,51.0,0.3708629137086291,,,,,,,,,,,,0.9051094890510949,0.8963103689631037,,
pelt_l2,persistent,all,monitor emotional-or-erratic (high),goals and monitor,0,8,8,64,289,0.125,50,0.17301038062283736,50.2943,10.22478078612018,29.0,70.0,0.5365463453654634,0.5396825396825397,57.1163,12.701854511086248,33.0,83.0,0.7145285471452855,,,,,,,,,,,,0.9051094890510949,0.8963103689631037,,
pelt_l2,persistent,all,all,summary,1,186,110,389,939,0.5886889460154242,672,0.7156549520766773,622.0873,49.7412554923958,519.0,703.0,0.1611838816118388,0.1640625,688.8792,37.88371318828836,611.0,758.0,0.6905309469053095,627.921052631579,42.96409761894839,555.875,702.625,0.16883116883116883,76,693.4316,37.77311215984492,616.0,763.0,0.7296270372962703,,,,
pelt_l2,persistent,all,scaffolding,summary,1,126,88,389,939,0.5038560411311054,559,0.5953141640042598,539.4448,63.127311511784434,416.0,637.0,0.47255274472552744,0.4739583333333333,613.1355,42.06650804214543,525.0,690.0,0.8977102289771023,543.5921052631579,58.76737816886257,435.75,630.375,0.45454545454545453,76,618.4548,42.00503540362663,531.0,696.0,0.916108389161084,,,,
pelt_l2,persistent,all,roster only,changelog categories,1,60,43,389,939,0.2827763496143959,416,0.443024494142705,335.8455,46.70159669286871,246.0,422.0,0.034396560343965606,0.033854166666666664,357.3193,42.212004605837954,275.0,440.0,0.08289171082891711,344.7236842105263,49.83080671879208,260.25,415.125,0.03896103896103896,76,363.5895,41.367186442413704,283.0,443.0,0.1045895410458954,0.20637936206379365,0.5802419758024198,0.2727272727272727,0.7321267873212678
pelt_l2,persistent,all,prompt (goal pooled),changelog categories,1,55,49,389,939,0.32390745501285345,441,0.4696485623003195,372.857,39.834774154288766,299.0,449.0,0.040995900409959006,0.0390625,407.0537,42.61043746839646,324.0,489.0,0.22037796220377961,378.9868421052632,37.185120114028635,318.625,459.375,0.07792207792207792,76,417.2247,42.97907316337799,332.0,499.02499999999964,0.29917008299170084,0.20637936206379365,0.9199080091990801,0.38961038961038963,1.0
pelt_l2,persistent,all,prompt without goal,changelog categories,1,39,36,389,939,0.2544987146529563,326,0.34717784877529284,305.2543,43.863962842333606,228.0,398.0,0.3163683631636836,0.3177083333333333,323.9343,41.99402259016551,244.0,406.0,0.4747525247475253,310.9605263157895,43.316029608594455,240.25,391.625,0.37662337662337664,76,332.6857,41.30004945418942,252.0,413.02499999999964,0.5722427757224278,0.6327367263273672,1.0,0.7532467532467533,1.0
pelt_l2,persistent,all,tool,changelog categories,1,54,43,389,939,0.300771208226221,342,0.36421725239616615,338.5028,65.55735632907177,224.0,459.0,0.49355064493550643,0.4895833333333333,383.7013,44.665469646337236,295.0,471.0,0.8244175582441756,338.19736842105266,68.19286761078799,223.25,456.25,0.4805194805194805,76,389.5991,44.30701626558751,301.0,475.0,0.8620137986201379,0.6327367263273672,1.0,0.7532467532467533,1.0
pelt_l2,persistent,all,memory,changelog categories,1,18,17,389,939,0.10539845758354756,193,0.2055378061767838,132.8844,25.657390101229716,85.0,190.0,0.0211978802119788,0.020833333333333332,162.6013,32.66510124267059,103.0,230.0,0.18398160183981602,127.14473684210526,26.011127848092716,78.375,176.625,0.03896103896103896,76,154.2588,31.088304405790335,99.0,218.0,0.11848815118488151,0.1695830416958304,0.9199080091990801,0.2727272727272727,0.7321267873212678
pelt_l2,persistent,all,model,changelog categories,1,51,40,389,939,0.29562982005141386,428,0.45580404685835996,343.3724,50.123746440541765,240.0,429.0,0.026997300269973004,0.026041666666666668,356.5867,44.40965778837401,270.0,444.0,0.0542945705429457,351.4078947368421,51.75897413501133,262.875,424.25,0.025974025974025976,76,366.0047,43.478375255079186,280.0,452.0,0.0816918308169183,0.18898110188981104,0.4343565643435656,0.2337662337662338,0.6535346465353464
pelt_l2,persistent,all,goal,changelog categories,1,16,15,389,939,0.09768637532133675,230,0.24494142705005326,119.1975,45.37789119219738,54.0,212.0,0.009299070092990702,0.010416666666666666,143.4534,30.7406917204663,89.0,207.02499999999964,0.0046995300469953,120.5,46.135597246955996,62.375,214.125,0.025974025974025976,76,150.0241,30.678765259602372,96.97500000000002,215.0,0.007799220077992201,0.08369163083691632,0.04229577042295771,0.2337662337662338,0.07019298070192981
pelt_l2,persistent,all,chat,changelog categories,1,29,25,389,939,0.16966580976863754,248,0.2641107561235357,208.2305,47.33761564269448,126.0,306.2249999999967,0.1982801719828017,0.19791666666666666,231.5489,37.64103204641648,161.0,307.0,0.33366663333666635,211.73684210526315,42.4293509797334,140.875,306.25,0.19480519480519481,76,238.3888,37.44442071957186,168.0,313.0,0.39846015398460155,0.5948405159484051,1.0,0.5844155844155845,1.0
pelt_l2,persistent,all,other,changelog categories,1,12,12,389,939,0.08740359897172237,148,0.15761448349307774,107.2354,29.161571057860655,52.0,170.0,0.08549145085491451,0.0859375,116.4612,28.37049493855026,67.0,178.0,0.14128587141285873,110.8157894736842,29.65612270737845,58.875,165.0,0.09090909090909091,76,121.8122,29.21947482298224,70.0,184.0,0.18338166183381663,0.34196580341965804,0.8477152284771523,0.38961038961038963,0.9169083091690832
pelt_l2,persistent,all,village goal transitions,goals and monitor,1,51,51,389,939,0.37532133676092544,513,0.5463258785942492,436.4418,67.33955653512602,312.0,556.0,0.1546845315468453,0.15625,406.2617,43.10387926336509,318.0,489.0,0.006899310068993101,454.7763157894737,74.89469917766064,321.875,557.25,0.33766233766233766,76,480.644,37.85359366632639,404.0,552.0,0.20527947205279473,0.9281071892810718,0.048295170482951705,0.6753246753246753,0.41055894410558946
pelt_l2,persistent,all,scaffolding + goal transitions,goals and monitor,1,177,118,389,939,0.6401028277634961,670,0.7135250266240681,657.7792,70.78818364709187,533.0,757.0,0.5735426457354265,0.5755208333333334,713.2621,36.059681552301114,637.0,780.0,0.885011498850115,663.4736842105264,72.22621383481403,544.0,758.5,0.5714285714285714,76,736.8694,33.563539663740414,667.0,798.0,0.9706029397060294,1.0,1.0,0.6753246753246753,0.9706029397060294
pelt_l2,persistent,all,agent goal changes,goals and monitor,1,33,8,55,209,0.06402783819051762,38,0.18181818181818182,20.3361,8.149366724341272,2.0,35.0,0.00009999000099990002,0.0,20.4292,8.24537361061328,5.0,38.0,0.025397460253974602,19.4,7.011102306738617,5.7,26.0,0.09090909090909091,10,21.4184,7.464604039823354,8.0,37.0,0.0187981201879812,0.0006999300069993001,0.1523847615238476,0.2727272727272727,0.056394360563943605
pelt_l2,persistent,all,monitor likely-scaffolding-issue (medium/high),goals and monitor,1,55,55,64,289,1.0,289,1.0,286.3886,4.102739729416032,273.0,289.0,0.48705129487051296,0.4915254237288136,286.1292,4.52724606750015,272.0,289.0,0.47635236476352366,,,,,,,,,,,,1.0,1.0,,
pelt_l2,persistent,all,monitor emotional-or-erratic (medium/high),goals and monitor,1,60,60,64,289,1.0,289,1.0,287.5833,3.5363981282050414,274.0,289.0,0.7477252274772522,0.7457627118644068,288.058,2.398209986868146,281.0,289.0,0.7663233676632337,,,,,,,,,,,,1.0,1.0,,
pelt_l2,persistent,all,monitor likely-scaffolding-issue (high),goals and monitor,1,4,4,64,289,0.171875,51,0.17647058823529413,63.0115,14.797603341638322,38.0,91.0,0.7777222277772223,0.7796610169491526,58.6552,16.555727775371796,27.0,92.0,0.6739326067393261,,,,,,,,,,,,1.0,1.0,,
pelt_l2,persistent,all,monitor emotional-or-erratic (high),goals and monitor,1,8,8,64,289,0.234375,82,0.2837370242214533,85.0945,17.22771166333229,51.0,113.0,0.5565443455654434,0.559322033898305,106.533,20.7491918853817,65.97500000000002,148.0,0.8854114588541145,,,,,,,,,,,,1.0,1.0,,
pelt_l2,persistent,all,all,summary,2,186,110,389,939,0.7326478149100257,742,0.7902023429179978,732.4589,45.92313800526294,642.0,808.0,0.45825417458254175,0.45789473684210524,811.5731,34.63686804046759,734.0,871.0,0.9642035796420358,728.171052631579,42.05120312441163,648.5,796.75,0.45454545454545453,76,812.24,34.02183340907499,738.975,871.0,0.9712028797120288,,,,
pelt_l2,persistent,all,scaffolding,summary,2,126,88,389,939,0.6349614395886889,621,0.6613418530351438,644.8526,65.43185008801596,517.0,738.0,0.6412358764123588,0.6394736842105263,744.8969,41.218092671863786,658.0,818.0,0.9968003199680032,637.8421052631579,64.192637715256,510.75,734.125,0.6233766233766234,76,747.0206,40.90144335407792,660.0,819.0,0.9971002899710029,,,,
pelt_l2,persistent,all,roster only,changelog categories,2,60,43,389,939,0.41645244215938304,491,0.5228966986155484,447.7086,55.220731785823844,344.0,540.0,0.2515748425157484,0.25,479.4421,49.429499037796376,380.975,574.0,0.42075792420757924,453.94736842105266,53.453006086179315,366.75,540.375,0.2987012987012987,76,482.9323,48.73156465012512,383.0,575.0,0.44465553444655537,1.0,1.0,1.0,1.0
pelt_l2,persistent,all,prompt (goal pooled),changelog categories,2,55,49,389,939,0.4498714652956298,523,0.556975505857295,480.8841,42.821688860829504,402.0,563.0,0.18148185181481852,0.18421052631578946,535.3308,49.47377423235142,435.0,626.0,0.6149385061493851,476.88157894736844,41.38952109097605,412.25,548.875,0.12987012987012986,76,537.4669,49.75598326007655,437.0,630.0,0.6273372662733727,1.0,1.0,0.8181818181818181,1.0
pelt_l2,persistent,all,prompt without goal,changelog categories,2,39,36,389,939,0.37532133676092544,421,0.4483493077742279,411.1781,51.89936931065237,324.0,510.0,0.4106589341065893,0.40789473684210525,433.9953,49.3782674791241,336.0,529.0,0.6078392160783922,411.7894736842105,50.43604948565359,325.625,511.5,0.45454545454545453,76,436.8275,49.65606827228296,337.0,532.0,0.635036496350365,1.0,1.0,1.0,1.0
pelt_l2,persistent,all,tool,changelog categories,2,54,43,389,939,0.4087403598971722,434,0.46219382321618746,428.279,75.50653006600331,299.0,561.0,0.5030496950304969,0.5026315789473684,501.6351,51.28120829526565,400.0,600.0,0.9029097090290971,427.7894736842105,72.87309806130538,317.25,546.25,0.4675324675324675,76,504.2979,50.65975519749051,402.0,598.0249999999996,0.9146085391460854,1.0,1.0,1.0,1.0
pelt_l2,persistent,all,memory,changelog categories,2,18,17,389,939,0.15938303341902313,245,0.26091586794462196,181.8317,30.042720110089256,122.0,242.0,0.020097990200979902,0.018421052631578946,230.5146,41.42106658834042,151.97500000000002,314.0,0.36266373362663734,182.77631578947367,30.681850741314168,127.625,242.75,0.03896103896103896,76,227.396,40.48996823600601,152.0,309.0,0.32756724327567244,0.16078392160783922,1.0,0.3116883116883117,1.0
pelt_l2,persistent,all,model,changelog categories,2,51,40,389,939,0.41645244215938304,479,0.5101171458998935,445.4685,57.20822917988801,331.0,541.0,0.3504649535046495,0.35526315789473684,472.6195,52.003809085161606,368.975,573.0,0.46135386461353867,447.9736842105263,52.924089961430745,358.125,529.125,0.4025974025974026,76,475.3724,50.480276782862504,374.0,571.0,0.48575142485751427,1.0,1.0,1.0,1.0
pelt_l2,persistent,all,goal,changelog categories,2,16,15,389,939,0.14652956298200515,294,0.31309904153354634,162.1454,58.878377399284,84.0,277.0,0.0150984901509849,0.013157894736842105,203.9626,39.39372269510432,131.0,285.0,0.014598540145985401,162.25,59.92598212239273,90.0,276.375,0.025974025974025976,76,208.0687,39.14879108087898,135.97500000000002,287.0,0.0174982501749825,0.13588641135886412,0.13138686131386862,0.2337662337662338,0.1574842515748425
pelt_l2,persistent,all,chat,changelog categories,2,29,25,389,939,0.2519280205655527,329,0.3503727369542066,281.6709,51.48471871163405,187.0,390.0,0.18808119188081193,0.19210526315789472,319.4952,46.41631851431608,229.0,410.02499999999964,0.42075792420757924,278.9605263157895,48.76103383904643,190.625,377.75,0.14285714285714285,76,321.5652,46.10761694334266,232.0,412.02499999999964,0.43545645435456454,1.0,1.0,0.8181818181818181,1.0
pelt_l2,persistent,all,other,changelog categories,2,12,12,389,939,0.13367609254498714,197,0.20979765708200213,148.5071,36.35455287775513,79.0,227.0,0.09719028097190281,0.09473684210526316,167.2897,36.447052180817956,101.0,244.0,0.207979202079792,150.53947368421052,37.78339698490989,86.625,225.875,0.11688311688311688,76,167.6156,37.31814707417968,99.0,244.0,0.22127787221277873,0.6803319668033196,1.0,0.8181818181818181,1.0
pelt_l2,persistent,all,village goal transitions,goals and monitor,2,51,51,389,939,0.5886889460154242,622,0.6624068157614483,593.3334,86.35820527547942,432.0,722.0,0.4664533546645335,0.4605263157894737,538.1019,49.2190874381761,438.0,631.0,0.0392960703929607,595.578947368421,87.30242656541985,436.75,718.625,0.4805194805194805,76,615.291,43.58628334016954,526.0,695.0,0.45585441455854414,1.0,0.27507249275072493,0.961038961038961,0.9117088291170883
pelt_l2,persistent,all,scaffolding + goal transitions,goals and monitor,2,177,118,389,939,0.7840616966580977,734,0.7816826411075612,761.1546,71.62559543509668,640.0,850.0,0.6736326367363263,0.6710526315789473,830.2326,32.06108058891423,760.0,884.0,0.9939006099390061,754.4736842105264,73.96115623473545,635.5,841.0,0.6623376623376623,76,847.3876,29.061394025446717,783.0,896.0,0.9992000799920008,1.0,1.0,0.961038961038961,0.9992000799920008
pelt_l2,persistent,all,agent goal changes,goals and monitor,2,33,8,55,209,0.09673771204871684,42,0.20095693779904306,30.7398,9.60929392895135,5.0,44.0,0.1095890410958904,0.10869565217391304,29.8495,9.989265653331545,8.0,48.0,0.11278872112788721,31.6,11.423173328322079,9.175,43.55,0.2727272727272727,10,31.9209,9.028698407272941,9.0,49.0,0.12048795120487951,0.7671232876712328,0.6767323267673233,0.8181818181818181,0.3614638536146385
pelt_l2,persistent,all,monitor likely-scaffolding-issue (medium/high),goals and monitor,2,55,55,64,289,1.0,289,1.0,288.8268,1.1013278586802526,288.0,289.0,0.9605039496050395,0.9636363636363636,288.771,1.4709097040728754,286.0,289.0,0.9561043895610439,,,,,,,,,,,,1.0,1.0,,
pelt_l2,persistent,all,monitor emotional-or-erratic (medium/high),goals and monitor,2,60,60,64,289,1.0,289,1.0,288.8199,1.1309252358971034,288.0,289.0,0.9613038696130387,0.9636363636363636,288.9694,0.4737996291776312,289.0,289.0,0.9937006299370063,,,,,,,,,,,,1.0,1.0,,
pelt_l2,persistent,all,monitor likely-scaffolding-issue (high),goals and monitor,2,4,4,64,289,0.28125,95,0.328719723183391,93.691,19.973407638689753,57.0,129.0,0.49035096490350966,0.4909090909090909,84.9011,21.182742731973235,42.0,125.0,0.34296570342965704,,,,,,,,,,,,1.0,1.0,,
pelt_l2,persistent,all,monitor emotional-or-erratic (high),goals and monitor,2,8,8,64,289,0.328125,108,0.3737024221453287,116.8593,20.76482654182623,81.0,155.0,0.6746325367463254,0.6727272727272727,146.2412,25.549299388240044,96.0,196.0,0.9325067493250675,,,,,,,,,,,,1.0,1.0,,
pelt_l2,persistent,all,all,summary,3,186,110,389,939,0.8123393316195373,810,0.8626198083067093,796.3712,40.54116635195536,711.0,858.0,0.43155684431556846,0.43351063829787234,873.8676,28.302713202049368,808.0,918.0,0.9727027297270273,791.2702702702703,42.44587118611033,713.95,855.7,0.41333333333333333,74,874.4086,28.48747794523004,809.0,919.0,0.9743025697430256,,,,
pelt_l2,persistent,all,scaffolding,summary,3,126,88,389,939,0.7172236503856041,682,0.7263045793397231,711.9921,65.20582349400821,582.0,800.0,0.6785321467853215,0.6781914893617021,823.8984,37.40417335884414,741.0,887.0,0.9988001199880012,707.1351351351351,69.09083247561335,574.1,795.55,0.68,74,824.5155,37.13301827019432,742.0,887.0,0.9995000499950005,,,,
pelt_l2,persistent,all,roster only,changelog categories,3,60,43,389,939,0.5089974293059126,556,0.5921192758253461,530.2899,57.443791978887425,420.0,621.0,0.41645835416458354,0.4228723404255319,577.2875,54.0757067633535,467.0,676.0,0.6643335666433356,527.1891891891892,56.07570120013663,424.825,617.875,0.37333333333333335,74,577.7972,54.70279436858023,466.0,679.0,0.671032896710329,1.0,1.0,1.0,1.0
pelt_l2,persistent,all,prompt (goal pooled),changelog categories,3,55,49,389,939,0.5449871465295629,590,0.6283280085197018,560.8368,43.41514543618764,478.0,641.0,0.26707329267073293,0.26595744680851063,630.9983,53.142628002396535,521.0,728.0,0.7862213778622138,555.6891891891892,43.27608902760693,482.9,638.0,0.24,74,631.7979,52.87110733651319,524.0,728.0,0.792020797920208,1.0,1.0,1.0,1.0
pelt_l2,persistent,all,prompt without goal,changelog categories,3,39,36,389,939,0.480719794344473,504,0.536741214057508,495.0463,56.14849616572261,394.0,603.0,0.44385561443855615,0.4441489361702128,524.4603,55.38010761583941,411.0,630.0,0.6528347165283471,492.7432432432432,57.139593741108506,388.825,597.625,0.48,74,523.8112,55.676051735316896,411.0,627.0249999999996,0.6526347365263474,1.0,1.0,1.0,1.0
pelt_l2,persistent,all,tool,changelog categories,3,54,43,389,939,0.4910025706940874,514,0.5473908413205538,496.6722,80.8181941471753,361.0,629.0,0.47855214478552144,0.48138297872340424,594.0704,55.81306257172566,480.975,696.0,0.9184081591840816,494.14864864864865,75.631529706995,370.425,612.0999999999999,0.49333333333333335,74,592.1757,54.91161587556686,481.0,694.0,0.9183081691830817,1.0,1.0,1.0,1.0
pelt_l2,persistent,all,memory,changelog categories,3,18,17,389,939,0.20822622107969152,301,0.32055378061767836,227.4119,32.668865359335435,159.0,286.0,0.019098090190980903,0.018617021276595744,291.4866,48.61402218244522,198.0,386.0,0.4246575342465753,234.75675675675674,32.349042801282394,171.475,294.62499999999994,0.04,74,300.079,48.14417249402583,207.97500000000002,395.0,0.49495050494950504,0.17188281171882813,1.0,0.32,1.0
pelt_l2,persistent,all,model,changelog categories,3,51,40,389,939,0.506426735218509,545,0.5804046858359957,525.28,59.76123108231663,407.0,621.0,0.48195180481951805,0.48404255319148937,564.2818,55.748093902458905,451.0,668.0249999999996,0.6457354264573543,522.9324324324324,58.893758787661085,419.3,613.35,0.44,74,563.3343,55.56132872452713,450.975,666.0,0.640935906409359,1.0,1.0,1.0,1.0
pelt_l2,persistent,all,goal,changelog categories,3,16,15,389,939,0.18251928020565553,339,0.3610223642172524,193.7792,67.52670162908366,105.0,336.0,0.0207979202079792,0.02127659574468085,260.3948,47.003075025642595,172.0,355.0,0.052094790520947905,196.1081081081081,63.669430433404855,115.3,316.0,0.02666666666666667,74,259.8059,45.93324081154241,172.97500000000002,351.0,0.0456954304569543,0.17188281171882813,0.46885311468853114,0.24000000000000002,0.4112588741125887
pelt_l2,persistent,all,chat,changelog categories,3,29,25,389,939,0.32390745501285345,398,0.42385516506922255,346.2336,55.25433861004512,249.0,448.0,0.200979902009799,0.2074468085106383,397.6846,53.28673259289823,292.0,499.0,0.5024497550244975,339.7567567567568,53.353514940072785,247.475,446.92499999999995,0.13333333333333333,74,395.0099,52.87366986020971,290.0,498.0,0.4801519848015198,1.0,1.0,0.8,1.0
pelt_l2,persistent,all,other,changelog categories,3,12,12,389,939,0.17480719794344474,246,0.26198083067092653,185.3988,40.71371905453891,110.0,272.0,0.0882911708829117,0.08776595744680851,213.9491,43.19177076824021,134.0,302.0,0.22997700229977003,183.1216216216216,39.679867122617324,120.125,265.525,0.08,74,210.307,42.782440144508726,129.0,296.0,0.20617938206179381,0.6180381961803819,1.0,0.56,1.0
pelt_l2,persistent,all,village goal transitions,goals and monitor,3,51,51,389,939,0.6503856041131105,645,0.6869009584664537,647.5044,86.76479236164492,480.0,767.0,0.5720427957204279,0.5691489361702128,637.926,52.64292974184834,530.0,733.0,0.46885311468853114,647.1351351351351,88.22547768640976,488.825,761.7,0.5733333333333334,74,684.2333,44.52139582918148,591.0,764.0,0.8134186581341866,1.0,1.0,1.0,1.0
pelt_l2,persistent,all,scaffolding + goal transitions,goals and monitor,3,177,118,389,939,0.8226221079691517,748,0.7965921192758253,792.0107,67.5116343128113,675.0,869.0,0.6906309369063094,0.6914893617021277,886.6447,25.263433773313594,827.0,926.0,1.0,787.918918918919,70.83450841487429,669.125,869.175,0.6933333333333334,74,893.6538,23.257842511372985,838.0,928.0,1.0,1.0,1.0,1.0,1.0
pelt_l2,persistent,all,agent goal changes,goals and monitor,3,33,8,55,209,0.1266637668551544,43,0.20574162679425836,41.7221,7.685153072501209,17.0,57.0,0.47195280471952805,0.47619047619047616,38.8639,11.270859772794699,12.0,56.0,0.4273572642735726,43.125,6.468329437674439,34.875,54.25,0.5555555555555556,8,38.8288,9.855648326741068,11.0,53.0,0.38066193380661933,1.0,1.0,1.0,1.0
pelt_l2,persistent,all,monitor likely-scaffolding-issue (medium/high),goals and monitor,3,55,55,64,289,1.0,289,1.0,289.0,0.0,289.0,289.0,1.0,1.0,288.9977,0.1381905194359085,289.0,289.0,0.9995000499950005,,,,,,,,,,,,1.0,1.0,,
pelt_l2,persistent,all,monitor emotional-or-erratic (medium/high),goals and monitor,3,60,60,64,289,1.0,289,1.0,289.0,0.0,289.0,289.0,1.0,1.0,289.0,0.0,289.0,289.0,1.0,,,,,,,,,,,,1.0,1.0,,
pelt_l2,persistent,all,monitor likely-scaffolding-issue (high),goals and monitor,3,4,4,64,289,0.390625,128,0.4429065743944637,124.1633,22.009576898648593,76.0,156.0,0.5681431856814319,0.5686274509803921,108.4332,24.8581159855898,59.0,154.0,0.23467653234676533,,,,,,,,,,,,1.0,1.0,,
pelt_l2,persistent,all,monitor emotional-or-erratic (high),goals and monitor,3,8,8,64,289,0.421875,148,0.5121107266435986,148.0745,22.569104683141948,107.0,182.0,0.5313468653134686,0.5294117647058824,177.9265,28.33561695938253,119.0,231.0,0.8575142485751425,,,,,,,,,,,,1.0,1.0,,
pelt_l2,persistent,external,all,summary,0,186,110,389,55,0.32904884318766064,47,0.8545454545454545,45.8004,4.410136593176797,35.0,53.0,0.5033496650334967,0.49226804123711343,48.2338,3.247058961458803,41.0,53.0,0.7227277272272773,46.223684210526315,4.407867766348491,37.75,53.125,0.4935064935064935,76,48.2882,3.164354922287862,41.0,53.0,0.7329267073292671,,,,
pelt_l2,persistent,external,scaffolding,summary,0,126,88,389,55,0.2750642673521851,43,0.7818181818181819,40.9368,5.565725782892024,30.0,50.0,0.4283571642835716,0.44587628865979384,46.0514,3.6533125665991038,38.0,52.0,0.8278172182781722,41.56578947368421,5.859091001889376,30.0,51.125,0.5064935064935064,76,46.273,3.669062169236189,39.0,52.0,0.8405159484051595,,,,
pelt_l2,persistent,external,roster only,changelog categories,0,60,43,389,55,0.11053984575835475,39,0.7090909090909091,34.0374,5.390631422265213,25.0,45.0,0.23097690230976903,0.23195876288659795,36.4678,4.607980740915793,27.0,45.0,0.3471652834716528,34.06578947368421,5.0155372628550685,25.0,43.0,0.23376623376623376,76,36.519,4.6010603099283065,27.0,45.0,0.3491650834916508,1.0,1.0,1.0,1.0
pelt_l2,persistent,external,prompt (goal pooled),changelog categories,0,55,49,389,55,0.14395886889460155,39,0.7090909090909091,34.8439,5.705259660066217,24.0,46.0,0.31496850314968505,0.3170103092783505,38.7208,4.566260223995489,29.0,47.0,0.5348465153484652,34.98684210526316,5.818346663334598,24.0,45.125,0.3246753246753247,76,38.9676,4.561998621562957,30.0,47.0,0.5625437456254374,1.0,1.0,1.0,1.0
pelt_l2,persistent,external,prompt without goal,changelog categories,0,39,36,389,55,0.11053984575835475,36,0.6545454545454545,31.539,5.309736182696179,22.0,42.0,0.23357664233576642,0.23969072164948454,34.2697,4.969590686682286,24.0,44.0,0.41455854414558546,31.789473684210527,5.097230069946315,22.0,40.125,0.2987012987012987,76,34.6356,5.095390950741081,24.0,44.0,0.4510548945105489,1.0,1.0,1.0,1.0
pelt_l2,persistent,external,tool,changelog categories,0,54,43,389,55,0.15167095115681234,34,0.6181818181818182,31.3218,6.210193347242984,21.0,44.0,0.36896310368963103,0.3711340206185567,37.3442,4.859268217413078,28.0,47.0,0.7868213178682132,31.776315789473685,6.527069141578582,21.0,44.5,0.38961038961038963,76,37.5113,4.9366496088882075,27.0,47.0,0.7968203179682032,1.0,1.0,1.0,1.0
pelt_l2,persistent,external,memory,changelog categories,0,18,17,389,55,0.04627249357326478,24,0.43636363636363634,17.4673,5.772595862893888,7.0,30.0,0.15358464153584642,0.14948453608247422,22.1978,5.405515435156204,12.0,33.0,0.405959404059594,16.88157894736842,5.523204638041597,7.875,30.125,0.11688311688311688,76,22.2934,5.271422505313243,12.0,33.0,0.41355864413558646,1.0,1.0,0.8181818181818181,1.0
pelt_l2,persistent,external,model,changelog categories,0,51,40,389,55,0.13367609254498714,35,0.6363636363636364,34.7657,5.59581404475545,26.0,47.0,0.46585341465853414,0.46134020618556704,36.0818,4.984274577037859,26.0,45.0,0.6333366663333667,34.8421052631579,4.998806875189178,25.75,45.0,0.4805194805194805,76,36.0622,5.000663138342986,26.0,46.0,0.6335366463353664,1.0,1.0,1.0,1.0
pelt_l2,persistent,external,goal,changelog categories,0,16,15,389,55,0.038560411311053984,24,0.43636363636363634,14.4238,4.524161841052594,7.0,26.0,0.05829417058294171,0.059278350515463915,20.2645,5.288850247803805,10.0,31.0,0.2712728727127287,14.473684210526315,4.840037697402852,7.875,27.125,0.06493506493506493,76,20.8606,5.382440404358477,11.0,32.0,0.31286871312868714,0.5246475352464753,1.0,0.5844155844155844,1.0
pelt_l2,persistent,external,chat,changelog categories,0,29,25,389,55,0.06940874035989718,29,0.5272727272727272,23.5895,5.245735556063841,15.0,35.0,0.18698130186981302,0.18556701030927836,28.2419,5.261782305008687,18.0,38.0,0.48455154484551544,23.43421052631579,5.244261692722284,14.875,35.125,0.16883116883116883,76,28.4308,5.319909915040895,18.0,38.0,0.49825017498250174,1.0,1.0,1.0,1.0
pelt_l2,persistent,external,other,changelog categories,0,12,12,389,55,0.030848329048843187,25,0.45454545454545453,13.9072,6.168402798075684,5.0,30.0,0.07879212078792121,0.07731958762886598,17.2557,5.130394683156501,8.0,27.0,0.08359164083591641,13.81578947368421,5.990460252358555,5.875,29.125,0.07792207792207792,76,17.3642,5.168039204855386,8.0,28.0,0.0903909609039096,0.6303369663033697,0.7523247675232477,0.6233766233766234,0.8135186481351865
pelt_l2,persistent,external,village goal transitions,goals and monitor,0,51,51,389,55,0.13110539845758354,42,0.7636363636363637,38.8114,5.58434853271655,27.0,48.0,0.3428657134286571,0.34536082474226804,38.83,4.3791115151096776,30.0,47.0,0.2863713628637136,39.14473684210526,6.052446221418072,28.625,50.0,0.42857142857142855,76,41.8274,4.153665192748851,33.0,49.0,0.5507449255074492,1.0,1.0,0.8571428571428571,1.0
pelt_l2,persistent,external,scaffolding + goal transitions,goals and monitor,0,177,118,389,55,0.34704370179948585,47,0.8545454545454545,45.1216,5.544789257383086,32.0,52.0,0.521947805219478,0.5231958762886598,48.8548,3.087307906090791,42.0,54.0,0.7805219478052194,45.46052631578947,5.822807546132557,31.875,53.0,0.5454545454545454,76,49.7681,2.9031991400048076,43.0,54.0,0.8488151184881512,1.0,1.0,0.8571428571428571,1.0
pelt_l2,persistent,external,monitor likely-scaffolding-issue (medium/high),goals and monitor,0,55,55,64,22,0.859375,22,1.0,21.3954,0.879281612235444,19.0,22.0,0.6317368263173683,0.6349206349206349,21.3866,0.8901795784942479,19.0,22.0,0.6086391360863913,,,,,,,,,,,,1.0,1.0,,
pelt_l2,persistent,external,monitor emotional-or-erratic (medium/high),goals and monitor,0,60,60,64,22,0.9375,22,1.0,21.7191,0.7137549541778756,19.0,22.0,0.8421157884211579,0.8412698412698413,21.7461,0.5935233921267974,20.0,22.0,0.8212178782121787,,,,,,,,,,,,1.0,1.0,,
pelt_l2,persistent,external,monitor likely-scaffolding-issue (high),goals and monitor,0,4,4,64,22,0.0625,5,0.22727272727272727,6.9597,2.9590795063925737,2.0,12.0,0.7578242175782421,0.7619047619047619,6.3516,3.5292808080828917,1.0,13.0,0.6735326467353264,,,,,,,,,,,,1.0,1.0,,
pelt_l2,persistent,external,monitor emotional-or-erratic (high),goals and monitor,0,8,8,64,22,0.125,8,0.36363636363636365,9.0938,2.7278830060267354,5.0,15.0,0.6200379962003799,0.6190476190476191,10.0293,3.5780052714008423,3.0,17.0,0.7487251274872513,,,,,,,,,,,,1.0,1.0,,
pelt_l2,persistent,external,all,summary,1,186,110,389,55,0.5886889460154242,50,0.9090909090909091,48.9601,4.3269134735999515,38.0,55.0,0.5626437356264373,0.5651041666666666,51.5641,2.9179003759999116,44.0,55.0,0.7995200479952005,49.35526315789474,4.325749098498188,38.875,55.0,0.6493506493506493,76,51.6474,2.7906723249429555,45.0,55.0,0.815018498150185,,,,
pelt_l2,persistent,external,scaffolding,summary,1,126,88,389,55,0.5038560411311054,46,0.8363636363636363,44.1717,5.917053342841029,31.0,53.0,0.4737526247375263,0.4791666666666667,49.7409,3.4857111481333076,41.0,55.0,0.8743125687431257,44.276315789473685,6.1440457554948305,31.0,53.0,0.4805194805194805,76,49.7692,3.5100090279567135,41.0,54.0,0.8775122487751225,,,,
pelt_l2,persistent,external,roster only,changelog categories,1,60,43,389,55,0.2827763496143959,46,0.8363636363636363,37.3304,5.820620568494414,27.0,48.0,0.08299170082991701,0.08854166666666667,40.2958,5.2328616114000575,29.0,49.0,0.17198280171982802,37.98684210526316,5.841217729326951,26.875,48.0,0.11688311688311688,76,40.6409,5.176739036565903,30.0,49.0,0.18708129187081293,0.5396460353964603,1.0,0.7012987012987013,1.0
pelt_l2,persistent,external,prompt (goal pooled),changelog categories,1,55,49,389,55,0.32390745501285345,44,0.8,38.4976,6.386428805466223,26.0,49.0,0.2562743725627437,0.2552083333333333,42.5662,4.99532910740515,32.0,51.0,0.45885411458854114,38.56578947368421,6.723759913056166,26.875,49.25,0.2987012987012987,76,42.9937,4.941427129909741,32.0,51.0,0.49645035496450357,1.0,1.0,1.0,1.0
pelt_l2,persistent,external,prompt without goal,changelog categories,1,39,36,389,55,0.2544987146529563,39,0.7090909090909091,35.1917,6.181583317179404,25.0,47.0,0.34706529347065296,0.3515625,38.0396,5.580210185519131,27.0,48.0,0.49175082491750827,35.60526315789474,6.6233505063392615,25.0,47.0,0.38961038961038963,76,38.493,5.570678077705132,27.0,48.0,0.5217478252174782,1.0,1.0,1.0,1.0
pelt_l2,persistent,external,tool,changelog categories,1,54,43,389,55,0.30077120822622105,35,0.6363636363636364,34.3166,6.953330088521039,22.0,49.0,0.48395160483951605,0.4817708333333333,40.9549,5.397071319510498,30.0,50.0,0.8649135086491351,34.85526315789474,7.287805243223634,22.875,48.125,0.5064935064935064,76,41.4428,5.328861776851007,30.0,50.0,0.884011598840116,1.0,1.0,1.0,1.0
pelt_l2,persistent,external,memory,changelog categories,1,18,17,389,55,0.10539845758354756,31,0.5636363636363636,19.594,6.432145928858036,8.0,34.0,0.0770922907709229,0.07552083333333333,24.9566,5.98381960370673,14.0,37.0,0.18618138186181382,19.11842105263158,6.445602335987243,7.875,34.125,0.06493506493506493,76,24.8334,5.82252819859744,14.0,36.0,0.17488251174882513,0.5396460353964603,1.0,0.5194805194805194,1.0
pelt_l2,persistent,external,model,changelog categories,1,51,40,389,55,0.29562982005141386,42,0.7636363636363637,37.8213,5.801407755294771,27.0,50.0,0.29127087291270876,0.2994791666666667,39.8788,5.459788593814683,29.0,49.0,0.41205879412058793,38.35526315789474,5.918792551116983,29.625,48.125,0.36363636363636365,76,40.2762,5.470293042479265,29.0,50.0,0.44935506449355067,1.0,1.0,1.0,1.0
pelt_l2,persistent,external,goal,changelog categories,1,16,15,389,55,0.09768637532133675,28,0.509090909090909,15.8368,5.033497727220803,8.0,29.0,0.039396060393960604,0.0390625,22.9245,5.871409293747922,12.0,35.0,0.22347765223477653,15.605263157894736,5.1122831099706545,7.875,29.25,0.05194805194805195,76,23.2576,5.910561370425939,12.0,35.0,0.24117588241175883,0.3545645435456454,1.0,0.4675324675324676,1.0
pelt_l2,persistent,external,chat,changelog categories,1,29,25,389,55,0.16966580976863754,30,0.5454545454545454,26.5558,6.011031493010247,17.0,39.0,0.30756924307569244,0.3046875,31.7185,5.938062294080522,20.0,43.0,0.6371362863713629,26.07894736842105,6.183339244334433,17.0,37.5,0.2857142857142857,76,31.4614,5.868931289037856,20.0,43.0,0.6252374762523748,1.0,1.0,1.0,1.0
pelt_l2,persistent,external,other,changelog categories,1,12,12,389,55,0.08740359897172235,30,0.5454545454545454,15.5384,6.775936597377307,6.0,33.0,0.06419358064193581,0.06510416666666667,19.5705,5.745775068962787,9.0,31.0,0.04839516048395161,15.578947368421053,6.7236164036818495,6.875,31.25,0.06493506493506493,76,19.5315,5.706247793111305,9.0,32.0,0.04999500049995,0.5135486451354865,0.43555644435556445,0.5194805194805194,0.44995500449955
pelt_l2,persistent,external,village goal transitions,goals and monitor,1,51,51,389,55,0.37532133676092544,45,0.8181818181818182,41.6028,6.1470652185478,29.0,51.0,0.38916108389161086,0.3880208333333333,42.8374,4.842716843946491,32.0,51.0,0.3999600039996,42.01315789473684,6.371799162042343,29.0,52.125,0.44155844155844154,76,45.2323,4.637487179360593,35.0,53.0,0.5865413458654135,1.0,1.0,0.8831168831168831,1.0
pelt_l2,persistent,external,scaffolding + goal transitions,goals and monitor,1,177,118,389,55,0.6401028277634961,49,0.8909090909090909,47.4284,5.855382309482364,33.0,54.0,0.5598440155984401,0.5520833333333334,51.9789,2.725618771906478,45.0,55.0,0.8804119588041196,47.19736842105263,6.190357527299168,32.0,54.0,0.5714285714285714,76,52.6002,2.615424249409728,46.0,55.0,0.9044095590440956,1.0,1.0,0.8831168831168831,1.0
pelt_l2,persistent,external,monitor likely-scaffolding-issue (medium/high),goals and monitor,1,55,55,64,22,1.0,22,1.0,21.9688,0.24785621491164397,22.0,22.0,0.9844015598440156,0.9830508474576272,21.9613,0.2821529213513529,22.0,22.0,0.9804019598040196,,,,,,,,,,,,1.0,1.0,,
pelt_l2,persistent,external,monitor emotional-or-erratic (medium/high),goals and monitor,1,60,60,64,22,1.0,22,1.0,21.9642,0.2651893522358202,22.0,22.0,0.9821017898210179,0.9830508474576272,21.9945,0.10616438709712768,22.0,22.0,0.9973002699730027,,,,,,,,,,,,1.0,1.0,,
pelt_l2,persistent,external,monitor likely-scaffolding-issue (high),goals and monitor,1,4,4,64,22,0.171875,5,0.22727272727272727,8.723,3.4831141538027204,3.0,15.0,0.7756224377562244,0.7796610169491526,7.9383,4.190495094247635,1.0,16.0,0.7302269773022698,,,,,,,,,,,,1.0,1.0,,
pelt_l2,persistent,external,monitor emotional-or-erratic (high),goals and monitor,1,8,8,64,22,0.234375,12,0.5454545454545454,10.8276,2.995959915883682,6.0,18.0,0.48855114488551143,0.4915254237288136,12.3126,4.1079153760604274,4.0,20.0,0.644935506449355,,,,,,,,,,,,1.0,1.0,,
pelt_l2,persistent,external,all,summary,2,186,110,389,55,0.7326478149100257,52,0.9454545454545454,50.9884,4.0191393093644825,40.0,55.0,0.6097390260973903,0.6131578947368421,53.2637,2.2899534271835895,47.0,55.0,0.8612138786121388,50.973684210526315,3.949594693840627,40.0,55.0,0.5974025974025974,76,53.2457,2.3157002735189365,46.0,55.0,0.8645135486451355,,,,
pelt_l2,persistent,external,scaffolding,summary,2,126,88,389,55,0.6349614395886889,48,0.8727272727272727,46.3586,5.998933635278528,32.0,54.0,0.5221477852214779,0.5236842105263158,51.8789,3.086646647861215,43.0,55.0,0.8932106789321068,46.078947368421055,6.368177463805976,31.0,54.0,0.4935064935064935,76,51.8776,3.1145767447327226,43.0,55.0,0.8928107189281071,,,,
pelt_l2,persistent,external,roster only,changelog categories,2,60,43,389,55,0.41645244215938304,47,0.8545454545454545,40.3359,6.212884288566649,28.0,50.0,0.20237976202379762,0.19736842105263158,43.5198,5.469789741844013,32.0,52.0,0.33966603339666035,40.56578947368421,6.199646283062262,28.0,51.0,0.2077922077922078,76,43.839,5.375850535208144,32.0,52.0,0.3641635836416358,1.0,1.0,1.0,1.0
pelt_l2,persistent,external,prompt (goal pooled),changelog categories,2,55,49,389,55,0.4498714652956298,46,0.8363636363636363,41.3871,6.694321099521471,28.0,51.0,0.34836516348365165,0.35,45.6724,5.066857561107718,34.0,53.0,0.5696430356964304,41.26315789473684,6.951965517852021,28.625,51.0,0.37662337662337664,76,45.8734,5.123767924074429,34.0,53.0,0.5829417058294171,1.0,1.0,1.0,1.0
pelt_l2,persistent,external,prompt without goal,changelog categories,2,39,36,389,55,0.37532133676092544,40,0.7272727272727273,38.3859,6.743643589550554,27.0,50.0,0.5114488551144886,0.5105263157894737,41.0734,5.857921471340875,29.0,51.0,0.6283371662833717,38.55263157894737,6.901970224686292,26.875,49.0,0.5194805194805194,76,41.4039,5.924430325142473,29.0,51.0,0.6426357364263574,1.0,1.0,1.0,1.0
pelt_l2,persistent,external,tool,changelog categories,2,54,43,389,55,0.4087403598971722,39,0.7090909090909091,36.7157,7.25764017047445,24.0,50.024999999999636,0.43085691430856915,0.42894736842105263,43.9832,5.501522010720619,32.0,52.0,0.8184181581841816,36.53947368421053,7.5726539416045044,23.875,51.125,0.42857142857142855,76,44.3532,5.434537991432025,32.0,52.0,0.8394160583941606,1.0,1.0,1.0,1.0
pelt_l2,persistent,external,memory,changelog categories,2,18,17,389,55,0.15938303341902313,33,0.6,21.6492,7.070766502571938,9.0,35.0,0.0822917708229177,0.07894736842105263,27.7049,6.609794620749789,15.0,41.0,0.24967503249675033,21.69736842105263,7.355759171047958,9.625,35.125,0.11688311688311688,76,27.6582,6.539392106680291,15.0,40.0,0.24137586241375864,0.5760423957604239,1.0,0.8311688311688312,1.0
pelt_l2,persistent,external,model,changelog categories,2,51,40,389,55,0.41645244215938304,48,0.8727272727272727,40.5704,6.020537229089501,29.0,51.0,0.15628437156284372,0.15526315789473685,42.882,5.626156891176819,31.0,52.0,0.24047595240475952,40.73684210526316,6.1065394915126445,29.75,50.25,0.19480519480519481,76,43.0349,5.700765901454498,31.0,52.0,0.2528747125287471,0.9377062293770624,1.0,1.0,1.0
pelt_l2,persistent,external,goal,changelog categories,2,16,15,389,55,0.14652956298200515,30,0.5454545454545454,17.2286,5.428949197491066,9.0,31.0,0.0448955104489551,0.04473684210526316,25.4876,6.639085327467823,13.0,39.0,0.27547245275472454,17.223684210526315,5.6770853653625855,9.0,31.0,0.06493506493506493,76,25.9264,6.523575610343946,14.0,39.0,0.29457054294570545,0.40405959404059594,1.0,0.5844155844155844,1.0
pelt_l2,persistent,external,chat,changelog categories,2,29,25,389,55,0.2519280205655527,32,0.5818181818181818,29.334,6.633071970390223,18.0,43.0,0.3584641535846415,0.35526315789473684,34.681,6.456144916334985,22.0,46.0,0.6733326667333267,28.75,6.675577378274731,18.0,41.125,0.33766233766233766,76,34.68,6.445165165874458,22.0,46.0,0.6756324367563243,1.0,1.0,1.0,1.0
pelt_l2,persistent,external,other,changelog categories,2,12,12,389,55,0.13367609254498714,33,0.6,17.2832,7.601735091256454,8.0,37.0,0.0684931506849315,0.06578947368421052,21.782,6.420794239022614,10.0,35.0,0.0585941405859414,17.736842105263158,7.813438715533867,8.0,36.375,0.1038961038961039,76,21.7841,6.512966226145065,10.0,35.0,0.06329367063293671,0.547945205479452,0.5273472652734726,0.8311688311688312,0.5696430356964304
pelt_l2,persistent,external,village goal transitions,goals and monitor,2,51,51,389,55,0.5886889460154242,45,0.8181818181818182,44.215,6.35101633920541,31.0,53.0,0.6443355664433557,0.6447368421052632,45.9324,4.949492902106114,34.0,53.0,0.6534346565343465,44.5921052631579,6.335461323016548,31.625,53.0,0.6883116883116883,76,48.7143,4.290421457342876,38.0,54.0,0.8206179382061793,1.0,1.0,1.0,1.0
pelt_l2,persistent,external,scaffolding + goal transitions,goals and monitor,2,177,118,389,55,0.7840616966580977,49,0.8909090909090909,48.7255,5.744201366154698,34.0,55.0,0.6658334166583342,0.6605263157894737,53.5917,2.0584010327147495,47.0,55.0,0.9587041295870413,48.30263157894737,6.079516947569887,32.875,55.0,0.6363636363636364,76,53.8853,1.807503974286559,48.0,55.0,0.9726027397260274,1.0,1.0,1.0,1.0
pelt_l2,persistent,external,monitor likely-scaffolding-issue (medium/high),goals and monitor,2,55,55,64,22,1.0,22,1.0,22.0,0.0,22.0,22.0,1.0,1.0,21.9949,0.10136576099329682,22.0,22.0,0.9974002599740026,,,,,,,,,,,,1.0,1.0,,
pelt_l2,persistent,external,monitor emotional-or-erratic (medium/high),goals and monitor,2,60,60,64,22,1.0,22,1.0,22.0,0.0,22.0,22.0,1.0,1.0,21.9998,0.020000000000000007,22.0,22.0,0.9999000099990001,,,,,,,,,,,,1.0,1.0,,
pelt_l2,persistent,external,monitor likely-scaffolding-issue (high),goals and monitor,2,4,4,64,22,0.28125,10,0.45454545454545453,10.7996,4.690014868200995,3.0,18.0,0.6555344465553444,0.6545454545454545,9.5,4.902448714707787,2.0,18.0,0.5517448255174483,,,,,,,,,,,,1.0,1.0,,
pelt_l2,persistent,external,monitor emotional-or-erratic (high),goals and monitor,2,8,8,64,22,0.328125,12,0.5454545454545454,12.7386,3.134813031948561,7.0,19.0,0.7282271772822718,0.7272727272727273,14.3824,4.625463190965105,4.0,21.0,0.7874212578742126,,,,,,,,,,,,1.0,1.0,,
pelt_l2,persistent,external,all,summary,3,186,110,389,55,0.8123393316195373,53,0.9636363636363636,52.2246,3.491070551759121,41.0,55.0,0.6911308869113089,0.6888297872340425,54.1065,1.7372563299512238,48.0,55.0,0.8997100289971003,51.5945945945946,4.003145745634588,40.825,55.0,0.64,74,54.0639,1.8386829159717966,48.0,55.0,0.8968103189681031,,,,
pelt_l2,persistent,external,scaffolding,summary,3,126,88,389,55,0.7172236503856041,49,0.8909090909090909,47.7245,5.746103159546653,34.0,55.0,0.5621437856214379,0.5718085106382979,53.136,2.5736678839037612,46.0,55.0,0.9257074292570743,47.12162162162162,6.386957392341121,32.0,54.175,0.56,74,53.0603,2.6498237802930706,45.0,55.0,0.9202079792020798,,,,
pelt_l2,persistent,external,roster only,changelog categories,3,60,43,389,55,0.5089974293059126,48,0.8727272727272727,42.87,6.2527441720390335,30.0,52.0,0.31366863313668636,0.3058510638297872,45.9994,5.413051796627785,34.0,53.0,0.47195280471952805,42.472972972972975,6.376805085240566,28.0,52.175,0.25333333333333335,74,45.9609,5.4396994607259606,34.0,53.0,0.4687531246875312,1.0,1.0,1.0,1.0
pelt_l2,persistent,external,prompt (goal pooled),changelog categories,3,55,49,389,55,0.5449871465295629,47,0.8545454545454545,43.6011,6.585325765787457,31.0,53.0,0.43785621437856215,0.43351063829787234,47.8739,4.920693052001029,36.0,54.0,0.6671332866713329,42.66216216216216,6.997606297238465,30.0,52.0,0.41333333333333333,74,47.7165,5.001062768340474,36.0,54.0,0.6561343865613438,1.0,1.0,1.0,1.0
pelt_l2,persistent,external,prompt without goal,changelog categories,3,39,36,389,55,0.480719794344473,41,0.7454545454545455,40.4953,6.878147192440715,28.0,51.0,0.5611438856114389,0.5611702127659575,43.6214,6.00108851345609,31.0,52.0,0.7123287671232876,39.986486486486484,6.974500017909161,28.825,50.0,0.5466666666666666,74,43.5958,6.008446762953827,31.0,52.0,0.7128287171282872,1.0,1.0,1.0,1.0
pelt_l2,persistent,external,tool,changelog categories,3,54,43,389,55,0.4910025706940874,42,0.7636363636363637,38.6984,7.562747976476248,25.0,53.0,0.40015998400159986,0.39893617021276595,46.4313,5.410860195089602,34.0,54.0,0.8055194480551945,38.5945945945946,7.912048933528262,25.0,53.0,0.4666666666666667,74,46.3238,5.379799976279646,34.0,54.0,0.8087191280871913,1.0,1.0,1.0,1.0
pelt_l2,persistent,external,memory,changelog categories,3,18,17,389,55,0.20822622107969152,41,0.7454545454545455,23.5448,7.486855031308271,11.0,38.0,0.009299070092990702,0.010638297872340425,30.1459,7.1141882430419106,17.0,43.0,0.0791920807919208,23.68918918918919,8.134024052016667,11.825,38.349999999999994,0.02666666666666667,74,30.5904,7.179692377690274,17.0,44.0,0.09049095090490951,0.08369163083691632,0.7127287271272873,0.24000000000000002,0.7239276072392761
pelt_l2,persistent,external,model,changelog categories,3,51,40,389,55,0.506426735218509,49,0.8909090909090909,42.6695,6.017748007278795,31.0,53.0,0.2096790320967903,0.2074468085106383,45.3031,5.603085743319006,33.0,53.0,0.34866513348665135,42.41891891891892,5.907985672432235,31.65,51.349999999999994,0.21333333333333335,74,45.2302,5.61869779722078,33.0,53.0,0.34866513348665135,1.0,1.0,1.0,1.0
pelt_l2,persistent,external,goal,changelog categories,3,16,15,389,55,0.1825192802056555,30,0.5454545454545454,18.4833,5.587955228378573,10.0,32.0,0.0736926307369263,0.07446808510638298,27.9678,7.094687915593044,15.0,42.0,0.41125887411258877,18.66216216216216,5.703344433467775,9.825,31.174999999999997,0.09333333333333334,74,27.8234,6.920838261383083,15.0,41.0,0.40285971402859716,0.5895410458954105,1.0,0.7466666666666667,1.0
pelt_l2,persistent,external,chat,changelog categories,3,29,25,389,55,0.32390745501285345,35,0.6363636363636364,31.7122,7.034096886729752,19.0,46.0,0.33336666333366666,0.3324468085106383,37.2382,6.742729951638288,24.0,49.0,0.6535346465353464,31.175675675675677,7.245892758382197,18.825,45.175,0.30666666666666664,74,37.3124,6.5609687448643665,24.0,49.0,0.6533346665333467,1.0,1.0,1.0,1.0
pelt_l2,persistent,external,other,changelog categories,3,12,12,389,55,0.1748071979434447,34,0.6181818181818182,18.845,7.992306469115761,8.0,39.0,0.09119088091190881,0.08776595744680851,23.9469,6.990519803756562,11.975000000000023,38.0,0.10128987101289871,18.5,7.804547322177603,8.825,38.349999999999994,0.09333333333333334,74,23.8073,6.559669933538096,12.0,37.0,0.0791920807919208,0.6383361663833617,0.8103189681031897,0.7466666666666667,0.7127287271272873
pelt_l2,persistent,external,village goal transitions,goals and monitor,3,51,51,389,55,0.6503856041131105,48,0.8727272727272727,45.8191,6.159705300332045,32.0,53.0,0.567043295670433,0.5638297872340425,48.1745,4.794324593186248,36.0,54.0,0.6360363963603639,45.689189189189186,6.280924972618471,31.475,53.0,0.52,74,49.461,4.18308843115733,39.0,55.0,0.7376262373762624,1.0,1.0,1.0,1.0
pelt_l2,persistent,external,scaffolding + goal transitions,goals and monitor,3,177,118,389,55,0.8226221079691517,49,0.8909090909090909,49.2742,5.599120410826819,35.0,55.0,0.7107289271072893,0.7101063829787234,54.3199,1.5166390504668341,49.0,55.0,0.9832016798320168,48.74324324324324,6.124419594106837,32.825,55.0,0.68,74,54.3858,1.4110837947292763,49.0,55.0,0.9871012898710129,1.0,1.0,1.0,1.0
pelt_l2,persistent,external,monitor likely-scaffolding-issue (medium/high),goals and monitor,3,55,55,64,22,1.0,22,1.0,22.0,0.0,22.0,22.0,1.0,1.0,21.9998,0.020000000000000007,22.0,22.0,0.9999000099990001,,,,,,,,,,,,1.0,1.0,,
pelt_l2,persistent,external,monitor emotional-or-erratic (medium/high),goals and monitor,3,60,60,64,22,1.0,22,1.0,22.0,0.0,22.0,22.0,1.0,1.0,22.0,0.0,22.0,22.0,1.0,,,,,,,,,,,,1.0,1.0,,
pelt_l2,persistent,external,monitor likely-scaffolding-issue (high),goals and monitor,3,4,4,64,22,0.390625,10,0.45454545454545453,12.4208,5.471098669560367,4.0,20.0,0.652034796520348,0.6470588235294118,11.0301,5.499801702959588,2.0,20.0,0.6103389661033897,,,,,,,,,,,,1.0,1.0,,
pelt_l2,persistent,external,monitor emotional-or-erratic (high),goals and monitor,3,8,8,64,22,0.421875,13,0.5909090909090909,14.4003,3.2612150285355663,9.0,20.0,0.7385261473852615,0.7450980392156863,16.0517,4.764650805644625,4.0,22.0,0.8074192580741926,,,,,,,,,,,,1.0,1.0,,
pelt_l2,persistent,family,all,summary,0,186,110,389,261,0.32904884318766064,152,0.5823754789272031,113.0906,11.21571089396859,93.0,136.0,0.00009999000099990002,0.0,118.2152,11.13453576709307,96.0,140.0,0.000999900009999,114.38157894736842,11.158216231713931,96.875,135.125,0.012987012987012988,76,119.394,10.9150482283764,98.0,140.0,0.0012998700129987,,,,
pelt_l2,persistent,family,scaffolding,summary,0,126,88,389,261,0.2750642673521851,131,0.5019157088122606,96.2023,11.988025107773108,74.0,120.0,0.00009999000099990002,0.0,102.1983,11.21234804957813,80.0,124.0,0.0058994100589941,98.01315789473684,12.181399395310466,72.875,117.25,0.012987012987012988,76,104.9823,11.225167577756462,83.0,126.02499999999964,0.0108989101089891,,,,
pelt_l2,persistent,family,roster only,changelog categories,0,60,43,389,261,0.11053984575835475,75,0.28735632183908044,49.5895,9.238783754506123,33.0,69.0,0.0021997800219978004,0.002577319587628866,51.188,9.501951626296087,34.0,70.0,0.0082991700829917,49.63157894736842,8.729783663242609,32.625,65.125,0.012987012987012988,76,51.3795,9.434944704032812,34.0,71.0,0.0103989601039896,0.017598240175982403,0.049795020497950204,0.1168831168831169,0.0727927207279272
pelt_l2,persistent,family,prompt (goal pooled),changelog categories,0,55,49,389,261,0.14395886889460155,101,0.38697318007662834,58.3878,10.761477226626925,39.0,81.0,0.00009999000099990002,0.0,61.9244,10.372494565163699,42.0,83.0,0.00019998000199980003,59.4078947368421,10.450107025389991,42.5,82.0,0.012987012987012988,76,63.8258,10.165873738094817,45.0,84.0,0.0005999400059994001,0.0008999100089991002,0.0017998200179982003,0.1168831168831169,0.0053994600539946005
pelt_l2,persistent,family,prompt without goal,changelog categories,0,39,36,389,261,0.11053984575835475,83,0.31800766283524906,46.4978,10.256203690031372,27.0,67.0,0.0023997600239976003,0.002577319587628866,48.7389,9.691930671543943,31.0,69.0,0.0006999300069993001,45.81578947368421,9.813882040342364,28.625,64.25,0.012987012987012988,76,48.6797,9.422599771222636,32.0,68.0,0.0005999400059994001,0.017598240175982403,0.005599440055994401,0.1168831168831169,0.0053994600539946005
pelt_l2,persistent,family,tool,changelog categories,0,54,43,389,261,0.15167095115681234,68,0.26053639846743293,56.6352,11.09949732393699,37.0,80.02499999999964,0.16818318168183183,0.16752577319587628,60.8587,10.502836058252393,41.0,82.0,0.2633736626337366,58.3421052631579,11.307286891297366,41.125,79.375,0.2077922077922078,76,62.8165,10.440561684259533,43.0,84.0,0.32626737326267374,0.16818318168183183,0.26717328267173285,0.2077922077922078,0.32626737326267374
pelt_l2,persistent,family,memory,changelog categories,0,18,17,389,261,0.04627249357326478,31,0.11877394636015326,20.0102,6.6296222478445115,10.0,36.0,0.07739226077392261,0.07731958762886598,22.5302,7.040756009443762,10.0,38.0,0.13358664133586642,18.342105263157894,6.300375928633565,9.0,33.625,0.06493506493506493,76,21.6632,6.929730721809302,10.0,37.0,0.10798920107989202,0.15478452154784522,0.26717328267173285,0.15584415584415584,0.21597840215978403
pelt_l2,persistent,family,model,changelog categories,0,51,40,389,261,0.13367609254498714,71,0.2720306513409962,54.0763,9.78419395531055,35.97500000000002,75.0,0.047795220477952205,0.04639175257731959,55.2252,9.966464669169312,37.0,75.0,0.0675932406759324,52.828947368421055,9.158439689371747,37.625,67.875,0.03896103896103896,76,54.7108,9.808556679675856,36.0,75.0,0.05699430056994301,0.14338566143385661,0.2027797220277972,0.15584415584415584,0.203979602039796
pelt_l2,persistent,family,goal,changelog categories,0,16,15,389,261,0.038560411311053984,35,0.13409961685823754,17.5436,6.671053090399858,7.0,33.0,0.022097790220977902,0.020618556701030927,19.5165,6.582967514436754,9.0,34.0,0.021997800219978002,19.31578947368421,6.605473541068376,10.0,32.0,0.03896103896103896,76,22.1906,6.986626720764001,10.0,37.024999999999636,0.050994900509949,0.08849115088491151,0.08799120087991201,0.15584415584415584,0.203979602039796
pelt_l2,persistent,family,chat,changelog categories,0,29,25,389,261,0.06940874035989718,56,0.21455938697318008,30.3875,8.88827564234984,14.0,48.0,0.005599440055994401,0.005154639175257732,32.7326,8.199208494848403,18.0,50.0,0.0052994700529947,32.43421052631579,8.679993127978523,19.875,49.25,0.012987012987012988,76,34.8007,8.355151726093105,20.0,52.0,0.0112988701129887,0.033596640335966405,0.0370962903709629,0.1168831168831169,0.0727927207279272
pelt_l2,persistent,family,other,changelog categories,0,12,12,389,261,0.030848329048843187,32,0.12260536398467432,14.9059,6.051653281603637,4.0,30.0,0.017698230176982303,0.01804123711340206,15.7846,5.9985832610804035,6.0,29.0,0.012798720127987202,15.302631578947368,6.201117612908402,5.875,28.125,0.012987012987012988,76,17.2128,6.033436532826012,7.0,30.0,0.018198180181981802,0.08849115088491151,0.063993600639936,0.1168831168831169,0.09099090090990901
pelt_l2,persistent,family,village goal transitions,goals and monitor,0,51,51,389,261,0.13110539845758354,91,0.3486590038314176,65.2901,11.529832422614362,43.0,89.0,0.019498050194980503,0.020618556701030927,59.2905,9.940090054372188,41.0,79.0,0.0010998900109989002,78.97368421052632,9.08034314213661,63.5,98.125,0.11688311688311688,76,80.0331,9.906695647483332,61.0,99.0,0.14628537146285372,0.11698830116988301,0.006599340065993401,0.23376623376623376,0.29257074292570745
pelt_l2,persistent,family,scaffolding + goal transitions,goals and monitor,0,177,118,389,261,0.34704370179948585,160,0.6130268199233716,120.0475,12.006608997379802,97.0,145.0,0.0022997700229977,0.002577319587628866,123.3851,11.138958911431672,101.0,145.0,0.0005999400059994001,130.27631578947367,10.28733679071576,109.875,147.125,0.012987012987012988,76,136.3581,10.484658182111593,116.0,157.0,0.013298670132986702,0.0160983901609839,0.004199580041995801,0.03896103896103896,0.039896010398960104
pelt_l2,persistent,family,agent goal changes,goals and monitor,0,33,8,55,26,0.06783216783216783,6,0.23076923076923078,2.8844,1.7706920045613528,0.0,7.0,0.09719028097190281,0.09259259259259259,2.9995,1.7344741537592903,0.0,7.0,0.08919108089191082,3.0,2.4037008503093262,0.225,7.325000000000001,0.18181818181818182,10,3.454,2.0088025111376364,0.0,8.0,0.15848415158484153,0.48595140485951405,0.44595540445955406,0.23376623376623376,0.29257074292570745
pelt_l2,persistent,family,monitor likely-scaffolding-issue (medium/high),goals and monitor,0,55,55,64,43,0.859375,37,0.8604651162790697,38.7318,2.7747502020665546,34.0,43.0,0.79002099790021,0.7777777777777778,38.6018,2.82846898227263,32.0,43.0,0.7771222877712228,,,,,,,,,,,,1.0,1.0,,
pelt_l2,persistent,family,monitor emotional-or-erratic (medium/high),goals and monitor,0,60,60,64,43,0.9375,42,0.9767441860465116,40.9892,2.0090014854889655,36.0,43.0,0.5568443155684432,0.5714285714285714,41.0677,1.9444008793142291,36.0,43.0,0.5261473852614739,,,,,,,,,,,,1.0,1.0,,
pelt_l2,persistent,family,monitor likely-scaffolding-issue (high),goals and monitor,0,4,4,64,43,0.0625,3,0.06976744186046512,5.0304,2.747513552845974,1.0,10.0,0.7904209579042096,0.7936507936507936,4.8048,2.8250477959682296,1.0,11.0,0.7768223177682232,,,,,,,,,,,,1.0,1.0,,
pelt_l2,persistent,family,monitor emotional-or-erratic (high),goals and monitor,0,8,8,64,43,0.125,8,0.18604651162790697,7.8921,2.8668239321496176,3.0,14.0,0.5529447055294471,0.5555555555555556,9.0573,3.663899442658408,3.0,17.0,0.6331366863313669,,,,,,,,,,,,1.0,1.0,,
pelt_l2,persistent,family,all,summary,1,186,110,389,261,0.5886889460154242,192,0.735632183908046,169.4876,11.360526061553644,148.0,191.0,0.024297570242975703,0.0234375,187.8164,12.07910930193749,163.0,210.0,0.3975602439756024,170.94736842105263,9.566461884231606,153.875,189.0,0.025974025974025976,76,188.8061,11.895202914420484,164.0,211.0,0.42505749425057493,,,,
pelt_l2,persistent,family,scaffolding,summary,1,126,88,389,261,0.5038560411311054,173,0.6628352490421456,146.4233,12.987616599226083,120.0,172.0,0.020097990200979902,0.020833333333333332,166.4974,12.947762652125252,140.0,191.0,0.3314668533146685,147.78947368421052,11.571592560489023,123.875,170.25,0.025974025974025976,76,167.6847,12.8763374418579,142.0,192.0,0.36066393360663934,,,,
pelt_l2,persistent,family,roster only,changelog categories,1,60,43,389,261,0.2827763496143959,109,0.41762452107279696,89.6855,11.614279095057505,69.0,113.0,0.07039296070392961,0.07291666666666667,95.1225,12.958120428461214,70.0,120.0,0.1563843615638436,92.40789473684211,10.623467897793008,70.875,114.0,0.09090909090909091,76,96.9216,12.783199695672673,72.0,122.0,0.18488151184881513,0.250974902509749,0.5811418858114189,0.4155844155844156,0.6307369263073692
pelt_l2,persistent,family,prompt (goal pooled),changelog categories,1,55,49,389,261,0.32390745501285345,131,0.5019157088122606,100.1551,13.740455742165187,75.0,130.0,0.0182981701829817,0.015625,109.3325,13.479202967581731,83.0,136.0,0.060493950604939506,101.42105263157895,12.700932415005063,79.75,124.125,0.025974025974025976,76,111.8221,13.220814293494115,86.0,138.0,0.07849215078492151,0.1646835316468353,0.42345765423457654,0.2337662337662338,0.5494450554944506
pelt_l2,persistent,family,prompt without goal,changelog categories,1,39,36,389,261,0.2544987146529563,110,0.421455938697318,81.2732,13.166309161252935,57.0,108.0,0.0212978702129787,0.020833333333333332,86.6515,12.835595934832952,62.0,112.0,0.041995800419958006,81.86842105263158,12.819092121012998,62.625,111.0,0.06493506493506493,76,88.0764,12.650674566864,64.0,113.0,0.049295070492950704,0.16478352164783522,0.37796220377962203,0.4155844155844156,0.4436556344365563
pelt_l2,persistent,family,tool,changelog categories,1,54,43,389,261,0.30077120822622105,99,0.3793103448275862,91.2324,13.324246462535111,67.0,121.0,0.28857114288571145,0.2864583333333333,102.7719,13.419548383529223,76.0,129.0,0.6237376262373763,90.8157894736842,12.693001248788812,69.625,119.0,0.2597402597402597,76,104.1805,13.041806953902602,79.0,130.0,0.6679332066793321,0.28857114288571145,0.6237376262373763,0.4155844155844156,0.6679332066793321
pelt_l2,persistent,family,memory,changelog categories,1,18,17,389,261,0.10539845758354756,52,0.19923371647509577,35.2397,8.816530895522522,21.0,56.0,0.0552944705529447,0.052083333333333336,43.1933,10.056562462136625,25.0,65.0,0.20387961203879612,34.10526315789474,8.847717517142932,20.875,55.625,0.07792207792207792,76,41.3048,9.932168028994255,24.0,62.0,0.1576842315768423,0.250974902509749,0.5811418858114189,0.4155844155844156,0.6307369263073692
pelt_l2,persistent,family,model,changelog categories,1,51,40,389,261,0.29562982005141386,114,0.4367816091954023,92.1722,11.475901567706094,72.0,119.0,0.05019498050194981,0.052083333333333336,95.4803,13.167154183988675,70.0,121.0,0.0866913308669133,94.69736842105263,11.216677745621599,76.375,120.0,0.05194805194805195,76,97.5264,13.151250837082303,73.0,123.0,0.11698830116988301,0.250974902509749,0.4334566543345665,0.4155844155844156,0.5849415058494151
pelt_l2,persistent,family,goal,changelog categories,1,16,15,389,261,0.09768637532133675,54,0.20689655172413793,31.8252,8.855432616686938,17.0,52.0,0.020597940205979402,0.0234375,38.0252,9.58772952349729,22.0,59.0,0.066993300669933,32.78947368421053,8.797447795769989,20.375,54.5,0.05194805194805195,76,40.2113,9.669446836826449,23.0,61.0,0.09259074092590741,0.16478352164783522,0.42345765423457654,0.4155844155844156,0.5555444455554445
pelt_l2,persistent,family,chat,changelog categories,1,29,25,389,261,0.16966580976863754,74,0.2835249042145594,55.4888,12.376323844308127,32.0,78.0,0.060993900609939006,0.059895833333333336,61.2495,11.457712584445762,40.0,85.0,0.14528547145285473,57.30263157894737,11.665355816081629,38.75,82.0,0.11688311688311688,76,64.1515,11.440735850183737,43.0,87.0,0.20767923207679231,0.250974902509749,0.5811418858114189,0.4155844155844156,0.6307369263073692
pelt_l2,persistent,family,other,changelog categories,1,12,12,389,261,0.08740359897172237,47,0.18007662835249041,28.5263,8.722575115277836,14.0,48.0,0.0403959604039596,0.0390625,30.821,8.751366615664331,16.0,49.0,0.04709529047095291,29.210526315789473,8.656890572599663,14.875,47.25,0.05194805194805195,76,32.0694,8.58602094194753,17.0,50.0,0.0575942405759424,0.24237576242375763,0.37796220377962203,0.4155844155844156,0.4607539246075392
pelt_l2,persistent,family,village goal transitions,goals and monitor,1,51,51,389,261,0.37532133676092544,135,0.5172413793103449,117.2485,13.738930947215554,91.0,142.0,0.11028897110288971,0.11197916666666667,109.0471,13.1509914625341,84.0,135.0,0.026697330266973303,125.23684210526316,11.179586660281178,99.625,144.125,0.2077922077922078,76,131.3211,11.74814013662022,108.0,154.0,0.3982601739826017,0.5514448555144486,0.16018398160183983,0.2077922077922078,0.7965203479652034
pelt_l2,persistent,family,scaffolding + goal transitions,goals and monitor,1,177,118,389,261,0.6401028277634961,202,0.7739463601532567,180.1609,11.550694916121044,157.0,202.0,0.028697130286971302,0.028645833333333332,194.3952,11.773244153069655,170.0,216.0,0.28347165283471654,183.01315789473685,9.672632762666197,161.875,199.0,0.025974025974025976,76,202.3822,10.589992349090503,181.0,222.0,0.5480451954804519,0.17218278172182783,1.0,0.07792207792207792,0.7965203479652034
pelt_l2,persistent,family,agent goal changes,goals and monitor,1,33,8,55,26,0.17412587412587413,14,0.5384615384615384,5.5253,2.9482586611274955,1.0,13.0,0.00009999000099990002,0.0,5.935,2.587980827687185,2.0,12.0,0.0051994800519948,6.4,2.9514591494904874,2.225,10.0,0.09090909090909091,10,7.1159,2.8681509407598997,2.0,13.0,0.0160983901609839,0.0006999300069993001,0.0363963603639636,0.18181818181818182,0.048295170482951705
pelt_l2,persistent,family,monitor likely-scaffolding-issue (medium/high),goals and monitor,1,55,55,64,43,1.0,43,1.0,42.952,0.3764441140688771,43.0,43.0,0.984001599840016,0.9830508474576272,42.8924,0.5488646146697049,41.0,43.0,0.9547045295470453,,,,,,,,,,,,1.0,1.0,,
pelt_l2,persistent,family,monitor emotional-or-erratic (medium/high),goals and monitor,1,60,60,64,43,1.0,43,1.0,42.9457,0.39995938137600306,43.0,43.0,0.9819018098190181,0.9830508474576272,42.9865,0.20179648704132147,43.0,43.0,0.9951004899510049,,,,,,,,,,,,1.0,1.0,,
pelt_l2,persistent,family,monitor likely-scaffolding-issue (high),goals and monitor,1,4,4,64,43,0.171875,5,0.11627906976744186,9.8696,4.147784499178466,4.0,18.0,0.8978102189781022,0.8983050847457628,9.0362,4.170375134550403,2.0,18.0,0.8649135086491351,,,,,,,,,,,,1.0,1.0,,
pelt_l2,persistent,family,monitor emotional-or-erratic (high),goals and monitor,1,8,8,64,43,0.234375,13,0.3023255813953488,13.1272,4.043594344827699,6.0,20.0,0.5972402759724028,0.5932203389830508,16.3647,5.138689961794965,7.0,27.0,0.7604239576042395,,,,,,,,,,,,1.0,1.0,,
pelt_l2,persistent,family,all,summary,2,186,110,389,261,0.7326478149100257,213,0.8160919540229885,201.5661,9.933423281014857,180.0,219.0,0.1257874212578742,0.12368421052631579,223.9178,10.34168933075353,202.0,242.0,0.8624137586241376,200.4078947368421,9.152307733140603,184.875,220.0,0.12987012987012986,76,223.9357,10.25624124903738,202.0,242.0,0.8631136886311369,,,,
pelt_l2,persistent,family,scaffolding,summary,2,126,88,389,261,0.6349614395886889,193,0.7394636015325671,176.4776,12.348690102789263,152.0,200.0,0.09349065093490651,0.09473684210526316,204.573,12.25432527105368,179.0,227.0,0.8366163383661633,175.03947368421052,11.592458225902659,155.25,196.125,0.05194805194805195,76,204.6512,12.249193558527983,179.0,227.0,0.8383161683831617,,,,
pelt_l2,persistent,family,roster only,changelog categories,2,60,43,389,261,0.41645244215938304,126,0.4827586206896552,121.7958,11.752425890488787,100.0,144.0,0.35436456354364565,0.3605263157894737,130.1708,14.241801510027623,102.0,158.0,0.6258374162583742,123.23684210526316,11.538767607276647,103.875,142.625,0.38961038961038963,76,130.7349,14.271832065612701,103.0,158.0,0.6388361163883611,0.7087291270872913,1.0,0.7792207792207793,1.0
pelt_l2,persistent,family,prompt (goal pooled),changelog categories,2,55,49,389,261,0.4498714652956298,158,0.6053639846743295,130.8101,13.936436431744006,106.0,160.0,0.0372962703729627,0.03684210526315789,145.7567,14.594060564845448,117.0,174.0,0.2106789321067893,129.64473684210526,13.430020051976513,107.0,151.375,0.025974025974025976,76,145.9794,14.499979330332096,117.0,173.0,0.22107789221077892,0.26107389261073893,1.0,0.2337662337662338,1.0
pelt_l2,persistent,family,prompt without goal,changelog categories,2,39,36,389,261,0.37532133676092544,144,0.5517241379310345,110.6754,14.008335311014603,85.0,141.0,0.019198080191980802,0.018421052631578946,117.7778,14.305694406397928,90.0,146.0,0.0375962403759624,111.1842105263158,13.734346751911952,88.5,135.375,0.025974025974025976,76,118.0159,14.137207406462046,91.0,146.0,0.0357964203579642,0.16738326167383263,0.33836616338366166,0.2337662337662338,0.32216778322167783
pelt_l2,persistent,family,tool,changelog categories,2,54,43,389,261,0.4087403598971722,130,0.49808429118773945,116.6337,14.218893838980598,89.0,146.0,0.1812818718128187,0.18157894736842106,136.1312,14.418431803686827,108.0,164.0,0.6767323267673233,116.84210526315789,13.274589893556232,91.875,143.125,0.19480519480519481,76,136.8054,14.502543336129756,108.0,165.0,0.6944305569443056,0.6619338066193381,1.0,0.7792207792207793,1.0
pelt_l2,persistent,family,memory,changelog categories,2,18,17,389,261,0.15938303341902313,69,0.26436781609195403,49.1271,9.982410051738212,33.0,75.0,0.0461953804619538,0.04473684210526316,61.8114,11.58501839899836,41.0,85.0,0.27987201279872015,49.28947368421053,9.934204600904472,34.75,71.25,0.05194805194805195,76,61.518,11.963343519218023,40.0,86.0,0.273972602739726,0.2771722827717228,1.0,0.3116883116883117,1.0
pelt_l2,persistent,family,model,changelog categories,2,51,40,389,261,0.41645244215938304,124,0.47509578544061304,121.5065,11.6072662850932,101.0,149.0,0.38966103389661033,0.3868421052631579,128.1057,14.288769870231672,100.0,156.0,0.6294370562943705,121.98684210526316,10.875652833802828,104.75,145.875,0.38961038961038963,76,128.5175,14.294548861811494,100.0,156.0,0.6335366463353664,0.7087291270872913,1.0,0.7792207792207793,1.0
pelt_l2,persistent,family,goal,changelog categories,2,16,15,389,261,0.14652956298200515,72,0.27586206896551724,44.0417,9.858249318107237,26.0,66.0,0.018598140185981403,0.015789473684210527,54.9784,11.23960703568553,34.0,78.0,0.0770922907709229,44.03947368421053,10.38131756502829,25.75,65.25,0.03896103896103896,76,55.8528,11.294126256102722,35.0,79.0,0.08899110088991101,0.16738326167383263,0.6167383261673832,0.2727272727272727,0.7119288071192881
pelt_l2,persistent,family,chat,changelog categories,2,29,25,389,261,0.2519280205655527,98,0.37547892720306514,76.1944,12.44381346249408,54.0,100.0,0.047595240475952406,0.04736842105263158,86.5844,13.090126499815733,62.0,113.0,0.20387961203879612,75.02631578947368,11.992190441239138,56.0,101.125,0.09090909090909091,76,86.7564,13.238307456711823,61.0,113.0,0.20857914208579142,0.2771722827717228,1.0,0.4545454545454546,1.0
pelt_l2,persistent,family,other,changelog categories,2,12,12,389,261,0.13367609254498714,51,0.19540229885057472,40.2353,10.195309134245724,22.0,64.0,0.16548345165483452,0.1631578947368421,44.8509,10.240857225138459,26.0,67.0,0.28157184281571845,40.43421052631579,10.520247812437105,22.875,62.0,0.2077922077922078,76,45.0082,10.424567133458924,26.0,67.0,0.293970602939706,0.6619338066193381,1.0,0.7792207792207793,1.0
pelt_l2,persistent,family,village goal transitions,goals and monitor,2,51,51,389,261,0.5886889460154242,174,0.6666666666666666,162.9049,11.53980817463058,139.0,183.0,0.17598240175982402,0.17894736842105263,146.5334,14.178504414737962,118.0,173.0,0.023997600239976002,162.9078947368421,11.55182829001995,140.875,183.0,0.2077922077922078,76,165.9966,12.808114350649824,140.0,191.0,0.28187181281871815,0.8799120087991201,0.16798320167983202,0.36363636363636365,0.5637436256374363
pelt_l2,persistent,family,scaffolding + goal transitions,goals and monitor,2,177,118,389,261,0.7840616966580977,227,0.8697318007662835,209.8835,9.912585620581975,190.0,229.0,0.048095190480951906,0.05263157894736842,229.1058,9.810047403708419,208.0,246.0,0.6284371562843716,208.3684210526316,9.668977340288762,186.5,227.375,0.05194805194805195,76,233.477,9.032099915461979,214.0,249.0,0.7884211578842116,0.33666633336666335,1.0,0.15584415584415584,0.7884211578842116
pelt_l2,persistent,family,agent goal changes,goals and monitor,2,33,8,55,26,0.25524475524475526,15,0.5769230769230769,8.0251,3.7349518037717235,3.0,15.0,0.06429357064293571,0.06521739130434782,8.4113,3.025532629929725,3.0,15.0,0.0268973102689731,8.4,4.427188724235731,2.225,14.775,0.18181818181818182,10,8.7129,3.123371437231488,3.0,15.0,0.032096790320967905,0.38576142385761425,0.16798320167983202,0.36363636363636365,0.09629037096290372
pelt_l2,persistent,family,monitor likely-scaffolding-issue (medium/high),goals and monitor,2,55,55,64,43,1.0,43,1.0,43.0,0.0,43.0,43.0,1.0,1.0,42.9923,0.15047582628924067,43.0,43.0,0.9973002699730027,,,,,,,,,,,,1.0,1.0,,
pelt_l2,persistent,family,monitor emotional-or-erratic (medium/high),goals and monitor,2,60,60,64,43,1.0,43,1.0,43.0,0.0,43.0,43.0,1.0,1.0,43.0,0.0,43.0,43.0,1.0,,,,,,,,,,,,1.0,1.0,,
pelt_l2,persistent,family,monitor likely-scaffolding-issue (high),goals and monitor,2,4,4,64,43,0.28125,14,0.32558139534883723,13.9412,4.899198176669058,7.0,24.0,0.5088491150884912,0.509090909090909,13.0128,4.940615055609248,4.0,23.0,0.44985501449855014,,,,,,,,,,,,1.0,1.0,,
pelt_l2,persistent,family,monitor emotional-or-erratic (high),goals and monitor,2,8,8,64,43,0.328125,16,0.37209302325581395,17.7697,4.611831394238181,8.0,25.0,0.7757224277572243,0.7818181818181819,22.2659,5.6971258468013,11.0,33.0,0.8779122087791221,,,,,,,,,,,,1.0,1.0,,
pelt_l2,persistent,family,all,summary,3,186,110,389,261,0.8123393316195373,235,0.9003831417624522,219.8197,8.607415446582499,203.0,234.0,0.021897810218978103,0.018617021276595744,242.2367,8.30415372009097,224.0,256.0,0.825917408259174,218.72972972972974,9.024012559038212,201.475,236.0,0.06666666666666667,74,241.9821,8.305448671671131,223.0,256.0,0.8236176382361764,,,,
pelt_l2,persistent,family,scaffolding,summary,3,126,88,389,261,0.7172236503856041,214,0.8199233716475096,195.4934,11.04477048813209,173.0,217.0,0.047995200479952004,0.047872340425531915,227.6676,10.700100908680515,205.0,246.0,0.902009799020098,194.77027027027026,11.619005801546203,172.3,218.175,0.06666666666666667,74,227.3683,10.807892309031226,204.0,246.0,0.8959104089591041,,,,
pelt_l2,persistent,family,roster only,changelog categories,3,60,43,389,261,0.5089974293059126,143,0.5478927203065134,145.462,12.079360376059217,125.0,170.0,0.5924407559244076,0.5851063829787234,158.1229,14.746685799331539,129.0,186.0,0.8527147285271472,144.35135135135135,12.585523791552653,122.0,169.575,0.5866666666666667,74,158.0127,14.754833418948587,129.0,186.0,0.8494150584941506,1.0,1.0,1.0,1.0
pelt_l2,persistent,family,prompt (goal pooled),changelog categories,3,55,49,389,261,0.5449871465295629,178,0.6819923371647509,153.4036,13.830330250702055,131.0,183.0,0.043495650434956505,0.0425531914893617,172.9823,14.589279331657945,144.0,201.0,0.3852614738526147,151.86486486486487,13.331725807080904,130.825,173.175,0.02666666666666667,74,173.5212,14.535696722480171,144.0,201.0,0.40205979402059794,0.2495750424957504,1.0,0.21333333333333335,1.0
pelt_l2,persistent,family,prompt without goal,changelog categories,3,39,36,389,261,0.480719794344473,165,0.632183908045977,134.661,13.938109846410633,112.0,165.0,0.026097390260973904,0.023936170212765957,143.4065,14.932975494713455,114.0,172.0,0.07939206079392061,134.36486486486487,14.095150554696836,113.475,160.0,0.02666666666666667,74,143.5618,14.983011373651903,114.0,172.0,0.0795920407959204,0.18268173182681732,0.7145285471452855,0.21333333333333335,0.7163283671632836
pelt_l2,persistent,family,tool,changelog categories,3,54,43,389,261,0.4910025706940875,153,0.5862068965517241,136.2963,14.318610567050738,109.0,165.0,0.1352864713528647,0.13297872340425532,162.6996,15.241252882192523,132.0,192.0,0.7508249175082492,135.8918918918919,13.756759302564703,112.3,162.875,0.12,74,162.3108,15.060673482569591,132.0,191.0,0.7456254374562544,0.4058594140585941,1.0,0.4266666666666667,1.0
pelt_l2,persistent,family,memory,changelog categories,3,18,17,389,261,0.20822622107969152,86,0.32950191570881227,61.8919,10.669714085666353,44.0,90.0,0.0415958404159584,0.0398936170212766,79.1481,12.968337756567601,55.0,105.0,0.30526947305269475,63.391891891891895,10.674277836491717,48.825,86.04999999999998,0.04,74,81.3858,12.929612362618794,57.0,107.0,0.37236276372362764,0.2495750424957504,1.0,0.21333333333333335,1.0
pelt_l2,persistent,family,model,changelog categories,3,51,40,389,261,0.506426735218509,140,0.5363984674329502,144.2744,11.668792598725508,125.0,171.0,0.6296370362963704,0.6303191489361702,154.6753,15.258504255175554,125.0,184.0,0.8363163683631637,143.44594594594594,11.896980037994322,121.65,170.875,0.6533333333333333,74,154.1731,15.069885418763258,124.0,183.0,0.8369163083691631,1.0,1.0,1.0,1.0
pelt_l2,persistent,family,goal,changelog categories,3,16,15,389,261,0.18251928020565553,82,0.31417624521072796,53.3782,10.006007034660618,33.0,77.0,0.013598640135986401,0.013297872340425532,70.7263,12.473842550906214,47.0,96.0,0.1944805519448055,53.527027027027025,9.09647376052786,34.65,69.87499999999999,0.02666666666666667,74,70.3151,12.388024794366153,47.0,96.0,0.18648135186481352,0.10878912108789121,1.0,0.21333333333333335,1.0
pelt_l2,persistent,family,chat,changelog categories,3,29,25,389,261,0.32390745501285345,125,0.4789272030651341,94.1492,12.378556548573126,69.0,116.0,0.0021997800219978004,0.0026595744680851063,108.4727,14.393379438032081,81.0,136.0,0.1354864513548645,91.48648648648648,12.65370511903691,66.825,114.175,0.013333333333333334,74,106.9301,14.029572227252261,80.0,135.0,0.10748925107489252,0.019798020197980205,1.0,0.12000000000000001,0.8599140085991401
pelt_l2,persistent,family,other,changelog categories,3,12,12,389,261,0.17480719794344474,66,0.25287356321839083,50.2696,10.874260471134551,33.0,76.0,0.09109089091090891,0.09308510638297872,58.2242,11.656608512436248,36.0,82.0,0.26247375262473754,49.82432432432432,10.952397758504578,32.825,76.35,0.10666666666666667,74,56.8795,11.332926509614682,36.0,80.0,0.22177782221777823,0.36436356364363565,1.0,0.4266666666666667,1.0
pelt_l2,persistent,family,village goal transitions,goals and monitor,3,51,51,389,261,0.6503856041131105,182,0.6973180076628352,178.258,10.899766809049137,155.0,196.0,0.4213578642135786,0.42021276595744683,175.1312,14.624588008468539,145.0,203.0,0.34256574342565743,177.5,10.565192268540732,154.0,197.175,0.4,74,186.6122,12.843726378692793,160.0,211.0,0.6638336166383362,1.0,1.0,0.6666666666666666,1.0
pelt_l2,persistent,family,scaffolding + goal transitions,goals and monitor,3,177,118,389,261,0.8226221079691517,231,0.8850574712643678,218.8384,9.552330089617616,199.0,238.0,0.09119088091190881,0.08776595744680851,245.6863,7.5605560979898225,229.0,258.0,0.9628037196280372,217.82432432432432,9.546365740546344,198.825,235.52499999999998,0.08,74,247.3919,6.883665656849375,232.0,258.0,0.9801019898010199,0.6383361663833617,1.0,0.24,1.0
pelt_l2,persistent,family,agent goal changes,goals and monitor,3,33,8,55,26,0.31958041958041955,15,0.5769230769230769,10.5027,3.8835165610678177,4.0,18.0,0.16918308169183083,0.16666666666666666,10.6404,3.1239820368204163,5.0,17.0,0.11128887111288871,10.25,4.496029994816062,4.35,16.65,0.3333333333333333,8,9.6559,3.153456772965486,4.0,16.0,0.062993700629937,1.0,0.7790220977902209,0.6666666666666666,0.18898110188981102
pelt_l2,persistent,family,monitor likely-scaffolding-issue (medium/high),goals and monitor,3,55,55,64,43,1.0,43,1.0,43.0,0.0,43.0,43.0,1.0,1.0,42.9997,0.029999999999999995,43.0,43.0,0.9999000099990001,,,,,,,,,,,,1.0,1.0,,
pelt_l2,persistent,family,monitor emotional-or-erratic (medium/high),goals and monitor,3,60,60,64,43,1.0,43,1.0,43.0,0.0,43.0,43.0,1.0,1.0,43.0,0.0,43.0,43.0,1.0,,,,,,,,,,,,1.0,1.0,,
pelt_l2,persistent,family,monitor likely-scaffolding-issue (high),goals and monitor,3,4,4,64,43,0.390625,22,0.5116279069767442,18.075,5.222882618849961,9.0,26.0,0.3023697630236976,0.29411764705882354,16.1965,5.364416598899144,6.0,27.0,0.1670832916708329,,,,,,,,,,,,1.0,1.0,,
pelt_l2,persistent,family,monitor emotional-or-erratic (high),goals and monitor,3,8,8,64,43,0.421875,20,0.46511627906976744,21.9112,5.489109908970605,12.0,31.0,0.7045295470452955,0.7058823529411765,26.6486,5.802213767904527,15.0,37.0,0.8856114388561144,,,,,,,,,,,,1.0,1.0,,
pelt_l2,persistent,lexical,all,summary,0,186,110,389,206,0.3290488431876607,128,0.6213592233009708,118.527,11.147201308386826,95.0,139.0,0.2146785321467853,0.211340206185567,128.6585,9.19814863675481,110.0,146.0,0.5604439556044396,120.97368421052632,11.006632769029803,100.875,140.125,0.3116883116883117,76,129.0155,8.972029284445526,110.0,145.0,0.589041095890411,,,,
pelt_l2,persistent,lexical,scaffolding,summary,0,126,88,389,206,0.2750642673521851,117,0.5679611650485437,101.6566,12.275835859712586,76.0,126.0,0.1222877712228777,0.12886597938144329,114.1928,9.694628757341576,94.0,132.0,0.41345865413458655,103.48684210526316,11.87208874748122,83.875,126.0,0.15584415584415584,76,114.979,9.656473670464537,95.0,133.0,0.45615438456154384,,,,
pelt_l2,persistent,lexical,roster only,changelog categories,0,60,43,389,206,0.11053984575835474,71,0.3446601941747573,61.3875,9.962984987290993,44.950000000000045,85.0,0.1792820717928207,0.18041237113402062,64.2825,9.096536068572734,47.0,82.0,0.24977502249775022,61.75,10.333279569752609,46.625,83.125,0.2077922077922078,76,64.5544,9.322721274026984,47.0,83.0,0.2623737626237376,1.0,1.0,1.0,1.0
pelt_l2,persistent,lexical,prompt (goal pooled),changelog categories,0,55,49,389,206,0.14395886889460155,84,0.4077669902912621,68.0592,9.302126010479082,51.0,88.0,0.0463953604639536,0.04381443298969072,74.5097,9.830217150547728,55.0,94.0,0.18288171182881713,68.67105263157895,9.460638678785186,53.0,88.0,0.06493506493506493,76,75.6741,9.759334693070278,57.0,95.0,0.21287871212878712,0.4175582441755824,1.0,0.5844155844155844,1.0
pelt_l2,persistent,lexical,prompt without goal,changelog categories,0,39,36,389,206,0.11053984575835474,72,0.34951456310679613,55.3371,9.270947019364504,38.0,73.0,0.0494950504949505,0.05412371134020619,58.8601,9.224209266579948,41.0,77.0,0.08699130086991301,55.64473684210526,9.351939474238728,37.0,75.625,0.07792207792207792,76,59.8252,9.30251034021801,42.0,78.0,0.11018898110188981,0.4175582441755824,0.7829217078292171,0.6233766233766234,0.9917008299170083
pelt_l2,persistent,lexical,tool,changelog categories,0,54,43,389,206,0.15167095115681234,73,0.35436893203883496,63.1183,11.531643551129171,45.0,87.0,0.2201779822017798,0.22164948453608246,70.817,9.896156041132286,52.0,90.0,0.42885711428857115,65.13157894736842,11.86630198532877,47.75,87.375,0.2727272727272727,76,71.6466,9.904681656260902,52.0,91.0,0.46655334466553344,1.0,1.0,1.0,1.0
pelt_l2,persistent,lexical,memory,changelog categories,0,18,17,389,206,0.04627249357326478,25,0.12135922330097088,24.136,5.677035042404377,14.0,36.0,0.44685531446855314,0.45103092783505155,28.9636,6.935249440970444,17.0,43.0,0.7248275172482752,23.11842105263158,6.57868701239218,13.0,35.25,0.4025974025974026,76,29.2304,7.120027058834247,16.0,44.0,0.734026597340266,1.0,1.0,1.0,1.0
pelt_l2,persistent,lexical,model,changelog categories,0,51,40,389,206,0.13367609254498714,77,0.3737864077669903,63.2598,10.477398605959154,42.0,84.0,0.0973902609739026,0.0979381443298969,65.5034,9.767298933320578,47.0,85.0,0.13258674132586742,62.86842105263158,11.098759216252548,43.0,83.25,0.11688311688311688,76,65.4253,9.681011936218802,47.0,84.0,0.12958704129587043,0.6817318268173183,1.0,0.8181818181818181,1.0
pelt_l2,persistent,lexical,goal,changelog categories,0,16,15,389,206,0.038560411311053984,27,0.13106796116504854,22.0424,8.14533221444579,7.0,39.0,0.292970702929707,0.28865979381443296,25.3482,6.56116313211039,14.0,39.0,0.40685931406859316,21.55263157894737,8.489043506139122,7.625,38.375,0.24675324675324675,76,26.3182,6.744026760748727,14.0,41.0,0.46135386461353867,1.0,1.0,1.0,1.0
pelt_l2,persistent,lexical,chat,changelog categories,0,29,25,389,206,0.06940874035989718,43,0.2087378640776699,37.5045,9.173930229164867,21.0,59.0,0.24617538246175383,0.25,41.291,7.9741756782613455,27.0,58.0,0.43195680431956807,38.69736842105263,9.214509915478747,25.875,60.5,0.24675324675324675,76,40.9308,8.073594593052421,26.0,58.0,0.40675932406759324,1.0,1.0,1.0,1.0
pelt_l2,persistent,lexical,other,changelog categories,0,12,12,389,206,0.030848329048843187,25,0.12135922330097088,19.0408,6.097856487764741,10.0,32.0,0.17938206179382063,0.18041237113402062,20.6791,6.091767736331987,10.0,34.0,0.252974702529747,18.736842105263158,6.440224470317023,9.75,35.5,0.18181818181818182,76,20.2909,5.886759939411359,10.0,33.0,0.22797720227977203,1.0,1.0,1.0,1.0
pelt_l2,persistent,lexical,village goal transitions,goals and monitor,0,51,51,389,206,0.13110539845758354,108,0.5242718446601942,84.2673,12.662025248685133,63.0,108.0,0.025597440255974404,0.02577319587628866,73.5886,9.494459674802545,55.0,92.0,0.00009999000099990002,84.71052631578948,12.666823637069854,66.0,108.0,0.05194805194805195,76,86.1867,8.73281565801842,69.0,103.0,0.0052994700529947,0.17918208179182082,0.0006999300069993001,0.15584415584415584,0.015898410158984102
pelt_l2,persistent,lexical,scaffolding + goal transitions,goals and monitor,0,177,118,389,206,0.3470437017994858,145,0.7038834951456311,126.0362,11.857383746633634,102.0,148.0,0.06629337066293371,0.07216494845360824,133.2948,8.856180675303285,115.0,150.0,0.0978902109789021,126.90789473684211,11.063667422790024,111.625,148.125,0.12987012987012986,76,138.3068,8.383060379726071,121.0,154.0,0.2308769123087691,0.39776022397760225,0.5873412658734126,0.2597402597402597,0.4617538246175382
pelt_l2,persistent,lexical,agent goal changes,goals and monitor,0,33,8,55,17,0.05454545454545454,4,0.23529411764705882,2.5168,1.8315166407435486,0.0,6.0,0.2566743325667433,0.25925925925925924,2.5525,1.579269818402141,0.0,6.0,0.26887311268873115,2.6,1.7126976771553508,0.225,5.0,0.36363636363636365,10,2.7982,1.674800661489472,0.0,7.0,0.3163683631636836,1.0,1.0,0.36363636363636365,0.4617538246175382
pelt_l2,persistent,lexical,monitor likely-scaffolding-issue (medium/high),goals and monitor,0,55,55,64,37,0.859375,34,0.918918918918919,33.8852,1.7499506257947028,29.0,36.0,0.7262273772622738,0.7301587301587301,33.8638,1.7324981139878615,30.0,36.0,0.7021297870212979,,,,,,,,,,,,1.0,1.0,,
pelt_l2,persistent,lexical,monitor emotional-or-erratic (medium/high),goals and monitor,0,60,60,64,37,0.9375,36,0.972972972972973,35.0689,1.2066061411405065,31.0,36.0,0.4176582341765823,0.4126984126984127,35.0653,1.1682347312243049,31.0,36.0,0.42425757424257576,,,,,,,,,,,,1.0,1.0,,
pelt_l2,persistent,lexical,monitor likely-scaffolding-issue (high),goals and monitor,0,4,4,64,37,0.0625,5,0.13513513513513514,6.8111,3.841365954870731,1.0,14.0,0.7407259274072593,0.746031746031746,6.3756,4.1880877077569405,1.0,15.0,0.5898410158984102,,,,,,,,,,,,1.0,1.0,,
pelt_l2,persistent,lexical,monitor emotional-or-erratic (high),goals and monitor,0,8,8,64,37,0.125,6,0.16216216216216217,9.4236,4.475485005740011,3.0,17.0,0.7590240975902409,0.7619047619047619,11.5977,5.08568983856796,3.0,21.0,0.8858114188581142,,,,,,,,,,,,1.0,1.0,,
pelt_l2,persistent,lexical,all,summary,1,186,110,389,206,0.5886889460154242,155,0.7524271844660194,149.9255,11.015483822256009,126.0,171.0,0.37046295370462956,0.3828125,166.49,8.808976092939552,148.0,182.0,0.91000899910009,152.69736842105263,9.872547441387969,134.625,169.125,0.45454545454545453,76,167.4513,8.713645682038443,149.0,183.0,0.9232076792320768,,,,
pelt_l2,persistent,lexical,scaffolding,summary,1,126,88,389,206,0.5038560411311054,149,0.7233009708737864,131.2521,13.070096722397784,108.0,156.0,0.09109089091090891,0.08854166666666667,151.3505,10.149963148957365,130.0,169.0,0.6271372862713729,132.80263157894737,12.208215525447994,109.875,154.625,0.12987012987012986,76,152.3136,10.096229416214872,131.0,171.0,0.6656334366563343,,,,
pelt_l2,persistent,lexical,roster only,changelog categories,1,60,43,389,206,0.2827763496143959,99,0.48058252427184467,87.2099,11.549007747334608,66.0,112.0,0.1720827917208279,0.17708333333333334,93.9503,11.45834889004208,72.0,116.0,0.3511648835116488,90.39473684210526,12.654463188791977,67.625,115.125,0.2727272727272727,76,96.8026,11.219662264174096,75.0,119.0,0.44495550444955506,0.6883311668833116,1.0,1.0,1.0
pelt_l2,persistent,lexical,prompt (goal pooled),changelog categories,1,55,49,389,206,0.32390745501285345,113,0.5485436893203883,95.0005,11.4445531817434,75.0,117.0,0.06229377062293771,0.0625,105.7121,11.473437914058575,83.0,128.0,0.28187181281871815,97.96052631578948,10.543169402633705,76.875,115.375,0.06493506493506493,76,108.9681,11.384508908789586,86.0,130.0,0.39016098390160986,0.5606439356064393,1.0,0.5844155844155844,1.0
pelt_l2,persistent,lexical,prompt without goal,changelog categories,1,39,36,389,206,0.2544987146529563,96,0.46601941747572817,79.927,11.40523033208417,57.0,101.0,0.10568943105689431,0.11197916666666667,84.9736,11.435706387366626,63.0,107.0,0.18118188181181882,83.19736842105263,11.76550861554468,59.0,106.125,0.16883116883116883,76,88.1599,11.350101958636634,66.0,110.0,0.26017398260173985,0.6068393160683931,1.0,1.0,1.0
pelt_l2,persistent,lexical,tool,changelog categories,1,54,43,389,206,0.30077120822622105,96,0.46601941747572817,85.4446,12.727887914067884,65.0,112.0,0.2508749125087491,0.25,99.3228,11.761174800302406,76.0,122.0,0.6263373662633737,85.28947368421052,13.793540313710798,65.875,113.25,0.2857142857142857,76,101.4123,11.500240617631718,79.0,124.0,0.6926307369263074,0.7526247375262474,1.0,1.0,1.0
pelt_l2,persistent,lexical,memory,changelog categories,1,18,17,389,206,0.10539845758354756,47,0.22815533980582525,35.5796,7.26571007502291,24.0,50.0,0.07489251074892511,0.07552083333333333,44.2579,9.460757801773513,27.0,63.0,0.38706129387061294,33.526315789473685,7.607844520336494,21.875,51.125,0.06493506493506493,76,41.7327,8.91878944647305,25.0,60.0,0.287971202879712,0.5991400859914009,1.0,0.5844155844155844,1.0
pelt_l2,persistent,lexical,model,changelog categories,1,51,40,389,206,0.29562982005141386,104,0.5048543689320388,88.0899,11.776429272858639,65.0,111.0,0.0866913308669133,0.0859375,93.2216,11.576307465226247,70.0,115.0,0.19158084191580843,90.47368421052632,12.314190929395808,65.625,110.625,0.16883116883116883,76,96.0168,11.561128133896485,73.0,119.0,0.26107389261073893,0.6068393160683931,1.0,1.0,1.0
pelt_l2,persistent,lexical,goal,changelog categories,1,16,15,389,206,0.09768637532133675,47,0.22815533980582525,31.764,10.316799292162443,13.0,51.0,0.0999900009999,0.09375,39.3202,8.90767122320206,23.0,58.0,0.203979602039796,31.276315789473685,10.821704960199849,11.875,50.0,0.12987012987012986,76,41.0521,8.765105150357849,25.0,59.0,0.2653734626537346,0.6068393160683931,1.0,0.909090909090909,1.0
pelt_l2,persistent,lexical,chat,changelog categories,1,29,25,389,206,0.16966580976863754,60,0.2912621359223301,55.3333,12.839661085857367,33.0,83.0,0.33626637336266374,0.3333333333333333,61.8923,10.512047898725658,42.0,83.0,0.5747425257474252,55.828947368421055,10.956140631803684,37.875,76.0,0.35064935064935066,76,62.9496,10.318028203615315,43.0,84.0,0.6195380461953804,0.7526247375262474,1.0,1.0,1.0
pelt_l2,persistent,lexical,other,changelog categories,1,12,12,389,206,0.08740359897172235,32,0.1553398058252427,28.9351,8.138815148484584,16.0,48.0,0.3411658834116588,0.3359375,32.0377,8.108073309688285,18.0,49.0,0.5070492950704929,30.19736842105263,8.069729011298302,18.625,49.0,0.4025974025974026,76,32.7384,7.988838939092431,18.0,49.0,0.5422457754224578,0.7526247375262474,1.0,1.0,1.0
pelt_l2,persistent,lexical,village goal transitions,goals and monitor,1,51,51,389,206,0.37532133676092544,136,0.6601941747572816,112.5012,13.881695455054137,86.0,138.0,0.04889511048895111,0.049479166666666664,106.4698,11.489338033535478,84.0,128.0,0.0025997400259974,110.98684210526316,16.810705653285456,85.75,141.0,0.1038961038961039,76,122.2455,9.739081821274125,103.0,141.0,0.0862913708629137,0.29747025297470253,0.0181981801819818,0.18181818181818182,0.2588741125887411
pelt_l2,persistent,lexical,scaffolding + goal transitions,goals and monitor,1,177,118,389,206,0.640102827763496,175,0.8495145631067961,155.4934,11.475004314265039,130.0,175.0,0.042495750424957505,0.041666666666666664,170.9364,8.277789996171807,153.0,185.0,0.3565643435656434,153.56578947368422,12.233653612137068,131.875,173.125,0.025974025974025976,76,173.8133,7.5589785636481714,158.0,187.0,0.48935106489351066,0.29747025297470253,1.0,0.07792207792207792,0.48935106489351066
pelt_l2,persistent,lexical,agent goal changes,goals and monitor,1,33,8,55,17,0.14545454545454545,7,0.4117647058823529,3.9053,2.2490526302808873,0.0,7.0,0.12088791120887911,0.12,3.9829,2.110557517648721,1.0,9.0,0.11428857114288571,4.1,1.7919573407620815,1.0,5.775,0.09090909090909091,10,4.5859,2.2790657305265256,1.0,10.0,0.18368163183681632,0.6044395560443956,0.6857314268573143,0.18181818181818182,0.36736326367363265
pelt_l2,persistent,lexical,monitor likely-scaffolding-issue (medium/high),goals and monitor,1,55,55,64,37,1.0,37,1.0,36.7824,0.59990518302717,36.0,37.0,0.8298170182981702,0.8305084745762712,36.7659,0.6547824554815138,36.0,37.0,0.8266173382661733,,,,,,,,,,,,1.0,1.0,,
pelt_l2,persistent,lexical,monitor emotional-or-erratic (medium/high),goals and monitor,1,60,60,64,37,1.0,37,1.0,36.8662,0.5570714432272453,36.0,37.0,0.9148085191480851,0.9152542372881356,36.9255,0.3273537322936836,36.0,37.0,0.9347065293470653,,,,,,,,,,,,1.0,1.0,,
pelt_l2,persistent,lexical,monitor likely-scaffolding-issue (high),goals and monitor,1,4,4,64,37,0.171875,6,0.16216216216216217,10.3849,4.678390826349633,3.0,19.0,0.8298170182981702,0.8305084745762712,9.4362,5.3870429349651845,2.0,20.0,0.7130286971302869,,,,,,,,,,,,1.0,1.0,,
pelt_l2,persistent,lexical,monitor emotional-or-erratic (high),goals and monitor,1,8,8,64,37,0.234375,9,0.24324324324324326,13.6444,5.275901075002764,4.0,22.0,0.8449155084491551,0.847457627118644,16.5269,6.0578169421508985,6.0,27.0,0.8941105889411058,,,,,,,,,,,,1.0,1.0,,
pelt_l2,persistent,lexical,all,summary,2,186,110,389,206,0.7326478149100257,173,0.8398058252427184,168.5399,9.89426084302223,147.0,185.0,0.38776122387761225,0.3894736842105263,185.7601,7.59338619730316,169.0,198.0,0.9454054594540546,167.14473684210526,9.232845639156503,146.0,182.0,0.2987012987012987,76,186.2071,7.327603903589276,170.0,198.0,0.9561043895610439,,,,
pelt_l2,persistent,lexical,scaffolding,summary,2,126,88,389,206,0.6349614395886888,168,0.8155339805825242,149.6404,12.232189112544347,126.0,173.0,0.0871912808719128,0.0868421052631579,173.4585,9.235540442807181,153.0,189.0,0.7533246675332467,147.21052631578948,11.822369519374345,123.0,169.5,0.06493506493506493,76,173.8099,9.25418424187666,154.0,190.0,0.7653234676532347,,,,
pelt_l2,persistent,lexical,roster only,changelog categories,2,60,43,389,206,0.41645244215938304,118,0.5728155339805825,108.9269,11.98476198520372,86.0,134.0,0.21607839216078392,0.21842105263157896,117.6628,12.238981797010025,93.0,141.0,0.5174482551744826,111.48684210526316,12.167161729894262,86.75,134.625,0.2857142857142857,76,119.3041,12.290822983956863,94.0,142.0,0.5743425657434257,0.9767023297670233,1.0,1.0,1.0
pelt_l2,persistent,lexical,prompt (goal pooled),changelog categories,2,55,49,389,206,0.4498714652956298,135,0.6553398058252428,116.3013,11.939178058278163,95.0,138.0,0.06229377062293771,0.05789473684210526,129.6692,12.178136230975822,105.0,152.0,0.3601639836016398,114.78947368421052,11.031247483971683,97.375,134.5,0.03896103896103896,76,131.0727,12.091461245585885,106.0,154.0,0.3982601739826017,0.49835016498350165,1.0,0.3116883116883117,1.0
pelt_l2,persistent,lexical,prompt without goal,changelog categories,2,39,36,389,206,0.37532133676092544,114,0.5533980582524272,101.436,12.568623672865021,77.0,126.0,0.2074792520747925,0.21052631578947367,106.7005,12.508055200329483,82.0,130.0,0.2999700029997,101.8157894736842,11.457411605670558,84.5,121.375,0.2077922077922078,76,107.7275,12.392885140684998,83.0,131.0,0.33136686331366866,0.9767023297670233,1.0,1.0,1.0
pelt_l2,persistent,lexical,tool,changelog categories,2,54,43,389,206,0.4087403598971722,116,0.5631067961165048,102.6408,13.582158254941893,81.0,131.0,0.18538146185381463,0.18421052631578946,121.8665,12.500620156633433,97.0,145.0,0.7026297370262974,102.52631578947368,13.463504926737343,82.75,129.25,0.23376623376623376,76,123.6861,12.416423943646368,98.0,147.0,0.7464253574642535,0.9767023297670233,1.0,1.0,1.0
pelt_l2,persistent,lexical,memory,changelog categories,2,18,17,389,206,0.15938303341902313,56,0.27184466019417475,45.8873,8.288610789323002,32.0,63.0,0.13608639136086392,0.13421052631578947,58.1021,10.640112630497809,38.0,79.0,0.5891410858914109,45.723684210526315,8.762950316281271,31.875,64.0,0.16883116883116883,76,57.0824,10.416019373347892,37.0,78.0,0.5486451354864513,0.9526047395260475,1.0,1.0,1.0
pelt_l2,persistent,lexical,model,changelog categories,2,51,40,389,206,0.41645244215938304,114,0.5533980582524272,107.9589,12.100299687001622,85.0,132.0,0.3381661833816618,0.3368421052631579,115.1917,12.544994571496629,90.0,139.0,0.5623437656234377,108.8157894736842,11.173433404065545,86.75,129.625,0.35064935064935066,76,116.6359,12.468547536010991,92.0,140.0,0.599040095990401,0.9767023297670233,1.0,1.0,1.0
pelt_l2,persistent,lexical,goal,changelog categories,2,16,15,389,206,0.14652956298200515,63,0.3058252427184466,39.7962,11.58666866053677,18.0,63.0,0.025297470252974703,0.02368421052631579,51.9003,10.208015491172944,33.0,73.0,0.1531846815318468,39.75,12.111839937295516,18.625,62.0,0.025974025974025976,76,53.8347,10.1364417156646,35.0,74.0,0.20067993200679932,0.22767723227677233,1.0,0.2337662337662338,1.0
pelt_l2,persistent,lexical,chat,changelog categories,2,29,25,389,206,0.2519280205655527,83,0.4029126213592233,70.3755,12.434321894904388,47.0,99.0,0.17838216178382163,0.1868421052631579,80.1966,11.824107974512888,57.0,103.0,0.42115788421157885,70.23684210526316,12.386948422758131,49.875,94.25,0.16883116883116883,76,79.8127,11.498984362722538,58.0,103.0,0.40785921407859216,0.9767023297670233,1.0,1.0,1.0
pelt_l2,persistent,lexical,other,changelog categories,2,12,12,389,206,0.13367609254498714,47,0.22815533980582525,37.3503,9.096024608386218,23.0,57.0,0.16278372162783722,0.16578947368421051,42.6042,9.444885544372395,25.0,62.0,0.33026697330266974,38.31578947368421,9.67086418243415,23.875,55.375,0.22077922077922077,76,41.4593,9.30151575440976,25.0,61.0,0.2856714328567143,0.9767023297670233,1.0,1.0,1.0
pelt_l2,persistent,lexical,village goal transitions,goals and monitor,2,51,51,389,206,0.5886889460154242,159,0.7718446601941747,136.8125,14.457207366379007,108.0,162.0,0.0705929407059294,0.07105263157894737,131.2746,12.040319421393143,107.0,153.0,0.0064993500649935,138.3421052631579,14.25721116401937,108.5,161.125,0.1038961038961039,76,148.5042,10.343823366056808,127.0,167.0,0.16748325167483252,0.4235576442355764,0.045495450454954504,0.2077922077922078,0.5024497550244975
pelt_l2,persistent,lexical,scaffolding + goal transitions,goals and monitor,2,177,118,389,206,0.7840616966580977,191,0.9271844660194175,170.1628,10.449785450505487,148.0,187.0,0.0024997500249975004,0.002631578947368421,189.2804,6.826436542119641,174.0,200.0,0.47625237476252374,168.60526315789474,10.866559035092843,144.0,186.125,0.012987012987012988,76,191.9946,6.033059805858227,178.0,202.0,0.650934906509349,0.017498250174982504,1.0,0.03896103896103896,0.6921307869213079
pelt_l2,persistent,lexical,agent goal changes,goals and monitor,2,33,8,55,17,0.22566844919786097,7,0.4117647058823529,5.4313,2.528778318077367,1.0,10.0,0.36636336366363365,0.3695652173913043,5.2282,2.2901199149656972,1.0,10.0,0.2673732626737326,5.9,2.9981475762358483,1.225,9.775,0.5454545454545454,10,5.7631,2.411505738328773,1.0,11.0,0.34606539346065396,1.0,1.0,0.5454545454545454,0.6921307869213079
pelt_l2,persistent,lexical,monitor likely-scaffolding-issue (medium/high),goals and monitor,2,55,55,64,37,1.0,37,1.0,37.0,0.0,37.0,37.0,1.0,1.0,36.9878,0.19863309268737436,37.0,37.0,0.9946005399460054,,,,,,,,,,,,1.0,1.0,,
pelt_l2,persistent,lexical,monitor emotional-or-erratic (medium/high),goals and monitor,2,60,60,64,37,1.0,37,1.0,37.0,0.0,37.0,37.0,1.0,1.0,36.9999,0.010000000000000004,37.0,37.0,0.9999000099990001,,,,,,,,,,,,1.0,1.0,,
pelt_l2,persistent,lexical,monitor likely-scaffolding-issue (high),goals and monitor,2,4,4,64,37,0.28125,17,0.4594594594594595,14.1083,5.9510597897569575,5.0,24.0,0.41925807419258077,0.41818181818181815,12.6183,6.4352891469335285,3.0,24.0,0.33766623337666235,,,,,,,,,,,,1.0,1.0,,
pelt_l2,persistent,lexical,monitor emotional-or-erratic (high),goals and monitor,2,8,8,64,37,0.328125,12,0.32432432432432434,17.4278,5.419605555060003,6.0,25.0,0.8668133186681332,0.8727272727272727,21.0442,6.689149484955708,8.0,31.0,0.8768123187681232,,,,,,,,,,,,1.0,1.0,,
pelt_l2,persistent,lexical,all,summary,3,186,110,389,206,0.8123393316195372,187,0.9077669902912622,179.7616,8.203992685857232,160.0,192.0,0.2116788321167883,0.21808510638297873,195.7731,5.867116727649927,182.0,204.0,0.9241075892410759,177.94594594594594,7.972369909232817,162.3,190.175,0.10666666666666667,74,195.7554,5.890708012122856,182.0,204.0,0.9267073292670733,,,,
pelt_l2,persistent,lexical,scaffolding,summary,3,126,88,389,206,0.7172236503856042,181,0.8786407766990292,161.0732,11.047345660592613,139.0,181.0,0.043995600439956005,0.04521276595744681,186.7183,8.057892905332471,168.0,200.0,0.7949205079492051,158.8918918918919,11.366337668226848,137.475,179.35,0.04,74,186.7846,8.146621360046039,168.0,200.0,0.7972202779722027,,,,
pelt_l2,persistent,lexical,roster only,changelog categories,3,60,43,389,206,0.5089974293059126,130,0.6310679611650486,126.0126,11.622372786781515,103.0,148.0,0.36506349365063495,0.3670212765957447,136.6984,12.736658105090541,111.0,160.0,0.7188281171882812,125.54054054054055,11.563036513063665,103.65,148.175,0.37333333333333335,74,136.8361,12.50938388804684,111.0,160.0,0.7292270772922708,0.7301269873012699,1.0,0.7466666666666667,1.0
pelt_l2,persistent,lexical,prompt (goal pooled),changelog categories,3,55,49,389,206,0.5449871465295629,155,0.7524271844660194,131.1115,11.357031564920327,107.97500000000002,153.0,0.0201979802019798,0.02127659574468085,147.9884,12.26068097088359,122.0,170.0,0.31466853314668536,129.59459459459458,11.093523865355104,109.65,150.7,0.02666666666666667,74,148.1485,12.318953827835433,123.0,171.0,0.31756824317568244,0.1615838416158384,1.0,0.24000000000000002,1.0
pelt_l2,persistent,lexical,prompt without goal,changelog categories,3,39,36,389,206,0.48071979434447304,136,0.6601941747572816,116.8252,12.813830980094854,94.0,139.0,0.0785921407859214,0.07446808510638298,124.6215,13.054067512383325,98.0,149.0,0.20437956204379562,115.94594594594595,13.041442785016018,93.65,136.52499999999998,0.08,74,124.3211,12.991900312786184,98.0,149.0,0.19788021197880212,0.5501449855014499,1.0,0.48,1.0
pelt_l2,persistent,lexical,tool,changelog categories,3,54,43,389,206,0.4910025706940874,132,0.6407766990291263,115.7967,13.691424857240468,93.0,143.0,0.1541845815418458,0.15691489361702127,139.7636,12.714986517028354,114.0,163.0,0.7459254074592541,113.87837837837837,11.967939709739703,95.775,137.52499999999998,0.08,74,139.0472,12.640369854359701,113.0,163.0,0.7339266073392661,0.6383361663833617,1.0,0.48,1.0
pelt_l2,persistent,lexical,memory,changelog categories,3,18,17,389,206,0.20822622107969152,69,0.33495145631067963,55.3404,9.35985515533509,38.0,74.0,0.10638936106389361,0.10372340425531915,71.2162,11.944526978180141,48.0,95.0,0.5874412558744125,57.95945945945946,9.947036716019541,40.0,77.52499999999999,0.2,74,73.8615,11.914567278812275,51.0,97.0,0.6675332466753324,0.6383361663833617,1.0,0.6000000000000001,1.0
pelt_l2,persistent,lexical,model,changelog categories,3,51,40,389,206,0.506426735218509,126,0.6116504854368932,124.4708,11.805781846557256,98.0,147.0,0.48785121487851213,0.4787234042553192,133.5373,12.993986804645752,107.0,157.0,0.7358264173582642,123.55405405405405,11.515495090317234,101.825,145.35,0.49333333333333335,74,133.1697,12.871055446886697,107.0,157.0,0.726027397260274,0.7301269873012699,1.0,0.7466666666666667,1.0
pelt_l2,persistent,lexical,goal,changelog categories,3,16,15,389,206,0.18251928020565553,75,0.3640776699029126,47.2423,12.263622236233278,24.0,72.0,0.013998600139986002,0.013297872340425532,64.0006,11.441542314262222,42.0,87.0,0.18518148185181482,48.24324324324324,10.854972739389948,25.825,66.69999999999999,0.02666666666666667,74,64.5347,11.328566968198375,43.0,87.0,0.19238076192380762,0.125987401259874,1.0,0.24000000000000002,1.0
pelt_l2,persistent,lexical,chat,changelog categories,3,29,25,389,206,0.32390745501285345,97,0.470873786407767,83.5807,12.326138116948382,60.0,108.0,0.1536846315368463,0.15691489361702127,95.9294,12.793919808972067,71.0,121.0,0.48755124487551244,82.91891891891892,11.249056894114922,63.825,103.175,0.13333333333333333,74,95.5329,12.68294931434842,71.0,120.0,0.4737526247375263,0.6383361663833617,1.0,0.5333333333333333,1.0
pelt_l2,persistent,lexical,other,changelog categories,3,12,12,389,206,0.1748071979434447,59,0.28640776699029125,44.9778,10.20123098804096,28.0,66.0,0.10988901109889011,0.10904255319148937,52.7916,10.683809424469432,33.0,75.0,0.2927707229277072,45.486486486486484,9.82343193000168,31.0,65.09999999999997,0.06666666666666667,74,50.7606,10.42149453748547,32.0,72.0,0.22757724227577242,0.6383361663833617,1.0,0.4666666666666667,1.0
pelt_l2,persistent,lexical,village goal transitions,goals and monitor,3,51,51,389,206,0.6503856041131105,165,0.8009708737864077,147.7973,13.646128916049392,120.0,170.0,0.1336866313368663,0.1276595744680851,149.6881,12.036191481550052,124.0,171.0,0.10438956104389562,149.36486486486487,13.277413434691823,124.125,169.35,0.16,74,161.8741,10.60256056898813,139.0,180.0,0.42285771422857715,0.8021197880211979,0.7307269273072693,0.32,1.0
pelt_l2,persistent,lexical,scaffolding + goal transitions,goals and monitor,3,177,118,389,206,0.8226221079691517,194,0.941747572815534,175.1566,9.791673203616051,156.0,191.0,0.0033996600339966003,0.0026595744680851063,197.9126,5.150554733366702,185.0,205.0,0.8247175282471753,173.56756756756758,9.874668131869049,152.65,189.35,0.013333333333333334,74,199.4871,4.722527270051666,187.0,206.0,0.8937106289371063,0.023797620237976203,1.0,0.04,1.0
pelt_l2,persistent,lexical,agent goal changes,goals and monitor,3,33,8,55,17,0.2973262032085562,7,0.4117647058823529,7.1046,2.6362765096597016,1.0,11.0,0.7637236276372362,0.7619047619047619,6.3552,2.4193425309013565,2.0,11.0,0.45445455454454553,7.375,2.8252686345094435,2.05,9.825,0.8888888888888888,8,6.1211,2.416819995756653,2.0,11.0,0.40845915408459155,1.0,1.0,0.8888888888888888,1.0
pelt_l2,persistent,lexical,monitor likely-scaffolding-issue (medium/high),goals and monitor,3,55,55,64,37,1.0,37,1.0,37.0,0.0,37.0,37.0,1.0,1.0,36.9998,0.014141428428549924,37.0,37.0,0.9998000199980002,,,,,,,,,,,,1.0,1.0,,
pelt_l2,persistent,lexical,monitor emotional-or-erratic (medium/high),goals and monitor,3,60,60,64,37,1.0,37,1.0,37.0,0.0,37.0,37.0,1.0,1.0,37.0,0.0,37.0,37.0,1.0,,,,,,,,,,,,1.0,1.0,,
pelt_l2,persistent,lexical,monitor likely-scaffolding-issue (high),goals and monitor,3,4,4,64,37,0.390625,19,0.5135135135135135,17.7054,6.489500920889081,8.0,27.0,0.5096490350964904,0.5098039215686274,15.5094,7.231482633188536,4.0,27.0,0.42455754424557546,,,,,,,,,,,,1.0,1.0,,
pelt_l2,persistent,lexical,monitor emotional-or-erratic (high),goals and monitor,3,8,8,64,37,0.421875,15,0.40540540540540543,21.3383,4.920251416076189,12.0,29.0,0.9026097390260974,0.9019607843137255,24.6595,6.8903488620493,10.0,34.0,0.885011498850115,,,,,,,,,,,,1.0,1.0,,
pelt_l2_weekday_adjusted,daily,agent,all,summary,0,186,110,389,909,0.32904884318766064,344,0.37843784378437845,299.213,46.86945173085082,221.0,387.0,0.22307769223077692,0.21649484536082475,295.0135,34.53745504999077,231.0,366.0,0.0882911708829117,300.1578947368421,43.65441638798345,238.75,387.125,0.2597402597402597,76,300.6422,33.742155124758206,237.0,370.0,0.10918908109189081,,,,
pelt_l2_weekday_adjusted,daily,agent,scaffolding,summary,0,126,88,389,909,0.2750642673521851,260,0.28602860286028603,250.3825,48.382437720499134,174.0,340.02499999999964,0.42045795420457954,0.41237113402061853,246.9584,34.231369357722315,186.0,317.02499999999964,0.3444655534446555,254.57894736842104,46.54324531240303,184.875,334.5,0.4025974025974026,76,255.6176,34.45297477703629,193.0,327.0,0.43565643435656437,,,,
pelt_l2_weekday_adjusted,daily,agent,roster only,changelog categories,0,60,43,389,909,0.11053984575835475,145,0.15951595159515952,100.5501,22.798799716582707,59.0,146.0,0.026797320267973202,0.028350515463917526,100.5774,18.680136615945802,66.0,140.0,0.014798520147985201,101.55263157894737,23.250746073673767,62.5,147.125,0.05194805194805195,76,102.9695,18.53840707837921,69.0,142.0,0.0182981701829817,0.1875812418758124,0.11838816118388161,0.3116883116883117,0.1463853614638536
pelt_l2_weekday_adjusted,daily,agent,prompt (goal pooled),changelog categories,0,55,49,389,909,0.14395886889460155,176,0.1936193619361936,130.4309,22.940175464783078,88.0,176.0,0.0268973102689731,0.028350515463917526,132.8599,22.72972362400393,91.0,179.0,0.036096390360963904,136.73684210526315,21.809091939557458,102.75,183.25,0.06493506493506493,76,138.8188,23.526064569566522,95.0,188.0,0.0665933406659334,0.1875812418758124,0.21657834216578342,0.3246753246753247,0.33296670332966705
pelt_l2_weekday_adjusted,daily,agent,prompt without goal,changelog categories,0,39,36,389,909,0.11053984575835475,105,0.11551155115511551,101.0781,23.690397292624457,61.0,155.0,0.44765523447655237,0.43556701030927836,102.9811,21.021358960430085,64.0,147.0,0.44945505449455053,101.21052631578948,22.598121331635028,61.25,146.875,0.4155844155844156,76,103.6633,21.691514130842247,65.0,150.0,0.46235376462353767,0.8953104689531047,0.8989101089891011,0.8311688311688312,0.9247075292470753
pelt_l2_weekday_adjusted,daily,agent,tool,changelog categories,0,54,43,389,909,0.15167095115681234,120,0.132013201320132,138.1977,48.24263207853596,68.0,230.0,0.5691430856914309,0.5695876288659794,137.9654,31.78423235792644,86.0,207.0,0.6878312168783122,140.75,49.644368596380936,66.75,232.5,0.6103896103896104,76,142.7143,32.45939365936575,90.0,212.0,0.7367263273672633,0.8953104689531047,0.8989101089891011,0.8311688311688312,0.9247075292470753
pelt_l2_weekday_adjusted,daily,agent,memory,changelog categories,0,18,17,389,909,0.04627249357326478,64,0.0704070407040704,41.9991,13.309237873419992,20.0,72.0,0.057194280571942806,0.05670103092783505,41.8428,12.828692283103896,20.0,70.0,0.05699430056994301,38.23684210526316,13.119825629992325,21.375,63.75,0.03896103896103896,76,38.5635,11.497425226053128,19.0,64.0,0.025597440255974404,0.285971402859714,0.22797720227977203,0.3116883116883117,0.17918208179182082
pelt_l2_weekday_adjusted,daily,agent,model,changelog categories,0,51,40,389,909,0.13367609254498714,154,0.1694169416941694,121.5048,32.460914159259374,64.0,180.0,0.1635836416358364,0.16494845360824742,121.2875,31.036416830345715,73.0,188.0,0.18038196180381963,118.28947368421052,32.60380991621427,61.875,169.0,0.14285714285714285,76,119.9721,30.70298664509518,72.97500000000002,186.0,0.1670832916708329,0.49075092490750927,0.5411458854114589,0.5714285714285714,0.5012498750124987
pelt_l2_weekday_adjusted,daily,agent,goal,changelog categories,0,16,15,389,909,0.038560411311053984,87,0.09570957095709572,34.8073,20.237572054035144,9.0,77.02499999999964,0.0053994600539946005,0.005154639175257732,35.0794,11.36103881519186,15.0,59.0,0.00039996000399960006,41.026315789473685,23.072045818384073,11.0,86.0,0.025974025974025976,76,42.145,12.378339845461223,21.0,69.0,0.0012998700129987,0.048595140485951406,0.0035996400359964006,0.2337662337662338,0.011698830116988301
pelt_l2_weekday_adjusted,daily,agent,chat,changelog categories,0,29,25,389,909,0.06940874035989718,92,0.10121012101210121,62.9559,19.378903719791225,29.0,104.0,0.0903909609039096,0.09020618556701031,62.8537,15.463085300505234,35.0,96.0,0.0400959904009599,66.1842105263158,18.14071702097488,32.5,102.625,0.14285714285714285,76,68.2102,15.407522680025934,40.0,101.0,0.0734926507349265,0.3615638436156384,0.21657834216578342,0.5714285714285714,0.33296670332966705
pelt_l2_weekday_adjusted,daily,agent,other,changelog categories,0,12,12,389,909,0.030848329048843187,54,0.0594059405940594,28.0187,11.750215192314844,10.0,53.0,0.020897910208979104,0.020618556701030927,28.0197,10.310816805875296,11.0,51.0,0.015498450154984501,30.263157894736842,11.907833187783163,10.625,52.375,0.03896103896103896,76,32.0226,10.903796518545812,13.0,56.0,0.036696330366963306,0.16718328167183283,0.11838816118388161,0.3116883116883117,0.22017798220177984
pelt_l2_weekday_adjusted,daily,agent,village goal transitions,goals and monitor,0,51,51,389,909,0.13110539845758354,186,0.20462046204620463,119.5335,31.736839799356915,68.0,187.0,0.0321967803219678,0.030927835051546393,119.2202,19.9466463053287,82.0,160.0,0.0011998800119988001,165.0921052631579,33.76395617877303,110.0,220.25,0.33766233766233766,76,168.5216,19.276962768272313,132.0,207.0,0.18948105189481051,0.2253774622537746,0.008399160083991601,0.6753246753246753,0.5618438156184381
pelt_l2_weekday_adjusted,daily,agent,scaffolding + goal transitions,goals and monitor,0,177,118,389,909,0.34704370179948585,345,0.3795379537953795,314.5475,60.821358645764825,213.0,428.0,0.34296570342965704,0.34536082474226804,312.7457,34.36666027189468,249.0,384.0,0.17798220177982202,348.61842105263156,62.82419217791039,246.0,459.5,0.4675324675324675,76,349.7863,33.52346960878992,287.0,417.0,0.5464453554644536,0.8048195180481952,0.7119288071192881,0.6753246753246753,0.5618438156184381
pelt_l2_weekday_adjusted,daily,agent,agent goal changes,goals and monitor,0,33,8,55,312,0.018181818181818184,14,0.04487179487179487,5.5065,3.9494705444854477,0.0,15.0,0.0532946705329467,0.05555555555555555,5.7221,4.054172569282437,0.0,15.0,0.066993300669933,6.9,4.280446497997869,0.675,14.100000000000001,0.18181818181818182,10,7.5873,4.435239096664853,0.0,16.0,0.1872812718728127,0.3197680231976802,0.33496650334966505,0.5454545454545454,0.5618438156184381
pelt_l2_weekday_adjusted,daily,agent,monitor likely-scaffolding-issue (medium/high),goals and monitor,0,55,55,64,380,0.859375,309,0.8131578947368421,298.8168,10.659005544604993,279.0,318.0,0.18948105189481051,0.19047619047619047,299.0712,11.068531149081155,276.0,319.0,0.20187981201879812,,,,,,,,,,,,0.7579242075792421,0.7119288071192881,,
pelt_l2_weekday_adjusted,daily,agent,monitor emotional-or-erratic (medium/high),goals and monitor,0,60,60,64,380,0.9375,341,0.8973684210526316,325.9582,8.677014568282216,306.0,344.0,0.06419358064193581,0.06349206349206349,326.3034,7.641766032718476,310.0,340.0,0.019698030196980302,,,,,,,,,,,,0.32096790320967905,0.11818818118188182,,
pelt_l2_weekday_adjusted,daily,agent,monitor likely-scaffolding-issue (high),goals and monitor,0,4,4,64,380,0.0625,26,0.06842105263157895,21.6358,7.595638731059639,10.0,39.0,0.2682731726827317,0.2698412698412698,21.6718,7.680545803416827,8.0,38.0,0.28757124287571245,,,,,,,,,,,,0.8048195180481952,0.7119288071192881,,
pelt_l2_weekday_adjusted,daily,agent,monitor emotional-or-erratic (high),goals and monitor,0,8,8,64,380,0.125,47,0.12368421052631579,43.561,11.420154157983124,25.0,67.0,0.387961203879612,0.38095238095238093,43.6383,10.459216635640699,25.0,65.0,0.37816218378162186,,,,,,,,,,,,0.8048195180481952,0.7119288071192881,,
pelt_l2_weekday_adjusted,daily,agent,all,summary,1,186,110,389,909,0.5886889460154242,554,0.6094609460946094,537.0416,58.217584956435765,427.0,633.0,0.44095590440955906,0.4453125,594.5467,42.269983371884905,509.0,675.0,0.833016698330167,538.1052631578947,51.7049524249192,438.625,620.25,0.44155844155844154,76,597.8701,42.045763289671186,512.0,676.0,0.8554144585541446,,,,
pelt_l2_weekday_adjusted,daily,agent,scaffolding,summary,1,126,88,389,909,0.5038560411311054,406,0.44664466446644663,461.7471,69.60313930628509,334.0,567.0,0.7425257474252575,0.7395833333333334,513.8334,44.540159710341214,426.0,599.0,0.9919008099190081,461.5,64.99097373225506,345.875,562.5,0.7532467532467533,76,518.1719,44.397095181960495,430.0,603.0,0.9949005099490051,,,,
pelt_l2_weekday_adjusted,daily,agent,roster only,changelog categories,1,60,43,389,909,0.2827763496143959,333,0.36633663366336633,259.2683,48.55087675699985,164.0,341.0,0.045495450454954504,0.041666666666666664,269.5104,37.92806013513691,196.0,344.0,0.05119488051194881,263.14473684210526,49.34442324379887,179.5,346.125,0.05194805194805195,76,272.2907,38.27445214341661,200.0,348.0,0.06209379062093791,0.36396360363963604,0.3735626437356264,0.4155844155844156,0.44395560443955606
pelt_l2_weekday_adjusted,daily,agent,prompt (goal pooled),changelog categories,1,55,49,389,909,0.32390745501285345,312,0.3432343234323432,297.9383,39.03232052177441,228.0,372.0,0.36976302369763026,0.3619791666666667,316.2668,40.87065522848735,237.0,395.0,0.5457454254574543,296.32894736842104,38.112251103949845,230.875,369.375,0.38961038961038963,76,320.7845,41.0238656821313,241.0,401.02499999999964,0.5818418158184182,1.0,1.0,1.0,1.0
pelt_l2_weekday_adjusted,daily,agent,prompt without goal,changelog categories,1,39,36,389,909,0.2544987146529563,195,0.2145214521452145,232.0296,42.567984767577585,152.0,321.0,0.8024197580241976,0.7994791666666666,245.843,38.68656376601057,173.0,324.0,0.9123087691230877,230.78947368421052,43.73688475096618,150.25,315.125,0.8051948051948052,76,248.084,38.940102428700875,175.0,327.0,0.9192080791920808,1.0,1.0,1.0,1.0
pelt_l2_weekday_adjusted,daily,agent,tool,changelog categories,1,54,43,389,909,0.3007712082262211,236,0.25962596259625964,274.7162,74.05241949891553,151.0,406.0,0.6984301569843016,0.6953125,298.8687,44.23075057287208,216.0,388.0,0.9285071492850715,273.69736842105266,72.97835656080362,158.375,393.375,0.6883116883116883,76,301.4546,44.116617803687575,217.0,390.0,0.935006499350065,1.0,1.0,1.0,1.0
pelt_l2_weekday_adjusted,daily,agent,memory,changelog categories,1,18,17,389,909,0.10539845758354756,121,0.1331133113311331,98.0115,23.74350738969111,56.0,145.0,0.16618338166183383,0.16666666666666666,116.2274,27.98687577707766,66.0,175.0,0.4176582341765823,97.38157894736842,23.08879503439603,60.5,141.5,0.15584415584415584,76,114.1067,26.852039369698367,66.0,170.0,0.3915608439156084,0.997100289971003,1.0,1.0,1.0
pelt_l2_weekday_adjusted,daily,agent,model,changelog categories,1,51,40,389,909,0.29562982005141386,351,0.38613861386138615,270.808,54.61934330680228,164.0,354.0,0.031796820317968204,0.03125,275.2137,43.05153163068156,196.0,363.0,0.0466953304669533,276.0263157894737,53.90732137887778,187.25,350.0,0.03896103896103896,76,278.5892,43.414602683113586,198.0,367.0,0.05549445055494451,0.28617138286171384,0.3735626437356264,0.35064935064935066,0.44395560443955606
pelt_l2_weekday_adjusted,daily,agent,goal,changelog categories,1,16,15,389,909,0.09768637532133675,161,0.1771177117711771,91.3105,48.34190504860532,30.0,190.0,0.12438756124387561,0.1171875,101.8815,25.907338280257136,55.0,155.0,0.0170982901709829,92.61842105263158,48.20815065394734,31.0,183.5,0.14285714285714285,76,105.9117,25.310787556033706,59.0,158.0,0.020397960203979604,0.8707129287071292,0.1538846115388461,1.0,0.18358164183581643
pelt_l2_weekday_adjusted,daily,agent,chat,changelog categories,1,29,25,389,909,0.16966580976863754,190,0.20902090209020902,155.5319,42.55252817583716,84.0,250.0,0.20007999200079993,0.20833333333333334,168.7303,32.468941854155226,108.0,235.0,0.25577442255774424,158.60526315789474,41.094388569850075,93.875,242.25,0.22077922077922077,76,174.5144,32.653946479132756,112.0,240.0,0.31486851314868514,0.997100289971003,1.0,1.0,1.0
pelt_l2_weekday_adjusted,daily,agent,other,changelog categories,1,12,12,389,909,0.08740359897172237,104,0.11441144114411442,79.1261,27.566359738074247,33.0,134.0,0.19358064193580643,0.19010416666666666,81.7956,23.528237894875254,40.0,132.0,0.17498250174982502,78.53947368421052,25.47021308089049,34.375,125.75,0.2077922077922078,76,83.6279,24.357581381719257,40.0,135.0,0.20437956204379562,0.997100289971003,1.0,1.0,1.0
pelt_l2_weekday_adjusted,daily,agent,village goal transitions,goals and monitor,1,51,51,389,909,0.37532133676092544,371,0.4081408140814081,343.6378,71.40066537968443,213.0,479.0,0.36026397360263973,0.359375,313.595,39.25719918395576,238.97500000000002,391.0,0.07639236076392361,360.7763157894737,72.49691463489289,244.0,467.0,0.4675324675324675,76,363.057,35.2911815861948,293.0,432.0,0.41645835416458354,1.0,0.5347465253474653,1.0,1.0
pelt_l2_weekday_adjusted,daily,agent,scaffolding + goal transitions,goals and monitor,1,177,118,389,909,0.6401028277634961,516,0.5676567656765676,586.7319,88.39117106534017,427.0,714.0,0.7132286771322868,0.7109375,620.1833,41.25823948428403,536.0,698.0,0.9924007599240076,591.8026315789474,86.01891570840174,450.875,708.5,0.7402597402597403,76,644.2124,38.347314611244805,567.0,717.0,0.9991000899910009,1.0,1.0,1.0,1.0
pelt_l2_weekday_adjusted,daily,agent,agent goal changes,goals and monitor,1,33,8,55,312,0.03857808857808859,18,0.057692307692307696,17.3777,8.420530460922539,0.0,33.0,0.5051494850514948,0.5,16.7776,8.158210212993286,0.0,34.0,0.45255474452554745,15.9,7.370361064576295,2.9250000000000003,27.200000000000003,0.45454545454545453,10,16.1786,5.632395088010316,0.0,25.0,0.42285771422857715,1.0,1.0,1.0,1.0
pelt_l2_weekday_adjusted,daily,agent,monitor likely-scaffolding-issue (medium/high),goals and monitor,1,55,55,64,380,1.0,379,0.9973684210526316,373.5323,7.36151994547259,352.0,379.0,0.48705129487051296,0.4915254237288136,373.393,7.7332096346294215,352.0,379.0,0.47085291470852914,,,,,,,,,,,,1.0,1.0,,
pelt_l2_weekday_adjusted,daily,agent,monitor emotional-or-erratic (medium/high),goals and monitor,1,60,60,64,380,1.0,379,0.9973684210526316,376.292,5.980511069404113,356.0,379.0,0.7477252274772522,0.7457627118644068,376.8851,4.710468855823607,364.0,379.0,0.7533246675332467,,,,,,,,,,,,1.0,1.0,,
pelt_l2_weekday_adjusted,daily,agent,monitor likely-scaffolding-issue (high),goals and monitor,1,4,4,64,380,0.171875,53,0.1394736842105263,64.9315,15.930548828857054,37.0,99.0,0.7415258474152585,0.7457627118644068,62.2641,16.268559179957492,31.0,95.0,0.7221277872212779,,,,,,,,,,,,1.0,1.0,,
pelt_l2_weekday_adjusted,daily,agent,monitor emotional-or-erratic (high),goals and monitor,1,8,8,64,380,0.234375,91,0.2394736842105263,93.353,21.04874571012717,63.0,135.0,0.5074492550744926,0.5084745762711864,116.8471,21.43987146413989,75.0,159.0,0.89001099890011,,,,,,,,,,,,1.0,1.0,,
pelt_l2_weekday_adjusted,daily,agent,all,summary,2,186,110,389,909,0.7326478149100257,637,0.7007700770077008,671.6596,56.74051353686925,566.0,760.0,0.6833316668333167,0.6815789473684211,747.7632,40.59667640058084,662.0,820.0,0.9934006599340066,669.75,54.585010152360816,572.0,750.125,0.6883116883116883,76,748.6577,40.27284098349765,664.0,820.0,0.9944005599440056,,,,
pelt_l2_weekday_adjusted,daily,agent,scaffolding,summary,2,126,88,389,909,0.634961439588689,459,0.504950495049505,584.9961,77.13010300828729,438.0,692.0,0.9319068093190681,0.9315789473684211,674.4433,46.56586757607241,577.0,758.0,1.0,581.0921052631579,78.54801973002739,435.875,683.625,0.9090909090909091,76,674.1488,46.711232615777206,575.0,759.0,1.0,,,,
pelt_l2_weekday_adjusted,daily,agent,roster only,changelog categories,2,60,43,389,909,0.41645244215938304,435,0.47854785478547857,382.1303,64.82300459021018,252.0,495.0,0.21527847215278473,0.21052631578947367,404.6567,50.72514710836151,304.0,502.0,0.276972302769723,383.8421052631579,63.75684070624975,275.125,487.25,0.23376623376623376,76,405.3234,50.27722140631117,309.0,503.0,0.2853714628537146,1.0,1.0,1.0,1.0
pelt_l2_weekday_adjusted,daily,agent,prompt (goal pooled),changelog categories,2,55,49,389,909,0.4498714652956298,376,0.4136413641364136,414.7995,43.89697249434654,334.0,494.0,0.7974202579742026,0.8,457.0439,52.06475820259487,356.0,557.0,0.9426057394260574,412.5657894736842,47.024911277978546,327.875,489.5,0.7662337662337663,76,459.016,50.58929601889286,359.0,556.0,0.9463053694630537,1.0,1.0,1.0,1.0
pelt_l2_weekday_adjusted,daily,agent,prompt without goal,changelog categories,2,39,36,389,909,0.37532133676092544,262,0.28822882288228824,342.6105,55.00152822022908,233.0,449.0,0.9124087591240876,0.9131578947368421,363.7046,50.58550808485391,265.0,462.02499999999964,0.979002099790021,343.8157894736842,58.316312303692136,235.75,461.5,0.8961038961038961,76,364.0789,50.40644160943691,265.0,462.0,0.9786021397860214,1.0,1.0,1.0,1.0
pelt_l2_weekday_adjusted,daily,agent,tool,changelog categories,2,54,43,389,909,0.4087403598971722,315,0.3465346534653465,370.7369,88.09628581244158,216.0,514.0,0.7274272572742726,0.7342105263157894,427.649,54.32891092278775,321.0,532.0,0.9816018398160185,373.2631578947368,87.77066608247543,223.625,509.25,0.7272727272727273,76,428.5701,53.729611696971254,324.0,533.0,0.9843015698430156,1.0,1.0,1.0,1.0
pelt_l2_weekday_adjusted,daily,agent,memory,changelog categories,2,18,17,389,909,0.15938303341902313,159,0.17491749174917492,149.4318,31.6898686260665,91.0,209.0,0.40995900409959,0.40789473684210525,184.5121,40.04140088668848,108.0,266.0,0.7354264573542646,150.48684210526315,30.838717405691018,98.0,215.5,0.4155844155844156,76,185.5598,39.616044313594784,110.97500000000002,266.0,0.7426257374262574,1.0,1.0,1.0,1.0
pelt_l2_weekday_adjusted,daily,agent,model,changelog categories,2,51,40,389,909,0.41645244215938304,436,0.47964796479647964,381.2036,67.06493657353118,255.0,483.0,0.19968003199680032,0.2026315789473684,399.9206,53.696476856519,294.0,504.0,0.2578742125787421,384.0,64.70672298919177,268.125,478.625,0.2727272727272727,76,399.8885,52.95519703522312,298.0,503.0,0.2572742725727427,1.0,1.0,1.0,1.0
pelt_l2_weekday_adjusted,daily,agent,goal,changelog categories,2,16,15,389,909,0.14652956298200515,215,0.23652365236523654,136.9963,69.90395655915523,50.0,278.0,0.1887811218878112,0.18421052631578946,163.0984,37.82643257485609,93.0,240.0,0.09349065093490651,137.82894736842104,69.54296286620615,56.125,272.5,0.2077922077922078,76,165.2061,37.29342707180819,95.0,241.0,0.0983901609839016,1.0,0.8414158584141586,1.0,0.8855114488551145
pelt_l2_weekday_adjusted,daily,agent,chat,changelog categories,2,29,25,389,909,0.2519280205655527,224,0.24642464246424642,233.77,54.85490503191675,144.0,351.0,0.5238476152384761,0.5184210526315789,260.9851,45.37319198210618,172.0,350.0,0.7966203379662034,230.94736842105263,52.701143501026515,152.375,337.375,0.5064935064935064,76,264.0416,46.417250301504886,173.0,358.0,0.8068193180681932,1.0,1.0,1.0,1.0
pelt_l2_weekday_adjusted,daily,agent,other,changelog categories,2,12,12,389,909,0.13367609254498714,152,0.16721672167216722,120.5238,36.7564761288911,56.0,189.0,0.2226777322267773,0.2236842105263158,132.6603,35.03754938486266,68.0,204.0,0.28747125287471254,120.27631578947368,36.90694557368501,55.0,181.75,0.2727272727272727,76,133.4247,36.384272858491265,67.0,210.0,0.3060693930606939,1.0,1.0,1.0,1.0
pelt_l2_weekday_adjusted,daily,agent,village goal transitions,goals and monitor,2,51,51,389,909,0.5886889460154242,506,0.5566556655665567,540.4345,107.09479464126127,364.0,696.0,0.6257374262573743,0.6263157894736842,460.6966,51.247643658397145,358.975,559.0,0.1954804519548045,540.2105263157895,107.94978039680905,369.625,697.375,0.6363636363636364,76,528.6828,49.52960026378397,430.0,624.0,0.6856314368563143,1.0,1.0,1.0,1.0
pelt_l2_weekday_adjusted,daily,agent,scaffolding + goal transitions,goals and monitor,2,177,118,389,909,0.7840616966580977,585,0.6435643564356436,719.7918,92.81869307277695,552.0,837.0,0.8991100889911009,0.8973684210526316,769.7704,38.31562987332009,687.0,837.0,1.0,715.4736842105264,95.89014181992648,543.875,833.125,0.8831168831168831,76,789.1365,35.70682239385838,713.0,850.0,1.0,1.0,1.0,1.0,1.0
pelt_l2_weekday_adjusted,daily,agent,agent goal changes,goals and monitor,2,33,8,55,312,0.05897435897435898,23,0.07371794871794872,30.3284,10.957872098911066,0.0,49.0,0.893010698930107,0.8913043478260869,27.869,11.403317173711184,1.0,48.0,0.8009199080091991,28.9,13.649989824986033,5.175,49.975,0.9090909090909091,10,28.1445,10.70467555593703,1.0,47.0,0.82991700829917,1.0,1.0,1.0,1.0
pelt_l2_weekday_adjusted,daily,agent,monitor likely-scaffolding-issue (medium/high),goals and monitor,2,55,55,64,380,1.0,380,1.0,379.6237,2.1246528481077793,375.0,380.0,0.9503049695030497,0.9454545454545454,379.5096,2.5072966505081458,374.0,380.0,0.9368063193680632,,,,,,,,,,,,1.0,1.0,,
pelt_l2_weekday_adjusted,daily,agent,monitor emotional-or-erratic (medium/high),goals and monitor,2,60,60,64,380,1.0,380,1.0,379.6299,2.0655635176059164,375.0,380.0,0.9465053494650535,0.9454545454545454,379.9316,0.9178266070277419,380.0,380.0,0.992000799920008,,,,,,,,,,,,1.0,1.0,,
pelt_l2_weekday_adjusted,daily,agent,monitor likely-scaffolding-issue (high),goals and monitor,2,4,4,64,380,0.28125,98,0.2578947368421053,108.7437,22.437298267513285,73.0,153.0,0.6317368263173683,0.6181818181818182,98.0058,22.92054758312181,52.0,141.0,0.5143485651434857,,,,,,,,,,,,1.0,1.0,,
pelt_l2_weekday_adjusted,daily,agent,monitor emotional-or-erratic (high),goals and monitor,2,8,8,64,380,0.328125,132,0.3473684210526316,135.8293,26.4103258601859,93.0,190.0,0.47135286471352866,0.4727272727272727,174.2846,29.016660722763223,116.0,230.0,0.9277072292770723,,,,,,,,,,,,1.0,1.0,,
pelt_l2_weekday_adjusted,daily,agent,all,summary,3,186,110,389,909,0.8123393316195373,693,0.7623762376237624,747.0278,52.13055329284989,651.0,823.0,0.7876212378762124,0.7898936170212766,827.5225,34.34852654594645,750.0,883.0,0.9984001599840016,748.6621621621622,52.356856919546765,656.65,816.7,0.8,74,827.5843,34.38201136903683,750.0,882.0,0.9985001499850015,,,,
pelt_l2_weekday_adjusted,daily,agent,scaffolding,summary,3,126,88,389,909,0.7172236503856041,508,0.5588558855885588,663.9732,78.97118035392816,514.0,765.0,0.9882011798820118,0.9893617021276596,768.6112,43.791124680922294,674.0,843.0,1.0,667.3783783783783,79.56830488668085,509.125,768.35,0.9733333333333334,74,770.2849,43.09469395708392,677.0,843.0,1.0,,,,
pelt_l2_weekday_adjusted,daily,agent,roster only,changelog categories,3,60,43,389,909,0.5089974293059126,495,0.5445544554455446,469.5238,71.2797160021793,327.0,575.0,0.45195480451954806,0.4441489361702128,511.0672,58.49566529620673,394.0,622.0,0.615038496150385,467.5135135135135,68.31820055601686,349.3,569.15,0.44,74,510.1144,58.35173523675636,393.0,623.0,0.6055394460553944,1.0,1.0,1.0,1.0
pelt_l2_weekday_adjusted,daily,agent,prompt (goal pooled),changelog categories,3,55,49,389,909,0.5449871465295629,426,0.46864686468646866,505.458,46.15526477929343,419.0,593.0499999999993,0.9638036196380362,0.9627659574468085,566.2896,57.97193636907981,448.0,674.0,0.9899010098990101,504.94594594594594,46.835735066612486,413.475,601.525,0.9333333333333333,74,567.0955,57.767259631893026,448.0,672.0,0.9884011598840116,1.0,1.0,1.0,1.0
pelt_l2_weekday_adjusted,daily,agent,prompt without goal,changelog categories,3,39,36,389,909,0.480719794344473,334,0.36743674367436746,440.1348,63.15237011502509,308.0,565.0,0.9306069393060694,0.9308510638297872,461.0758,59.03541625496715,342.0,572.0,0.9816018398160185,442.2567567567568,62.393813534832724,303.6,568.525,0.9333333333333333,74,463.4521,59.03510497959663,345.0,576.0,0.9833016698330167,1.0,1.0,1.0,1.0
pelt_l2_weekday_adjusted,daily,agent,tool,changelog categories,3,54,43,389,909,0.4910025706940874,401,0.44114411441144114,445.9221,97.13528276535664,268.0,587.0,0.7063293670632936,0.7180851063829787,529.8943,60.182307354585966,409.0,643.0,0.9813018698130187,449.8243243243243,95.38851458792422,287.675,591.875,0.7066666666666667,74,531.3479,59.81314593659728,412.0,642.0249999999996,0.9831016898310169,1.0,1.0,1.0,1.0
pelt_l2_weekday_adjusted,daily,agent,memory,changelog categories,3,18,17,389,909,0.20822622107969152,211,0.23212321232123212,195.6592,36.168125036928146,126.0,256.0,0.35696430356964304,0.35638297872340424,248.289,51.36866314160118,151.0,352.0,0.7626237376262374,199.27027027027026,37.27252368493126,135.425,259.4,0.44,74,252.4919,51.842703449763285,154.0,355.0,0.7841215878412159,1.0,1.0,1.0,1.0
pelt_l2_weekday_adjusted,daily,agent,model,changelog categories,3,51,40,389,909,0.506426735218509,490,0.5390539053905391,466.2437,73.42628311589264,328.0,569.0,0.5445455454454554,0.5398936170212766,499.5919,60.70588336246728,378.0,614.0,0.5764423557644236,466.1756756756757,72.032404828852,340.825,562.9749999999999,0.52,74,500.5494,60.38938687753623,379.0,617.0,0.5760423957604239,1.0,1.0,1.0,1.0
pelt_l2_weekday_adjusted,daily,agent,goal,changelog categories,3,16,15,389,909,0.18251928020565553,263,0.2893289328932893,171.0683,84.41806486811699,65.0,335.0,0.20217978202179782,0.19680851063829788,220.3187,48.71276858989201,130.0,318.0,0.1924807519248075,168.9189189189189,82.07009312238304,73.9,329.175,0.2,74,220.4714,48.628771913197426,129.0,317.0,0.19768023197680232,1.0,1.0,1.0,1.0
pelt_l2_weekday_adjusted,daily,agent,chat,changelog categories,3,29,25,389,909,0.32390745501285345,274,0.30143014301430143,301.1109,64.1175647338601,193.0,428.0,0.6211378862113789,0.6223404255319149,343.1257,56.12892788183751,235.0,453.0,0.8913108689131087,296.7432432432432,62.85623100090119,205.475,419.175,0.5866666666666667,74,341.6639,56.1858578456553,231.0,451.0,0.8868113188681132,1.0,1.0,1.0,1.0
pelt_l2_weekday_adjusted,daily,agent,other,changelog categories,3,12,12,389,909,0.17480719794344474,182,0.2002200220022002,157.9974,44.38442734765312,76.0,238.0,0.31626837316268375,0.3191489361702128,180.1524,44.9496075729488,96.0,270.0,0.4734526547345265,154.7027027027027,44.32591923336736,76.775,226.54999999999993,0.3333333333333333,74,178.9953,45.85973821849561,94.0,272.0,0.46715328467153283,1.0,1.0,1.0,1.0
pelt_l2_weekday_adjusted,daily,agent,village goal transitions,goals and monitor,3,51,51,389,909,0.6503856041131105,535,0.5885588558855885,600.231,110.43722052355218,420.0,758.0,0.6671332866713329,0.6675531914893617,571.2657,56.86647943347923,456.0,679.0,0.7466253374662534,596.2432432432432,110.1032903357658,421.95,742.225,0.68,74,619.3365,49.419543673325116,517.0,709.0,0.9493050694930507,1.0,1.0,1.0,1.0
pelt_l2_weekday_adjusted,daily,agent,scaffolding + goal transitions,goals and monitor,3,177,118,389,909,0.8226221079691518,609,0.66996699669967,758.0078,88.15642741586954,591.0,860.0,0.9351064893510649,0.9388297872340425,842.5371,31.04912604909905,773.0,891.0,1.0,759.7702702702703,89.57946610619622,587.6,860.0,0.9333333333333333,74,850.5787,28.338064699289014,785.0,893.0,1.0,1.0,1.0,1.0,1.0
pelt_l2_weekday_adjusted,daily,agent,agent goal changes,goals and monitor,3,33,8,55,312,0.07937062937062936,30,0.09615384615384616,44.3301,9.434035938738486,21.0,60.0,0.9555044495550445,0.9523809523809523,38.7594,14.285752339726152,2.9750000000000227,58.0,0.8531146885311469,46.75,8.08437646681195,36.35,57.825,1.0,8,40.4332,12.99920134791243,3.0,55.0,0.9053094690530947,1.0,1.0,1.0,1.0
pelt_l2_weekday_adjusted,daily,agent,monitor likely-scaffolding-issue (medium/high),goals and monitor,3,55,55,64,380,1.0,380,1.0,380.0,0.0,380.0,380.0,1.0,1.0,379.9908,0.31988371724621417,380.0,380.0,0.9988001199880012,,,,,,,,,,,,1.0,1.0,,
pelt_l2_weekday_adjusted,daily,agent,monitor emotional-or-erratic (medium/high),goals and monitor,3,60,60,64,380,1.0,380,1.0,380.0,0.0,380.0,380.0,1.0,1.0,380.0,0.0,380.0,380.0,1.0,,,,,,,,,,,,1.0,1.0,,
pelt_l2_weekday_adjusted,daily,agent,monitor likely-scaffolding-issue (high),goals and monitor,3,4,4,64,380,0.390625,139,0.36578947368421055,154.9326,25.33811475319197,115.0,200.0,0.6708329167083291,0.6666666666666666,130.7517,28.02337199638553,74.0,183.0,0.39976002399760024,,,,,,,,,,,,1.0,1.0,,
pelt_l2_weekday_adjusted,daily,agent,monitor emotional-or-erratic (high),goals and monitor,3,8,8,64,380,0.421875,189,0.49736842105263157,179.7625,28.35426052922234,137.0,229.0,0.35696430356964304,0.35294117647058826,221.7558,34.38258254637449,152.0,288.0,0.8306169383061693,,,,,,,,,,,,1.0,1.0,,
pelt_l2_weekday_adjusted,daily,all,all,summary,0,186,110,389,1572,0.32904884318766064,636,0.40458015267175573,517.2926,55.948921467900895,415.0,627.0,0.016198380161983803,0.015463917525773196,509.9999,46.52679630350049,421.0,604.0,0.0036996300369963003,516.8026315789474,49.96185738123089,444.375,618.25,0.025974025974025976,76,517.9373,45.30022273375676,432.0,610.0,0.006299370062993701,,,,
pelt_l2_weekday_adjusted,daily,all,scaffolding,summary,0,126,88,389,1572,0.2750642673521851,501,0.3187022900763359,432.0123,56.75617917987,334.0,549.0,0.1354864513548645,0.13659793814432988,426.4931,45.334821903231294,340.0,517.0,0.056194380561943806,439.60526315789474,51.97232056838676,347.75,538.25,0.15584415584415584,76,441.7132,44.90028228524771,357.0,534.0,0.098990100989901,,,,
pelt_l2_weekday_adjusted,daily,all,roster only,changelog categories,0,60,43,389,1572,0.11053984575835477,253,0.16094147582697202,173.7813,30.836746923209663,114.0,237.0,0.007599240075992401,0.007731958762886598,173.7732,27.320739449004744,124.0,231.0,0.005099490050994901,174.85526315789474,32.1457945190838,117.5,233.5,0.012987012987012988,76,177.0157,26.308976980053288,128.0,230.0,0.0040995900409959,0.048295170482951705,0.030596940305969406,0.1168831168831169,0.031196880311968805
pelt_l2_weekday_adjusted,daily,all,prompt (goal pooled),changelog categories,0,55,49,389,1572,0.14395886889460155,326,0.20737913486005088,226.3777,33.66231064299928,162.0,296.0,0.0034996500349965005,0.002577319587628866,230.0751,32.12098123864795,170.0,295.02499999999964,0.0029997000299970002,236.0,30.220522828038565,189.0,306.25,0.025974025974025976,76,240.0952,32.36657066248516,181.0,307.0,0.0072992700729927005,0.027997200279972004,0.020997900209979003,0.18181818181818182,0.043795620437956206
pelt_l2_weekday_adjusted,daily,all,prompt without goal,changelog categories,0,39,36,389,1572,0.11053984575835477,222,0.14122137404580154,173.9654,32.29199405623649,118.0,244.0,0.0705929407059294,0.07216494845360824,178.5948,29.5551546041696,125.0,240.0,0.0790920907909209,172.75,31.05012077271198,121.75,251.75,0.06493506493506493,76,177.4415,28.443162255591584,125.0,237.0,0.06679332066793321,0.1563843615638436,0.17118288171182883,0.19480519480519481,0.13358664133586642
pelt_l2_weekday_adjusted,daily,all,tool,changelog categories,0,54,43,389,1572,0.15167095115681234,237,0.15076335877862596,238.5965,55.59302425830617,157.0,351.0,0.46195380461953806,0.4587628865979381,238.1332,40.38534827626896,167.0,321.0,0.48475152484751527,241.68421052631578,55.52061731796955,159.0,354.125,0.45454545454545453,76,247.1802,40.65863549633758,176.0,331.0,0.5751424857514249,0.46195380461953806,0.48475152484751527,0.45454545454545453,0.5751424857514249
pelt_l2_weekday_adjusted,daily,all,memory,changelog categories,0,18,17,389,1572,0.04627249357326478,108,0.06870229007633588,72.6374,18.54249993043999,40.0,115.0,0.0397960203979602,0.03865979381443299,72.6239,18.535970624995635,41.0,113.0,0.04279572042795721,66.53947368421052,16.7096305879563,42.875,103.125,0.025974025974025976,76,67.0422,16.736846517881926,38.0,103.0,0.014998500149985002,0.1563843615638436,0.17118288171182883,0.18181818181818182,0.074992500749925
pelt_l2_weekday_adjusted,daily,all,model,changelog categories,0,51,40,389,1572,0.13367609254498714,278,0.17684478371501272,209.43,40.24569879660636,134.0,284.0,0.0390960903909609,0.04381443298969072,209.0876,38.40174729956394,142.97500000000002,289.0,0.048295170482951705,202.25,40.54466672695683,128.625,267.5,0.03896103896103896,76,205.4897,38.01446308775628,140.0,285.0,0.038196180381961806,0.1563843615638436,0.17118288171182883,0.19480519480519481,0.125987401259874
pelt_l2_weekday_adjusted,daily,all,goal,changelog categories,0,16,15,389,1572,0.038560411311053984,132,0.08396946564885496,60.0529,25.27433442819175,20.0,111.0,0.006899310068993101,0.007731958762886598,60.6777,16.87467623925917,32.0,97.0,0.0005999400059994001,73.11842105263158,27.64005166674532,32.75,122.625,0.03896103896103896,76,74.7824,18.33070788936348,43.0,114.0,0.0038996100389961006,0.048295170482951705,0.0053994600539946005,0.19480519480519481,0.031196880311968805
pelt_l2_weekday_adjusted,daily,all,chat,changelog categories,0,29,25,389,1572,0.06940874035989718,164,0.10432569974554708,109.3937,26.891846672397662,60.0,162.0,0.023797620237976203,0.023195876288659795,108.2209,22.36652698437856,68.0,155.0,0.013498650134986502,116.57894736842105,24.76517078904416,74.375,168.625,0.06493506493506493,76,119.7421,22.019066090939273,80.0,166.0,0.0314968503149685,0.11898810118988101,0.0674932506749325,0.19480519480519481,0.125987401259874
pelt_l2_weekday_adjusted,daily,all,other,changelog categories,0,12,12,389,1572,0.030848329048843187,109,0.0693384223918575,48.2203,15.63627248457001,21.0,79.0,0.0026997300269973002,0.002577319587628866,48.738,15.34163265657397,23.0,82.0,0.0008999100089991,53.01315789473684,15.95952666052694,23.5,81.5,0.012987012987012988,76,56.4193,15.503171364022078,29.0,90.0,0.0017998200179982,0.024297570242975703,0.0071992800719928,0.1168831168831169,0.0161983801619838
pelt_l2_weekday_adjusted,daily,all,village goal transitions,goals and monitor,0,51,51,389,1572,0.13110539845758354,379,0.2410941475826972,205.2971,52.40417398771908,126.0,337.0,0.0023997600239976003,0.002577319587628866,205.8936,29.459104924051793,151.0,267.0,0.00009999000099990002,296.4078947368421,43.965494843594165,229.5,377.5,0.03896103896103896,76,302.8597,28.407553833821773,249.0,359.0,0.003999600039996,0.016798320167983202,0.0006999300069993001,0.11688311688311688,0.011998800119988001
pelt_l2_weekday_adjusted,daily,all,scaffolding + goal transitions,goals and monitor,0,177,118,389,1572,0.34704370179948585,683,0.4344783715012723,543.7687,74.72129902218481,411.0,690.0,0.0306969303069693,0.028350515463917526,540.4814,46.33382712871492,450.0,632.0,0.0012998700129987,609.4078947368421,69.23432243843203,493.875,730.5,0.23376623376623376,76,612.4223,44.39542384160565,528.0,702.0,0.06159384061593841,0.1534846515348465,0.0077992200779922,0.36363636363636365,0.12318768123187682
pelt_l2_weekday_adjusted,daily,all,agent goal changes,goals and monitor,0,33,8,55,393,0.02761970853573907,24,0.061068702290076333,10.5683,5.925541858314011,1.0,20.0,0.020997900209979003,0.018518518518518517,10.8627,6.059217781365199,2.0,26.0,0.0408959104089591,12.3,7.196449741983118,4.125,26.625000000000007,0.18181818181818182,10,13.4268,7.278745755552766,3.0,31.0,0.11868813118688132,0.125987401259874,0.1635836416358364,0.36363636363636365,0.12318768123187682
pelt_l2_weekday_adjusted,daily,all,monitor likely-scaffolding-issue (medium/high),goals and monitor,0,55,55,64,500,0.859375,402,0.804,396.1284,14.115779785895514,372.0,422.0,0.32216778322167783,0.31746031746031744,396.0875,15.325427583694436,363.0,423.0,0.38876112388761125,,,,,,,,,,,,0.7964203579642036,0.6983301669833016,,
pelt_l2_weekday_adjusted,daily,all,monitor emotional-or-erratic (medium/high),goals and monitor,0,60,60,64,500,0.9375,450,0.9,431.7015,12.209574321839073,406.0,455.0,0.07849215078492151,0.07936507936507936,432.2715,10.659969570553404,408.0,450.0,0.0306969303069693,,,,,,,,,,,,0.31396860313968605,0.1534846515348465,,
pelt_l2_weekday_adjusted,daily,all,monitor likely-scaffolding-issue (high),goals and monitor,0,4,4,64,500,0.0625,36,0.072,28.5173,10.666662011981433,12.0,56.0,0.26547345265473454,0.2698412698412698,28.719,10.679196764005823,11.0,53.0,0.23277672232776722,,,,,,,,,,,,0.7964203579642036,0.6983301669833016,,
pelt_l2_weekday_adjusted,daily,all,monitor emotional-or-erratic (high),goals and monitor,0,8,8,64,500,0.125,67,0.134,57.4017,15.251439202572818,34.0,91.0,0.3180681931806819,0.31746031746031744,57.4669,14.536396908226859,32.0,89.0,0.25277472252774724,,,,,,,,,,,,0.7964203579642036,0.6983301669833016,,
pelt_l2_weekday_adjusted,daily,all,all,summary,1,186,110,389,1572,0.5886889460154242,997,0.6342239185750637,928.7108,68.03875432846384,791.0,1050.0,0.16178382161783822,0.16666666666666666,1028.2368,58.15093876222372,912.0,1138.0,0.7087291270872913,929.3157894736842,59.863446949718444,829.375,1032.125,0.14285714285714285,76,1032.9114,58.53957326632831,917.0,1143.0,0.7294270572942706,,,,
pelt_l2_weekday_adjusted,daily,all,scaffolding,summary,1,126,88,389,1572,0.5038560411311054,797,0.5069974554707379,796.4424,80.857860975963,644.0,932.0,0.547045295470453,0.5494791666666666,888.6028,60.403691052362646,768.0,1006.0,0.9346065393460654,797.3026315789474,73.03186879471949,666.125,917.125,0.5714285714285714,76,894.6254,59.45871348003479,775.0,1007.0,0.9479052094790521,,,,
pelt_l2_weekday_adjusted,daily,all,roster only,changelog categories,1,60,43,389,1572,0.2827763496143959,561,0.3568702290076336,446.6793,57.99120751911407,320.0,548.0,0.019198080191980802,0.020833333333333332,467.2246,51.17795299860393,370.0,569.0,0.03569643035696431,454.7631578947368,56.2596050278949,355.5,546.875,0.025974025974025976,76,470.4554,50.33900090726111,374.0,571.0,0.0397960203979602,0.15358464153584642,0.26877312268773124,0.2077922077922078,0.3183681631836816
pelt_l2_weekday_adjusted,daily,all,prompt (goal pooled),changelog categories,1,55,49,389,1572,0.32390745501285345,580,0.36895674300254455,513.1343,51.38400621905139,420.0,615.0,0.1136886311368863,0.109375,548.238,55.49262743076703,439.0,658.0,0.28917108289171084,510.39473684210526,48.90482701393757,424.75,597.5,0.11688311688311688,76,555.5052,54.64734765952161,451.0,664.0,0.3321667833216678,0.5477452254774522,1.0,0.4675324675324675,1.0
pelt_l2_weekday_adjusted,daily,all,prompt without goal,changelog categories,1,39,36,389,1572,0.2544987146529563,411,0.26145038167938933,400.477,53.85811304375659,299.92500000000007,520.0,0.44265573442655737,0.4401041666666667,424.5518,50.5873524191816,327.0,525.0,0.6077392260773923,395.9605263157895,54.18645360591487,293.375,501.125,0.38961038961038963,76,427.5772,50.228357816604905,333.0,530.0249999999996,0.6287371262873712,0.8853114688531147,1.0,0.7792207792207793,1.0
pelt_l2_weekday_adjusted,daily,all,tool,changelog categories,1,54,43,389,1572,0.30077120822622105,461,0.29325699745547074,473.3053,83.10148902190481,331.0,626.0,0.5596440355964404,0.5598958333333334,517.8262,56.38289720003458,409.0,629.0,0.8445155484451555,472.32894736842104,82.37271201199172,339.25,606.5,0.5194805194805194,76,522.0961,55.98498456407454,416.0,633.0,0.8626137386261374,0.8853114688531147,1.0,0.7792207792207793,1.0
pelt_l2_weekday_adjusted,daily,all,memory,changelog categories,1,18,17,389,1572,0.10539845758354756,211,0.1342239185750636,169.5812,31.021580237054984,115.0,235.0,0.0964903509649035,0.09114583333333333,201.0732,36.38874902858831,134.0,275.0,0.38676132386761325,168.71052631578948,29.661115191205553,122.0,227.625,0.07792207792207792,76,197.8466,35.03395790173622,133.0,270.0,0.34736526347365265,0.5477452254774522,1.0,0.4675324675324675,1.0
pelt_l2_weekday_adjusted,daily,all,model,changelog categories,1,51,40,389,1572,0.29562982005141386,605,0.3848600508905852,468.7708,64.26450855694772,347.0,584.0,0.0025997400259974,0.0026041666666666665,476.2352,55.90241308690434,370.0,586.0,0.011698830116988301,477.5657894736842,61.27714865566462,375.125,569.75,0.012987012987012988,76,483.4164,55.5322896570946,377.0,594.0,0.0170982901709829,0.023397660233976603,0.10528947105289471,0.1168831168831169,0.1538846115388461
pelt_l2_weekday_adjusted,daily,all,goal,changelog categories,1,16,15,389,1572,0.09768637532133675,243,0.15458015267175573,156.319,54.264530799872325,78.0,271.0,0.0912908709129087,0.09375,175.6713,34.10145080791608,113.0,247.0,0.033596640335966405,160.94736842105263,54.78586064228424,80.875,270.625,0.09090909090909091,76,183.6521,33.20374548844522,122.0,252.0,0.0430956904309569,0.5477452254774522,0.26877312268773124,0.4675324675324675,0.3183681631836816
pelt_l2_weekday_adjusted,daily,all,chat,changelog categories,1,29,25,389,1572,0.16966580976863754,335,0.21310432569974555,270.7919,53.659089856075816,174.0,383.0,0.127987201279872,0.125,291.5358,42.81040517723634,212.0,380.0,0.1591840815918408,276.0394736842105,50.77176138746779,189.75,378.75,0.16883116883116883,76,301.6754,42.595592181437375,221.97500000000002,388.0,0.2211778822117788,0.5477452254774522,0.795920407959204,0.5064935064935066,1.0
pelt_l2_weekday_adjusted,daily,all,other,changelog categories,1,12,12,389,1572,0.08740359897172237,194,0.12340966921119594,136.8425,33.772840482041524,71.0,201.0,0.046795320467953205,0.044270833333333336,141.1273,30.615715358499976,86.0,206.0,0.05169483051694831,134.8815789473684,31.802711458936187,81.875,192.5,0.03896103896103896,76,143.138,31.874666358027085,85.0,209.0,0.063993600639936,0.32756724327567244,0.31016898310168983,0.2727272727272727,0.38396160383961603
pelt_l2_weekday_adjusted,daily,all,village goal transitions,goals and monitor,1,51,51,389,1572,0.37532133676092544,677,0.4306615776081425,593.2656,90.64252458623567,417.0,765.0,0.19638036196380362,0.19791666666666666,541.2749,53.44741520980468,438.0,646.0,0.0066993300669933005,623.9605263157895,84.42565815192658,469.875,751.375,0.33766233766233766,76,629.9481,46.432848365470036,540.0,721.0,0.16028397160283972,1.0,0.0468953104689531,0.6753246753246753,0.32056794320567944
pelt_l2_weekday_adjusted,daily,all,scaffolding + goal transitions,goals and monitor,1,177,118,389,1572,0.6401028277634961,1006,0.6399491094147582,1010.8106,100.12317210615763,806.0,1161.0,0.5941405859414058,0.5963541666666666,1073.3439,56.86364022948245,960.0,1182.0,0.8832116788321168,1022.0131578947369,92.37366052016526,865.5,1155.125,0.6103896103896104,76,1115.2029,53.10740410928708,1007.0,1215.0,0.9773022697730227,1.0,1.0,0.6753246753246753,0.9773022697730227
pelt_l2_weekday_adjusted,daily,all,agent goal changes,goals and monitor,1,33,8,55,393,0.06495489243580847,54,0.13740458015267176,31.0905,12.192447470771926,4.0,54.0,0.0420957904209579,0.04,31.0901,11.293003815793137,9.0,56.0,0.0334966503349665,31.0,10.055402085998905,9.4,38.775,0.09090909090909091,10,32.6161,9.179419750980804,10.0,49.0,0.0032996700329967,0.2946705329467053,0.200979902009799,0.2727272727272727,0.0098990100989901
pelt_l2_weekday_adjusted,daily,all,monitor likely-scaffolding-issue (medium/high),goals and monitor,1,55,55,64,500,1.0,498,0.996,491.4186,9.240319929052193,465.0,498.0,0.49265073492650735,0.4915254237288136,490.7943,9.922158657935446,462.0,498.0,0.45955404459554045,,,,,,,,,,,,1.0,1.0,,
pelt_l2_weekday_adjusted,daily,all,monitor emotional-or-erratic (medium/high),goals and monitor,1,60,60,64,500,1.0,498,0.996,494.4531,7.705552410034882,470.0,498.0,0.7408259174082592,0.7457627118644068,495.4211,5.936926772325054,479.0,498.0,0.7626237376262374,,,,,,,,,,,,1.0,1.0,,
pelt_l2_weekday_adjusted,daily,all,monitor likely-scaffolding-issue (high),goals and monitor,1,4,4,64,500,0.171875,71,0.142,85.5549,20.92235073948543,47.0,129.0,0.7030296970302969,0.6949152542372882,81.4594,21.701028664662662,40.0,126.0,0.6905309469053095,,,,,,,,,,,,1.0,1.0,,
pelt_l2_weekday_adjusted,daily,all,monitor emotional-or-erratic (high),goals and monitor,1,8,8,64,500,0.234375,122,0.244,122.4962,27.416475920059227,85.0,178.0,0.4734526547345265,0.4745762711864407,153.3055,28.434978891366445,98.0,209.0,0.8672132786721328,,,,,,,,,,,,1.0,1.0,,
pelt_l2_weekday_adjusted,daily,all,all,summary,2,186,110,389,1572,0.7326478149100257,1150,0.7315521628498728,1159.7849,65.28793673764201,1044.0,1273.0,0.5554444555544445,0.5631578947368421,1294.534,56.90179808637461,1176.0,1398.0,0.9916008399160084,1157.592105263158,60.48651147301718,1045.375,1246.875,0.5844155844155844,76,1293.4697,57.41443828587343,1173.0,1397.0,0.9878012198780122,,,,
pelt_l2_weekday_adjusted,daily,all,scaffolding,summary,2,126,88,389,1572,0.6349614395886889,912,0.5801526717557252,1008.6953,87.94325704427801,836.0,1139.0,0.7953204679532047,0.7947368421052632,1164.1496,65.43125204911236,1031.0,1285.0,0.9997000299970003,1003.0526315789474,88.89047864075464,825.875,1132.0,0.8051948051948052,76,1165.8268,65.10072051937071,1033.0,1288.0,0.9999000099990001,,,,
pelt_l2_weekday_adjusted,daily,all,roster only,changelog categories,2,60,43,389,1572,0.41645244215938304,728,0.4631043256997455,661.1911,74.10106664278025,513.0,787.0,0.18998100189981001,0.19210526315789472,699.5417,65.45802728805417,571.0,826.0,0.3394660533946605,663.8421052631579,74.20998183202023,536.75,774.5,0.23376623376623376,76,700.0446,65.21536717102438,572.0,825.0,0.33856614338566143,1.0,1.0,1.0,1.0
pelt_l2_weekday_adjusted,daily,all,prompt (goal pooled),changelog categories,2,55,49,389,1572,0.4498714652956298,727,0.4624681933842239,714.908,54.9286742232615,615.0,819.0,0.41515848415158485,0.42105263157894735,791.315,68.4747490256475,658.0,920.0,0.827917208279172,712.1315789473684,58.34525792904696,602.875,803.5,0.44155844155844154,76,792.2588,68.27961359822793,657.0,924.0,0.8317168283171683,1.0,1.0,1.0,1.0
pelt_l2_weekday_adjusted,daily,all,prompt without goal,changelog categories,2,39,36,389,1572,0.37532133676092544,565,0.3594147582697201,590.738,66.91929449118184,461.0,725.0,0.659034096590341,0.6631578947368421,629.8271,65.6003151343389,499.0,758.0,0.8409159084091591,593.2236842105264,71.59061366486728,462.375,723.25,0.7012987012987013,76,629.3994,65.95353263083524,499.0,757.0,0.8397160283971603,1.0,1.0,1.0,1.0
pelt_l2_weekday_adjusted,daily,all,tool,changelog categories,2,54,43,389,1572,0.4087403598971722,594,0.37786259541984735,641.8912,100.17750304220793,467.0,819.0,0.6643335666433356,0.6763157894736842,740.1507,70.51836266857978,602.0,876.0,0.9813018698130187,645.5,98.36916861157938,477.875,807.375,0.6623376623376623,76,742.0518,71.0454872802368,599.0,877.0,0.9797020297970203,1.0,1.0,1.0,1.0
pelt_l2_weekday_adjusted,daily,all,memory,changelog categories,2,18,17,389,1572,0.15938303341902313,280,0.178117048346056,257.8326,38.87382017025678,179.0,332.0,0.27577242275772423,0.27631578947368424,319.5489,50.37583330574418,223.97500000000002,419.0,0.7851214878512148,259.5263157894737,37.33076432263717,191.875,339.0,0.24675324675324675,76,320.1158,50.07005783329137,226.0,421.02499999999964,0.7841215878412159,1.0,1.0,1.0,1.0
pelt_l2_weekday_adjusted,daily,all,model,changelog categories,2,51,40,389,1572,0.41645244215938304,741,0.4713740458015267,661.1024,77.16407158538463,512.0,785.0,0.12908709129087093,0.12894736842105264,691.7356,69.32432530395002,558.0,826.0,0.24087591240875914,663.8026315789474,72.92187961315719,527.0,774.625,0.11688311688311688,76,692.7894,69.30890289163438,558.0,828.0,0.24787521247875213,1.0,1.0,0.935064935064935,1.0
pelt_l2_weekday_adjusted,daily,all,goal,changelog categories,2,16,15,389,1572,0.14652956298200515,333,0.21183206106870228,235.8733,76.42423381010336,132.0,390.0,0.15778422157784222,0.15789473684210525,281.2164,48.13111500332344,190.0,378.0,0.14678532146785322,238.5,76.84972348681549,134.125,392.875,0.15584415584415584,76,285.2028,46.91664298837812,197.0,379.0,0.15658434156584342,1.0,1.0,1.0,1.0
pelt_l2_weekday_adjusted,daily,all,chat,changelog categories,2,29,25,389,1572,0.2519280205655527,410,0.2608142493638677,404.1867,66.01618935409468,287.0,530.0,0.44565543445655437,0.4342105263157895,452.9243,58.381558819125544,341.0,570.0,0.7636236376362364,398.44736842105266,61.43731650755202,290.0,516.25,0.4025974025974026,76,454.6229,58.02863627428086,342.0,569.0,0.7772222777722227,1.0,1.0,1.0,1.0
pelt_l2_weekday_adjusted,daily,all,other,changelog categories,2,12,12,389,1572,0.13367609254498714,271,0.17239185750636132,209.2058,44.00985040934933,122.0,290.0,0.08359164083591641,0.08157894736842106,228.8839,43.00838282113487,148.0,316.0,0.1648835116488351,208.07894736842104,45.89139735154284,132.25,291.875,0.09090909090909091,76,230.0607,46.00773507442708,144.0,324.0,0.19138086191380863,0.7523247675232477,1.0,0.8181818181818182,1.0
pelt_l2_weekday_adjusted,daily,all,village goal transitions,goals and monitor,2,51,51,389,1572,0.5886889460154242,927,0.5896946564885496,934.7301,116.32073377218926,723.0,1107.0,0.5784421557844216,0.5736842105263158,795.9346,67.61563362293533,663.0,926.0,0.024897510248975102,932.3947368421053,118.25386014247692,721.75,1106.75,0.5974025974025974,76,913.0622,62.498585091775055,789.0,1034.0,0.42275772422757724,1.0,0.17428257174282571,1.0,0.8455154484551545
pelt_l2_weekday_adjusted,daily,all,scaffolding + goal transitions,goals and monitor,2,177,118,389,1572,0.7840616966580977,1140,0.7251908396946565,1243.2878,102.14089703661675,1051.0,1374.0,0.7569243075692431,0.7578947368421053,1332.462,53.676712594452866,1219.0,1428.0,0.9995000499950005,1234.342105263158,104.47667077794021,1042.375,1358.25,0.7532467532467533,76,1363.7946,50.7155401966867,1258.0,1454.0,0.9999000099990001,1.0,1.0,1.0,0.9999000099990001
pelt_l2_weekday_adjusted,daily,all,agent goal changes,goals and monitor,2,33,8,55,393,0.09886652787416148,65,0.16539440203562342,51.6301,15.141334154888698,8.0,73.0,0.1456854314568543,0.15217391304347827,50.1475,15.382334197726204,16.0,79.0,0.14958504149585042,51.2,17.881088706600988,15.55,67.55,0.36363636363636365,10,51.165,14.106036758328072,17.0,76.0,0.17868213178682132,1.0,0.8975102489751026,1.0,0.536046395360464
pelt_l2_weekday_adjusted,daily,all,monitor likely-scaffolding-issue (medium/high),goals and monitor,2,55,55,64,500,1.0,500,1.0,499.4952,2.7172256607667222,495.0,500.0,0.9439056094390561,0.9454545454545454,499.4094,3.1496640580175908,492.0,500.0,0.9416058394160584,,,,,,,,,,,,1.0,1.0,,
pelt_l2_weekday_adjusted,daily,all,monitor emotional-or-erratic (medium/high),goals and monitor,2,60,60,64,500,1.0,500,1.0,499.4769,2.7907069345453404,495.0,500.0,0.9425057494250575,0.9454545454545454,499.9227,1.096378089206205,500.0,500.0,0.9913008699130087,,,,,,,,,,,,1.0,1.0,,
pelt_l2_weekday_adjusted,daily,all,monitor likely-scaffolding-issue (high),goals and monitor,2,4,4,64,500,0.28125,132,0.264,140.5672,28.920949609109126,98.0,202.0,0.5954404559544045,0.6,128.9249,29.51901077593419,69.0,185.0,0.47635236476352366,,,,,,,,,,,,1.0,1.0,,
pelt_l2_weekday_adjusted,daily,all,monitor emotional-or-erratic (high),goals and monitor,2,8,8,64,500,0.328125,171,0.342,178.5546,34.59083796971598,128.0,250.0,0.49765023497650235,0.4909090909090909,229.3217,38.06319337337552,155.0,303.0,0.9352064793520648,,,,,,,,,,,,1.0,1.0,,
pelt_l2_weekday_adjusted,daily,all,all,summary,3,186,110,389,1572,0.8123393316195373,1244,0.7913486005089059,1290.8401,60.23898576113772,1184.0,1388.0,0.7173282671732827,0.723404255319149,1430.3459,49.30937430782774,1323.0,1515.0,0.9991000899910009,1293.162162162162,61.94894650712961,1187.3,1382.4,0.72,74,1431.0902,49.46440474415587,1322.0,1516.0,0.9992000799920008,,,,
pelt_l2_weekday_adjusted,daily,all,scaffolding,summary,3,126,88,389,1572,0.7172236503856041,997,0.6342239185750637,1144.5806,88.5139784219284,971.0,1262.0,0.9256074392560744,0.925531914893617,1330.0222,61.90269219904858,1198.0,1440.0,1.0,1150.0675675675675,90.9737778087551,969.3,1270.875,0.9066666666666666,74,1331.6683,61.19267872468855,1201.0,1443.0,1.0,,,,
pelt_l2_weekday_adjusted,daily,all,roster only,changelog categories,3,60,43,389,1572,0.5089974293059126,827,0.5260814249363868,809.6359,81.6798071146047,652.0,939.0,0.5033496650334967,0.5079787234042553,885.4327,78.02091640739492,729.0,1032.0,0.775022497750225,809.1891891891892,78.33536538860629,666.825,932.4499999999999,0.49333333333333335,74,884.7629,76.39563804917984,734.0,1030.0,0.7791220877912208,1.0,1.0,1.0,1.0
pelt_l2_weekday_adjusted,daily,all,prompt (goal pooled),changelog categories,3,55,49,389,1572,0.5449871465295629,830,0.5279898218829516,871.5974,57.26482724398921,762.0,976.0,0.7407259274072593,0.7367021276595744,977.4985,77.92076592492037,820.0,1123.0,0.9688031196880312,870.2972972972973,57.79954252312908,757.325,989.5749999999999,0.7866666666666666,74,982.0847,76.73181806200287,826.0,1125.0249999999996,0.9725027497250275,1.0,1.0,1.0,1.0
pelt_l2_weekday_adjusted,daily,all,prompt without goal,changelog categories,3,39,36,389,1572,0.48071979434447304,704,0.44783715012722647,758.7341,74.49879464951378,607.9000000000001,906.0,0.8032196780321967,0.800531914893617,799.4617,78.13726432578525,643.975,950.0,0.8884111588841116,761.7027027027027,73.9918043832086,608.675,909.05,0.8133333333333334,74,802.1835,77.88514259660651,648.0,949.0,0.8942105789421058,1.0,1.0,1.0,1.0
pelt_l2_weekday_adjusted,daily,all,tool,changelog categories,3,54,43,389,1572,0.4910025706940875,742,0.4720101781170484,774.4892,106.96501032909534,580.9250000000001,944.0,0.6387361263873612,0.6356382978723404,916.5889,79.77049849432434,754.0,1066.0,0.9817018298170183,776.2297297297297,106.53387747210284,585.775,950.0,0.6533333333333333,74,917.1331,78.79554212095893,758.975,1064.0,0.9861013898610139,1.0,1.0,1.0,1.0
pelt_l2_weekday_adjusted,daily,all,memory,changelog categories,3,18,17,389,1572,0.20822622107969152,365,0.2321882951653944,338.365,43.36380076655749,254.0,419.0,0.2967703229677032,0.300531914893617,427.4716,63.9045755241148,305.0,555.0,0.8354164583541646,343.2432432432432,45.488463330679764,261.825,420.4,0.3333333333333333,74,434.5474,63.80549558906926,313.0,562.0,0.8648135186481352,1.0,1.0,1.0,1.0
pelt_l2_weekday_adjusted,daily,all,model,changelog categories,3,51,40,389,1572,0.506426735218509,830,0.5279898218829516,807.3283,82.03196964302607,652.0,938.0,0.5072492750724927,0.5106382978723404,865.304,79.51353484924704,707.0,1016.0249999999996,0.6777322267773223,806.1351351351351,82.46067129398996,666.95,936.7,0.48,74,866.0694,78.3736411454938,709.0,1017.0,0.6813318668133187,1.0,1.0,1.0,1.0
pelt_l2_weekday_adjusted,daily,all,goal,changelog categories,3,16,15,389,1572,0.18251928020565555,414,0.2633587786259542,294.7059,90.52291778911297,167.0,469.0,0.15948405159484053,0.16489361702127658,380.8035,60.66316748850964,265.0,502.0,0.29447055294470553,293.06756756756755,89.00428357878111,171.125,462.0,0.17333333333333334,74,379.868,59.38774340220918,267.0,497.0,0.286971302869713,1.0,1.0,1.0,1.0
pelt_l2_weekday_adjusted,daily,all,chat,changelog categories,3,29,25,389,1572,0.32390745501285345,504,0.32061068702290074,519.1281,74.67065997522798,381.0,659.0,0.5620437956204379,0.5638297872340425,594.3734,71.79236579761584,451.0,733.0,0.8939106089391061,510.2432432432432,73.00155952749826,401.125,653.175,0.48,74,589.6452,71.36063866751125,449.0,727.0,0.8852114788521148,1.0,1.0,1.0,1.0
pelt_l2_weekday_adjusted,daily,all,other,changelog categories,3,12,12,389,1572,0.17480719794344474,326,0.20737913486005088,272.6216,52.19712891976671,174.0,367.0,0.1842815718428157,0.18617021276595744,311.5903,55.51005118434182,207.0,423.0,0.3955604439556044,267.68918918918916,53.402048515342095,171.65,356.8499999999999,0.2,74,309.4813,56.267705264881535,201.0,418.0,0.39576042395760425,1.0,1.0,1.0,1.0
pelt_l2_weekday_adjusted,daily,all,village goal transitions,goals and monitor,3,51,51,389,1572,0.6503856041131105,977,0.621501272264631,1037.2948,119.36342595496147,824.0,1210.0,0.6646335366463354,0.6595744680851063,987.8086,75.41203129134202,835.0,1128.0249999999996,0.5694430556944305,1028.8108108108108,119.57248912478975,831.825,1190.925,0.6533333333333333,74,1069.4601,64.69810810610501,938.0,1189.0,0.9211078892110789,1.0,1.0,1.0,1.0
pelt_l2_weekday_adjusted,daily,all,scaffolding + goal transitions,goals and monitor,3,177,118,389,1572,0.8226221079691517,1174,0.7468193384223919,1310.7012,95.34235016472739,1124.0,1421.0,0.8720127987201279,0.8696808510638298,1457.2671,44.602707291595806,1359.0,1532.0,1.0,1309.5,99.163798354589,1117.125,1417.05,0.8666666666666667,74,1472.5184,40.3988820192693,1382.0,1538.0,1.0,1.0,1.0,1.0,1.0
pelt_l2_weekday_adjusted,daily,all,agent goal changes,goals and monitor,3,33,8,55,393,0.13018736988202637,74,0.18829516539440203,73.4427,12.023193104464502,47.0,100.0,0.5797420257974203,0.5714285714285714,68.3732,18.061282976418795,23.0,96.0,0.43415658434156584,75.625,10.459957661755343,60.7,88.825,0.6666666666666666,8,68.7883,16.642775649155727,22.0,90.0,0.46835316468353166,1.0,1.0,1.0,1.0
pelt_l2_weekday_adjusted,daily,all,monitor likely-scaffolding-issue (medium/high),goals and monitor,3,55,55,64,500,1.0,500,1.0,500.0,0.0,500.0,500.0,1.0,1.0,499.9853,0.4723412120724404,500.0,500.0,0.9988001199880012,,,,,,,,,,,,1.0,1.0,,
pelt_l2_weekday_adjusted,daily,all,monitor emotional-or-erratic (medium/high),goals and monitor,3,60,60,64,500,1.0,500,1.0,500.0,0.0,500.0,500.0,1.0,1.0,500.0,0.0,500.0,500.0,1.0,,,,,,,,,,,,1.0,1.0,,
pelt_l2_weekday_adjusted,daily,all,monitor likely-scaffolding-issue (high),goals and monitor,3,4,4,64,500,0.390625,189,0.378,199.4877,31.395299253097097,145.0,257.0,0.6533346665333467,0.6470588235294118,171.869,36.79635085363241,99.0,240.0,0.3417658234176582,,,,,,,,,,,,1.0,1.0,,
pelt_l2_weekday_adjusted,daily,all,monitor emotional-or-erratic (high),goals and monitor,3,8,8,64,500,0.421875,247,0.494,234.8399,37.863325674498185,178.0,296.0,0.36146385361463856,0.35294117647058826,289.507,44.761263477149605,199.0,375.0,0.8328167183281672,,,,,,,,,,,,1.0,1.0,,
pelt_l2_weekday_adjusted,daily,family,all,summary,0,186,110,389,463,0.32904884318766064,218,0.4708423326133909,152.1038,14.476815374188407,125.0,180.0,0.00009999000099990002,0.0,150.3344,15.603356148992795,120.0,182.0,0.00009999000099990002,152.10526315789474,13.629946390081335,125.875,179.0,0.012987012987012988,76,152.86,15.098668715476142,124.0,183.0,0.00009999000099990002,,,,
pelt_l2_weekday_adjusted,daily,family,scaffolding,summary,0,126,88,389,463,0.2750642673521851,177,0.38228941684665224,127.125,14.350922266425586,101.0,156.0,0.00009999000099990002,0.0,125.5329,15.000173936051915,97.0,156.0,0.0005999400059994001,130.27631578947367,12.847410825231702,105.25,152.375,0.012987012987012988,76,131.1145,14.465127505188958,103.0,160.0,0.0010998900109989002,,,,
pelt_l2_weekday_adjusted,daily,family,roster only,changelog categories,0,60,43,389,463,0.11053984575835475,85,0.183585313174946,51.3752,10.395038751397914,32.0,71.0,0.00009999000099990002,0.0,51.2698,10.401914628701501,32.0,73.0,0.0016998300169983002,51.4078947368421,9.919916171122882,32.875,69.125,0.012987012987012988,76,52.2013,9.855419384233423,34.0,72.0,0.0013998600139986002,0.0008999100089991002,0.010198980101989802,0.1168831168831169,0.006999300069993001
pelt_l2_weekday_adjusted,daily,family,prompt (goal pooled),changelog categories,0,55,49,389,463,0.14395886889460155,113,0.24406047516198703,66.5,12.885301824183632,42.0,96.0,0.00009999000099990002,0.0,67.6511,11.775034349563205,46.0,91.0,0.00039996000399960006,69.94736842105263,11.746085574172762,48.875,96.25,0.012987012987012988,76,71.3604,11.52176145121456,50.0,95.0,0.00039996000399960006,0.0008999100089991002,0.0031996800319968005,0.1168831168831169,0.0035996400359964006
pelt_l2_weekday_adjusted,daily,family,prompt without goal,changelog categories,0,39,36,389,463,0.11053984575835475,86,0.1857451403887689,50.9801,11.022116525208283,31.0,74.0,0.0040995900409959,0.005154639175257732,52.6159,10.520724107853763,33.0,74.0,0.0018998100189981002,49.88157894736842,10.586742785532175,32.0,74.125,0.025974025974025976,76,51.2065,9.926374516463909,33.0,72.0,0.0007999200079992001,0.020497950204979503,0.010198980101989802,0.12987012987012989,0.005599440055994401
pelt_l2_weekday_adjusted,daily,family,tool,changelog categories,0,54,43,389,463,0.15167095115681234,82,0.1771058315334773,70.12,11.30522803034427,49.0,94.0,0.1678832116788321,0.17010309278350516,69.9482,11.832798412540763,48.0,94.0,0.1650834916508349,71.09210526315789,10.605882181228738,53.75,93.0,0.15584415584415584,76,73.1868,11.652093498092471,51.0,96.0,0.23577642235776422,0.1678832116788321,0.1650834916508349,0.15584415584415584,0.23577642235776422
pelt_l2_weekday_adjusted,daily,family,memory,changelog categories,0,18,17,389,463,0.04627249357326479,34,0.0734341252699784,21.3134,6.88287133627988,10.0,37.0,0.0504949505049495,0.04896907216494845,21.308,7.025430354588018,9.0,37.0,0.05319468053194681,19.31578947368421,5.801633163896271,9.75,29.125,0.025974025974025976,76,19.6066,6.313051710717268,9.0,33.0,0.023397660233976603,0.100989901009899,0.10638936106389361,0.12987012987012989,0.09359064093590641
pelt_l2_weekday_adjusted,daily,family,model,changelog categories,0,51,40,389,463,0.13367609254498714,98,0.21166306695464362,61.9823,10.902388404257653,40.0,84.0,0.00009999000099990002,0.0,61.2938,11.094376506997044,40.0,84.0,0.0010998900109989002,58.61842105263158,9.95317986744358,38.25,77.125,0.012987012987012988,76,60.0553,10.470711794837497,40.0,80.0,0.00039996000399960006,0.0008999100089991002,0.007699230076992301,0.1168831168831169,0.0035996400359964006
pelt_l2_weekday_adjusted,daily,family,goal,changelog categories,0,16,15,389,463,0.038560411311053984,36,0.07775377969762419,17.8791,7.375020154699797,6.0,35.0,0.0193980601939806,0.01804123711340206,17.8714,6.27864668383387,7.0,31.0,0.007499250074992501,23.342105263157894,7.066451502848177,10.0,38.25,0.07792207792207792,76,23.7577,7.147775862460854,11.0,39.0,0.05879412058794121,0.0775922407759224,0.029997000299970003,0.15584415584415584,0.11758824117588242
pelt_l2_weekday_adjusted,daily,family,chat,changelog categories,0,29,25,389,463,0.06940874035989718,54,0.11663066954643629,31.9745,9.063468673550963,17.0,52.0,0.019998000199980003,0.01804123711340206,32.0237,8.41383489092561,17.0,50.0,0.011398860113988602,36.25,8.869611039949836,20.0,51.5,0.03896103896103896,76,36.7747,8.700167193848639,21.0,55.0,0.034896510348965105,0.0775922407759224,0.03419658034196581,0.12987012987012989,0.10468953104689532
pelt_l2_weekday_adjusted,daily,family,other,changelog categories,0,12,12,389,463,0.030848329048843187,40,0.08639308855291576,14.2299,5.162684507224135,5.0,25.0,0.00009999000099990002,0.0,14.2001,5.772156596037301,5.0,27.0,0.00029997000299970003,16.31578947368421,5.940169529153837,7.875,27.125,0.012987012987012988,76,16.8497,6.049823960000381,6.0,30.0,0.0007999200079992001,0.0008999100089991002,0.0026997300269973002,0.1168831168831169,0.005599440055994401
pelt_l2_weekday_adjusted,daily,family,village goal transitions,goals and monitor,0,51,51,389,463,0.13110539845758354,140,0.3023758099352052,60.2732,21.14551193581046,34.0,113.0,0.00009999000099990002,0.0,60.82,11.181721830304536,40.0,84.0,0.00009999000099990002,97.80263157894737,14.457311632842492,73.5,127.25,0.012987012987012988,76,99.6365,11.344868370934737,78.0,122.0,0.0006999300069993001,0.0006999300069993001,0.0006999300069993001,0.03896103896103896,0.0013998600139986002
pelt_l2_weekday_adjusted,daily,family,scaffolding + goal transitions,goals and monitor,0,177,118,389,463,0.3470437017994858,244,0.5269978401727862,160.7626,19.247318960538813,126.0,202.0,0.00009999000099990002,0.0,158.9997,15.93694131632077,129.0,191.0,0.00009999000099990002,187.22368421052633,13.698271116420035,162.0,211.125,0.012987012987012988,76,187.0821,14.933286975612221,158.0,216.0,0.00009999000099990002,0.0006999300069993001,0.0006999300069993001,0.03896103896103896,0.00029997000299970003
pelt_l2_weekday_adjusted,daily,family,agent goal changes,goals and monitor,0,33,8,55,54,0.0696969696969697,6,0.1111111111111111,3.73,3.0491030981208715,0.0,12.0,0.20437956204379562,0.2037037037037037,3.7703,2.781997818328785,0.0,11.0,0.22367763223677634,4.3,4.001388647846033,0.225,11.55,0.2727272727272727,10,4.4325,3.355707053212884,0.0,13.0,0.2977702229777022,0.8175182481751825,0.8947105289471053,0.2727272727272727,0.2977702229777022
pelt_l2_weekday_adjusted,daily,family,monitor likely-scaffolding-issue (medium/high),goals and monitor,0,55,55,64,78,0.859375,58,0.7435897435897436,63.647,5.142259744852292,54.0,72.0,0.8822117788221178,0.8888888888888888,63.6037,5.030067242855384,53.0,72.0,0.8724127587241276,,,,,,,,,,,,1.0,1.0,,
pelt_l2_weekday_adjusted,daily,family,monitor emotional-or-erratic (medium/high),goals and monitor,0,60,60,64,78,0.9375,70,0.8974358974358975,69.3729,3.424677858112086,62.0,74.0,0.5577442255774423,0.5555555555555556,69.3707,3.543971992517488,61.0,74.0,0.5753424657534246,,,,,,,,,,,,1.0,1.0,,
pelt_l2_weekday_adjusted,daily,family,monitor likely-scaffolding-issue (high),goals and monitor,0,4,4,64,78,0.0625,7,0.08974358974358974,4.5829,3.329089345990486,0.0,11.0,0.2695730426957304,0.2698412698412698,4.6808,3.6495264438453425,0.0,14.0,0.2595740425957404,,,,,,,,,,,,0.8175182481751825,0.8947105289471053,,
pelt_l2_weekday_adjusted,daily,family,monitor emotional-or-erratic (high),goals and monitor,0,8,8,64,78,0.125,16,0.20512820512820512,9.1979,4.630105763148158,2.0,19.0,0.0816918308169183,0.07936507936507936,9.2717,4.923383296099139,2.0,20.0,0.11508849115088492,,,,,,,,,,,,0.40845915408459155,0.5754424557544245,,
pelt_l2_weekday_adjusted,daily,family,all,summary,1,186,110,389,463,0.5886889460154242,316,0.6825053995680346,273.57,15.714419947915035,242.0,306.0,0.0030996900309969004,0.0026041666666666665,302.7985,17.87135798683551,267.0,337.0,0.23947605239476052,273.60526315789474,13.14034900334936,250.5,300.125,0.012987012987012988,76,304.1878,17.637523618238998,269.0,338.0,0.2646735326467353,,,,
pelt_l2_weekday_adjusted,daily,family,scaffolding,summary,1,126,88,389,463,0.5038560411311054,276,0.5961123110151187,234.2007,15.592386980933236,204.0,266.0,0.004199580041995801,0.0026041666666666665,261.3862,18.226762494944207,225.0,296.0,0.22107789221077892,235.0921052631579,14.632546036448064,208.75,270.125,0.012987012987012988,76,264.129,17.825182543617085,229.0,299.0,0.2635736426357364,,,,
pelt_l2_weekday_adjusted,daily,family,roster only,changelog categories,1,60,43,389,463,0.2827763496143959,165,0.3563714902807775,131.6153,14.408694144741073,105.0,159.0,0.0051994800519948,0.005208333333333333,137.6285,15.70901540729102,108.0,169.0,0.047595240475952406,134.6578947368421,12.010609345162521,112.0,157.25,0.012987012987012988,76,138.6157,15.582467546556417,108.0,170.0,0.04999500049995,0.0415958404159584,0.3163683631636836,0.1168831168831169,0.3303669633036696
pelt_l2_weekday_adjusted,daily,family,prompt (goal pooled),changelog categories,1,55,49,389,463,0.3239074550128534,190,0.4103671706263499,150.9443,16.042229671192292,123.0,187.0,0.013298670132986702,0.013020833333333334,161.0625,16.78696440597277,128.0,194.0,0.0471952804719528,150.10526315789474,15.767121020121522,121.75,184.0,0.012987012987012988,76,163.942,16.454139596800164,132.0,196.0,0.0627937206279372,0.071992800719928,0.3163683631636836,0.1168831168831169,0.3303669633036696
pelt_l2_weekday_adjusted,daily,family,prompt without goal,changelog categories,1,39,36,389,463,0.2544987146529563,152,0.3282937365010799,117.2845,14.724090451839917,89.0,149.0,0.011998800119988001,0.013020833333333334,125.4307,15.251178884130091,96.0,156.0,0.0451954804519548,115.27631578947368,14.754523540673238,88.75,147.25,0.025974025974025976,76,126.0232,14.933906518938427,97.0,156.0,0.0471952804719528,0.071992800719928,0.3163683631636836,0.15584415584415584,0.3303669633036696
pelt_l2_weekday_adjusted,daily,family,tool,changelog categories,1,54,43,389,463,0.30077120822622105,159,0.3434125269978402,138.8203,14.36548797063516,110.0,170.0,0.0780921907809219,0.078125,152.5373,16.465756005178815,120.0,185.0,0.35696430356964304,138.68421052631578,14.329652730210213,110.875,169.625,0.1038961038961039,76,153.7312,16.19121867297862,122.0,186.0,0.38536146385361464,0.23427657234276572,0.6803319668033196,0.3116883116883117,0.9161083891610838
pelt_l2_weekday_adjusted,daily,family,memory,changelog categories,1,18,17,389,463,0.10539845758354756,64,0.13822894168466524,49.9429,10.13963119655149,31.0,72.0,0.0907909209079092,0.0859375,59.1967,11.3440944088894,38.0,82.0,0.3401659834016598,49.71052631578947,9.276228816314935,35.875,69.5,0.11688311688311688,76,58.3236,10.745484148374064,39.0,80.0,0.3053694630536946,0.23427657234276572,0.6803319668033196,0.3116883116883117,0.9161083891610838
pelt_l2_weekday_adjusted,daily,family,model,changelog categories,1,51,40,389,463,0.29562982005141386,186,0.4017278617710583,137.7147,13.794967706500888,110.0,164.0,0.00009999000099990002,0.0,140.13,15.88725717340943,109.0,172.0,0.0033996600339966003,141.47368421052633,12.46164642328402,117.0,165.875,0.012987012987012988,76,142.1414,15.910723464133087,112.0,173.0,0.0037996200379962005,0.0008999100089991002,0.030596940305969402,0.1168831168831169,0.03419658034196581
pelt_l2_weekday_adjusted,daily,family,goal,changelog categories,1,16,15,389,463,0.09768637532133675,60,0.12958963282937366,46.2889,10.806336774386043,27.0,69.0,0.0938906109389061,0.09635416666666667,51.5121,10.562651681801077,32.0,73.0,0.2248775122487751,48.56578947368421,10.699950811495398,29.875,72.375,0.15584415584415584,76,55.6953,10.42124359862172,36.0,77.0,0.34566543345665435,0.23427657234276572,0.6746325367463253,0.3116883116883117,0.9161083891610838
pelt_l2_weekday_adjusted,daily,family,chat,changelog categories,1,29,25,389,463,0.16966580976863754,107,0.23110151187904968,79.7046,13.276963757450785,55.0,106.02499999999964,0.025097490250974904,0.026041666666666668,85.9376,13.111594015594099,61.0,113.0,0.062993700629937,83.40789473684211,12.410938864919606,56.875,107.125,0.05194805194805195,76,90.3399,13.076684134626625,66.0,117.0,0.11308869113088692,0.10038996100389962,0.3163683631636836,0.2077922077922078,0.45235476452354767
pelt_l2_weekday_adjusted,daily,family,other,changelog categories,1,12,12,389,463,0.08740359897172237,66,0.14254859611231102,40.2268,8.680282051272814,23.0,58.0,0.006399360063993601,0.005208333333333333,41.6147,9.658197139590738,24.0,62.0,0.0117988201179882,39.89473684210526,8.71409424992014,26.5,55.375,0.025974025974025976,76,41.9084,9.206849952541035,25.0,61.0,0.008899110088991101,0.044795520447955206,0.0943905609439056,0.15584415584415584,0.07119288071192881
pelt_l2_weekday_adjusted,daily,family,village goal transitions,goals and monitor,1,51,51,389,463,0.37532133676092544,223,0.4816414686825054,174.3831,25.00314080460712,130.0,219.0,0.012198780121987801,0.013020833333333334,159.8199,16.47241324244274,128.0,193.0,0.00009999000099990002,190.81578947368422,13.339375823794043,168.75,215.0,0.012987012987012988,76,192.8932,14.28092392805255,165.0,220.0,0.016998300169983,0.060993900609939006,0.0006999300069993001,0.03896103896103896,0.033996600339966
pelt_l2_weekday_adjusted,daily,family,scaffolding + goal transitions,goals and monitor,1,177,118,389,463,0.6401028277634961,346,0.7473002159827213,297.0685,16.173625640734876,264.0,329.0,0.0027997200279972004,0.0026041666666666665,316.0021,17.599649722566518,280.0,350.0,0.042995700429957005,303.8157894736842,12.205693235880585,284.625,332.75,0.012987012987012988,76,331.3281,16.25809592044209,299.0,362.0,0.19288071192880712,0.016798320167983202,0.21497850214978503,0.03896103896103896,0.19288071192880712
pelt_l2_weekday_adjusted,daily,family,agent goal changes,goals and monitor,1,33,8,55,54,0.18013468013468012,28,0.5185185185185185,9.7959,5.002613897212182,1.0,20.0,0.00009999000099990002,0.0,10.5462,4.55819517729632,3.0,21.0,0.0011998800119988001,11.4,4.3256341860022225,2.9,15.775,0.09090909090909091,10,12.4357,5.210506736205684,4.0,24.0,0.0030996900309969004,0.0006999300069993001,0.007199280071992801,0.09090909090909091,0.009299070092990702
pelt_l2_weekday_adjusted,daily,family,monitor likely-scaffolding-issue (medium/high),goals and monitor,1,55,55,64,78,1.0,77,0.9871794871794872,76.3713,1.1343566399059202,73.0,77.0,0.6727327267273273,0.6779661016949152,76.2749,1.416026307329883,71.0,77.0,0.674932506749325,,,,,,,,,,,,1.0,1.0,,
pelt_l2_weekday_adjusted,daily,family,monitor emotional-or-erratic (medium/high),goals and monitor,1,60,60,64,78,1.0,77,0.9871794871794872,76.6152,1.0473961351209897,73.0,77.0,0.8253174682531746,0.8305084745762712,76.7862,0.6472491430240094,75.0,77.0,0.8722127787221278,,,,,,,,,,,,1.0,1.0,,
pelt_l2_weekday_adjusted,daily,family,monitor likely-scaffolding-issue (high),goals and monitor,1,4,4,64,78,0.171875,13,0.16666666666666666,13.2596,5.814773340285922,4.0,25.0,0.5672432756724327,0.559322033898305,12.9508,5.970874684202427,3.0,26.0,0.48325167483251674,,,,,,,,,,,,1.0,1.0,,
pelt_l2_weekday_adjusted,daily,family,monitor emotional-or-erratic (high),goals and monitor,1,8,8,64,78,0.234375,22,0.28205128205128205,19.1132,7.43840834801876,6.0,33.0,0.38646135386461355,0.3898305084745763,24.1141,7.432348563577804,11.0,39.0,0.6156384361563844,,,,,,,,,,,,1.0,1.0,,
pelt_l2_weekday_adjusted,daily,family,all,summary,2,186,110,389,463,0.7326478149100256,364,0.7861771058315334,341.0371,13.302511765524855,315.0,365.0,0.040995900409959006,0.042105263157894736,381.3174,16.697806410241178,347.0,412.0,0.8567143285671432,340.67105263157896,12.181284177397977,318.875,360.875,0.03896103896103896,76,381.0602,16.55977652566175,348.0,412.0,0.8533146685331466,,,,
pelt_l2_weekday_adjusted,daily,family,scaffolding,summary,2,126,88,389,463,0.6349614395886889,315,0.6803455723542117,296.0862,14.892775061582832,266.0,325.0,0.102989701029897,0.10526315789473684,343.0072,18.43360322706316,306.0,378.0,0.938006199380062,294.9868421052632,14.673780172859464,266.625,321.5,0.1038961038961039,76,342.8395,18.376275697236643,306.0,378.0,0.9358064193580642,,,,
pelt_l2_weekday_adjusted,daily,family,roster only,changelog categories,2,60,43,389,463,0.4164524421593831,208,0.44924406047516197,195.2006,14.460901472838431,171.0,223.0,0.21127887211278873,0.2131578947368421,206.3806,18.39840737073125,170.0,243.0,0.46915308469153083,195.75,15.112136403125358,169.5,225.0,0.2597402597402597,76,206.0869,18.62181585110752,171.0,242.0,0.46315368463153683,0.7924207579242076,1.0,0.9090909090909092,1.0
pelt_l2_weekday_adjusted,daily,family,prompt (goal pooled),changelog categories,2,55,49,389,463,0.4498714652956298,243,0.5248380129589633,210.2369,16.823777291031696,179.0,243.0,0.029997000299970003,0.031578947368421054,233.3467,19.023277520415924,197.0,270.0,0.31466853314668536,209.5921052631579,16.947115885663415,177.875,237.25,0.025974025974025976,76,233.5898,19.080024651296167,196.0,271.0,0.32456754324567544,0.23997600239976002,1.0,0.2077922077922078,1.0
pelt_l2_weekday_adjusted,daily,family,prompt without goal,changelog categories,2,39,36,389,463,0.37532133676092544,215,0.46436285097192226,173.3887,15.99224773159642,144.0,206.0,0.006299370062993701,0.005263157894736842,185.4644,17.814574610325522,151.0,220.02499999999964,0.052894710528947106,174.5921052631579,17.234212200603732,140.125,205.125,0.012987012987012988,76,185.5,18.130556298888646,151.0,222.0,0.05829417058294171,0.056694330566943306,0.47605239476052397,0.1168831168831169,0.5246475352464753
pelt_l2_weekday_adjusted,daily,family,tool,changelog categories,2,54,43,389,463,0.4087403598971722,200,0.4319654427645788,188.7544,15.437049941329112,158.0,220.0,0.22527747225277472,0.23157894736842105,217.8373,18.857878742559222,181.0,255.0,0.8342165783421658,190.32894736842104,14.803052079797363,165.75,221.125,0.2597402597402597,76,218.1062,18.9388698089132,181.0,254.0,0.8346165383461653,0.7924207579242076,1.0,0.9090909090909092,1.0
pelt_l2_weekday_adjusted,daily,family,memory,changelog categories,2,18,17,389,463,0.15938303341902313,86,0.1857451403887689,75.6459,11.971534778569348,54.0,100.0,0.17848215178482152,0.18157894736842106,94.3453,13.764461992805789,68.0,122.0,0.7361263873612639,76.46052631578948,11.38003021609777,55.0,101.5,0.18181818181818182,76,94.443,13.644558197202272,69.0,122.0,0.7384261573842615,0.7924207579242076,1.0,0.9090909090909092,1.0
pelt_l2_weekday_adjusted,daily,family,model,changelog categories,2,51,40,389,463,0.4164524421593831,222,0.4794816414686825,194.8859,14.142633510003003,168.0,227.0,0.0344965503449655,0.034210526315789476,203.5033,18.6029889058082,167.0,240.0,0.16548345165483452,195.52631578947367,14.017582943537283,168.125,222.25,0.03896103896103896,76,203.6184,18.519867169825996,167.0,240.0,0.16478352164783522,0.2414758524147585,1.0,0.2727272727272727,1.0
pelt_l2_weekday_adjusted,daily,family,goal,changelog categories,2,16,15,389,463,0.14652956298200515,81,0.17494600431965443,69.9447,11.492791233422519,49.0,93.0,0.15848415158484153,0.15789473684210525,82.8944,13.042747408655762,58.0,108.0,0.5683431656834317,70.53947368421052,11.609698002932644,51.375,94.375,0.18181818181818182,76,84.2742,12.847502488500215,60.0,110.0,0.611038896110389,0.7924207579242076,1.0,0.9090909090909092,1.0
pelt_l2_weekday_adjusted,daily,family,chat,changelog categories,2,29,25,389,463,0.2519280205655527,128,0.27645788336933047,118.6261,14.170906119512077,92.0,147.0,0.26247375262473754,0.2657894736842105,133.2792,15.845931866434096,103.0,165.0,0.6354364563543645,116.77631578947368,12.80166518773817,95.5,140.0,0.22077922077922077,76,133.0009,15.777020968137899,103.0,164.0,0.6327367263273672,0.7924207579242076,1.0,0.9090909090909092,1.0
pelt_l2_weekday_adjusted,daily,family,other,changelog categories,2,12,12,389,463,0.13367609254498714,78,0.16846652267818574,61.7542,9.933783285588452,39.0,80.0,0.05319468053194681,0.05526315789473684,67.4278,11.808553313303682,45.0,92.0,0.1944805519448055,61.5921052631579,10.866680120538438,43.25,80.125,0.06493506493506493,76,66.6977,11.796975526513451,44.0,91.0,0.1775822417758224,0.31916808319168083,1.0,0.3896103896103896,1.0
pelt_l2_weekday_adjusted,daily,family,village goal transitions,goals and monitor,2,51,51,389,463,0.5886889460154242,298,0.6436285097192225,274.6519,13.24328753959853,250.0,299.0,0.030996900309969003,0.031578947368421054,234.1651,18.77446910192152,198.0,271.0,0.0008999100089991,274.4605263157895,13.306079602421025,250.875,295.375,0.03896103896103896,76,267.772,17.045963524754146,235.0,301.0,0.03949605039496051,0.18598140185981402,0.0062993700629937,0.11688311688311688,0.07899210078992101
pelt_l2_weekday_adjusted,daily,family,scaffolding + goal transitions,goals and monitor,2,177,118,389,463,0.7840616966580977,385,0.8315334773218143,365.0311,10.951179188679284,343.0,386.0,0.03519648035196481,0.034210526315789476,392.3392,15.6473329121204,360.0,421.0,0.7011298870112989,362.55263157894734,11.042215643420004,344.25,384.25,0.03896103896103896,76,401.3639,14.918549966511838,371.0,429.0,0.8664133586641336,0.18598140185981402,1.0,0.11688311688311688,0.8664133586641336
pelt_l2_weekday_adjusted,daily,family,agent goal changes,goals and monitor,2,33,8,55,54,0.26565656565656565,32,0.5925925925925926,15.0156,5.589640511527088,4.0,25.0,0.00009999000099990002,0.0,16.2809,5.406747495662081,7.0,28.0,0.0044995500449955,15.6,6.586180818788517,3.8,22.775,0.09090909090909091,10,16.307,5.942026739099784,6.0,29.0,0.004299570042995701,0.0006999300069993001,0.026997300269973,0.11688311688311688,0.012898710128987103
pelt_l2_weekday_adjusted,daily,family,monitor likely-scaffolding-issue (medium/high),goals and monitor,2,55,55,64,78,1.0,78,1.0,77.9455,0.29586906538262,77.0,78.0,0.9635036496350365,0.9636363636363636,77.9179,0.4925280178678554,77.0,78.0,0.9598040195980402,,,,,,,,,,,,1.0,1.0,,
pelt_l2_weekday_adjusted,daily,family,monitor emotional-or-erratic (medium/high),goals and monitor,2,60,60,64,78,1.0,78,1.0,77.9464,0.29484866215290406,77.0,78.0,0.9645035496450355,0.9636363636363636,77.9907,0.1407675088546889,78.0,78.0,0.994000599940006,,,,,,,,,,,,1.0,1.0,,
pelt_l2_weekday_adjusted,daily,family,monitor likely-scaffolding-issue (high),goals and monitor,2,4,4,64,78,0.28125,26,0.3333333333333333,20.9154,6.792500029125105,9.0,33.0,0.27617238276172384,0.2727272727272727,20.1701,7.463721370983135,7.0,36.0,0.23367663233676633,,,,,,,,,,,,1.0,1.0,,
pelt_l2_weekday_adjusted,daily,family,monitor emotional-or-erratic (high),goals and monitor,2,8,8,64,78,0.328125,27,0.34615384615384615,28.1155,8.677458705113951,11.0,41.0,0.5353464653534646,0.5272727272727272,35.6849,8.722065089870815,19.0,53.0,0.8494150584941506,,,,,,,,,,,,1.0,1.0,,
pelt_l2_weekday_adjusted,daily,family,all,summary,3,186,110,389,463,0.8123393316195373,392,0.8466522678185745,379.5177,12.249158783324262,354.0,402.0,0.1730826917308269,0.1702127659574468,421.4253,14.17111505705165,391.0,446.0,0.9739026097390261,380.2972972972973,11.928703416468817,361.3,404.35,0.16,74,421.2841,14.02144241063406,392.0,446.0,0.9751024897510249,,,,
pelt_l2_weekday_adjusted,daily,family,scaffolding,summary,3,126,88,389,463,0.717223650385604,342,0.7386609071274298,335.4826,14.031043591209666,308.0,361.0,0.35296470352964704,0.3537234042553192,391.8536,17.313351560406364,356.0,424.0,0.9971002899710029,337.47297297297297,13.33264915559203,314.825,360.875,0.37333333333333335,74,391.9951,17.25501230179085,357.0,424.0,0.9973002699730027,,,,
pelt_l2_weekday_adjusted,daily,family,roster only,changelog categories,3,60,43,389,463,0.5089974293059126,241,0.5205183585313174,238.8995,14.83704194006855,211.0,267.0,0.46755324467553244,0.46808510638297873,260.8516,20.4433453836951,221.0,301.0,0.838016198380162,238.3108108108108,15.990515746971019,205.65,269.175,0.4533333333333333,74,260.6397,20.185644154522127,222.0,300.0,0.8402159784021598,0.8675132486751325,1.0,1.0,1.0
pelt_l2_weekday_adjusted,daily,family,prompt (goal pooled),changelog categories,3,55,49,389,463,0.5449871465295629,278,0.6004319654427646,255.374,17.185024192757208,223.0,288.0,0.09989001099890012,0.09840425531914894,288.1922,20.7941121154491,247.0,328.0,0.7001299870012999,255.32432432432432,16.67342082075468,228.95,286.525,0.12,74,289.1892,20.510462483014045,249.0,328.0,0.7137286271372862,0.7991200879912009,1.0,0.7466666666666667,1.0
pelt_l2_weekday_adjusted,daily,family,prompt without goal,changelog categories,3,39,36,389,463,0.480719794344473,261,0.5637149028077754,221.7649,16.17749668922584,191.0,253.0,0.0059994000599940004,0.005319148936170213,235.2298,20.24202968915404,196.0,275.0,0.10528947105289471,223.44594594594594,16.317183053197592,197.25,252.52499999999998,0.013333333333333334,74,236.9518,20.02427961094715,198.0,276.0,0.11998800119988001,0.053994600539946,0.9476052394760524,0.12000000000000001,1.0
pelt_l2_weekday_adjusted,daily,family,tool,changelog categories,3,54,43,389,463,0.4910025706940874,243,0.5248380129589633,227.0817,15.356607947420066,198.0,259.0,0.15128487151284872,0.15425531914893617,269.6575,21.01364202286473,228.0,311.0,0.8999100089991001,228.63513513513513,15.439297241019643,205.475,260.0,0.2,74,270.237,20.876202063144966,228.0,311.0,0.9064093590640936,0.8675132486751325,1.0,1.0,1.0
pelt_l2_weekday_adjusted,daily,family,memory,changelog categories,3,18,17,389,463,0.20822622107969155,112,0.24190064794816415,99.3142,13.164209357223095,73.0,128.0,0.1713828617138286,0.18085106382978725,126.0618,15.965615266787706,95.0,158.0,0.8174182581741826,101.01351351351352,13.497329257121846,74.825,127.87499999999999,0.21333333333333335,74,128.2535,16.02119551158908,97.0,160.0,0.855014498550145,0.8675132486751325,1.0,1.0,1.0
pelt_l2_weekday_adjusted,daily,family,model,changelog categories,3,51,40,389,463,0.506426735218509,250,0.5399568034557235,237.4852,14.30948835932685,211.0,266.0,0.19668033196680332,0.20212765957446807,254.7352,20.58310101429657,214.0,295.0,0.6042395760423958,237.25675675675674,14.60067629397324,206.825,264.875,0.2,74,254.6571,20.50740780711928,214.0,294.0,0.6023397660233977,0.8675132486751325,1.0,1.0,1.0
pelt_l2_weekday_adjusted,daily,family,goal,changelog categories,3,16,15,389,463,0.18251928020565553,103,0.2224622030237581,87.6111,12.096928963957584,65.0,114.0,0.10588941105889411,0.10106382978723404,112.1963,15.321587431272954,82.97500000000002,143.0,0.732026797320268,86.79729729729729,11.640717072637669,64.475,108.69999999999999,0.08,74,110.8123,14.662372496520563,83.0,140.0,0.7132286771322868,0.7991200879912009,1.0,0.64,1.0
pelt_l2_weekday_adjusted,daily,family,chat,changelog categories,3,29,25,389,463,0.3239074550128534,160,0.34557235421166305,153.4602,15.620352604904607,124.0,184.0,0.34396560343965604,0.3404255319148936,174.9353,18.37121291739894,139.0,211.0,0.7988201179882012,148.3108108108108,13.989159869489237,122.825,173.0,0.24,74,170.6117,17.56851127354953,137.0,205.0,0.7344265573442655,0.8675132486751325,1.0,1.0,1.0
pelt_l2_weekday_adjusted,daily,family,other,changelog categories,3,12,12,389,463,0.17480719794344474,93,0.20086393088552915,80.4473,10.955575072652156,56.0,101.0,0.14458554144585542,0.14361702127659576,91.7103,13.806079627956278,65.0,119.0,0.46865313468653136,79.01351351351352,11.256040379296923,57.65,100.0,0.10666666666666667,74,89.2278,13.564383746069744,63.0,116.0,0.40075992400759924,0.8675132486751325,1.0,0.7466666666666667,1.0
pelt_l2_weekday_adjusted,daily,family,village goal transitions,goals and monitor,3,51,51,389,463,0.6503856041131105,313,0.6760259179265659,304.1396,13.039176118581464,279.0,332.0,0.256974302569743,0.2553191489361702,291.1732,20.57247978374132,250.0,331.0,0.1528847115288471,301.27027027027026,11.797721276721772,276.65,321.0,0.17333333333333334,74,311.4268,17.46752281221695,277.0,346.0,0.47855214478552144,1.0,0.7644235576442355,0.3466666666666667,0.9571042895710429
pelt_l2_weekday_adjusted,daily,family,scaffolding + goal transitions,goals and monitor,3,177,118,389,463,0.8226221079691517,392,0.8466522678185745,384.0327,10.402742542966328,364.0,404.0,0.23797620237976203,0.24468085106382978,429.149,13.128999812004201,401.0,452.0,0.9936006399360064,384.0810810810811,10.316573654365026,365.65,401.35,0.29333333333333333,74,432.7364,12.256807821525038,406.0,454.0,0.9978002199780022,1.0,1.0,0.3466666666666667,0.9978002199780022
pelt_l2_weekday_adjusted,daily,family,agent goal changes,goals and monitor,3,33,8,55,54,0.3323232323232323,32,0.5925925925925926,19.7397,4.82492195762685,12.0,28.0,0.00009999000099990002,0.0,21.3283,5.714068967768664,11.0,33.0,0.03899610038996101,18.875,5.0832357523811265,13.175,26.475,0.1111111111111111,8,19.7893,5.69488794313536,9.0,31.0,0.019098090190980903,0.0006999300069993001,0.27297270272972707,0.3333333333333333,0.05729427057294271
pelt_l2_weekday_adjusted,daily,family,monitor likely-scaffolding-issue (medium/high),goals and monitor,3,55,55,64,78,1.0,78,1.0,78.0,0.0,78.0,78.0,1.0,1.0,77.9978,0.07871327447106871,78.0,78.0,0.9991000899910009,,,,,,,,,,,,1.0,1.0,,
pelt_l2_weekday_adjusted,daily,family,monitor emotional-or-erratic (medium/high),goals and monitor,3,60,60,64,78,1.0,78,1.0,78.0,0.0,78.0,78.0,1.0,1.0,78.0,0.0,78.0,78.0,1.0,,,,,,,,,,,,1.0,1.0,,
pelt_l2_weekday_adjusted,daily,family,monitor likely-scaffolding-issue (high),goals and monitor,3,4,4,64,78,0.390625,39,0.5,28.7021,7.463573278437632,14.0,39.0,0.056894310568943104,0.058823529411764705,26.0101,8.201787910114005,11.0,43.0,0.071992800719928,,,,,,,,,,,,0.3413658634136586,0.431956804319568,,
pelt_l2_weekday_adjusted,daily,family,monitor emotional-or-erratic (high),goals and monitor,3,8,8,64,78,0.421875,38,0.48717948717948717,35.777,9.788935249828375,18.0,51.0,0.5082491750824918,0.5098039215686274,44.6908,9.326226096836862,26.0,62.0,0.771022897710229,,,,,,,,,,,,1.0,1.0,,
pelt_l2_weekday_adjusted,daily,lexical,all,summary,0,186,110,389,200,0.32904884318766064,74,0.37,65.7986,7.470449705464871,52.0,80.0,0.1523847615238476,0.15206185567010308,64.8181,7.548146119477557,50.0,80.0,0.12398760123987601,64.53947368421052,6.978903045557965,51.625,77.25,0.11688311688311688,76,65.1318,7.602302826172217,50.0,80.0,0.13538646135386462,,,,
pelt_l2_weekday_adjusted,daily,lexical,scaffolding,summary,0,126,88,389,200,0.2750642673521851,64,0.32,54.8629,7.199589363199812,42.0,70.0,0.12588741125887412,0.12886597938144329,54.2189,7.295046576990172,40.0,69.0,0.10338966103389662,54.75,6.048966853934646,41.875,65.125,0.09090909090909091,76,55.421,7.2924259987808435,41.0,70.0,0.1344865513448655,,,,
pelt_l2_weekday_adjusted,daily,lexical,roster only,changelog categories,0,60,43,389,200,0.11053984575835475,23,0.115,22.1502,4.783443121101084,12.0,32.0,0.45485451454854514,0.45103092783505155,22.1704,5.034073701268484,13.0,33.0,0.45815418458154183,21.894736842105264,5.191220658941841,12.0,31.25,0.4155844155844156,76,22.0095,5.0051688204787,13.0,32.0,0.45145485451454853,1.0,1.0,1.0,1.0
pelt_l2_weekday_adjusted,daily,lexical,prompt (goal pooled),changelog categories,0,55,49,389,200,0.14395886889460155,37,0.185,28.7187,5.614314059814985,19.0,39.0,0.08259174082591741,0.08505154639175258,29.2053,5.695717341090845,18.0,41.0,0.1055894410558944,29.31578947368421,5.829146367043895,20.625,41.125,0.1038961038961039,76,29.7218,5.6901882731820415,19.0,41.0,0.11868813118688132,0.578142185781422,0.7391260873912608,0.7272727272727273,0.8308169183081693
pelt_l2_weekday_adjusted,daily,lexical,prompt without goal,changelog categories,0,39,36,389,200,0.11053984575835475,31,0.155,22.1123,4.901580485835758,13.0,31.0,0.0418958104189581,0.041237113402061855,22.6281,5.08153250380815,13.0,33.0,0.061993800619938005,21.657894736842106,5.579850969524657,11.875,33.125,0.06493506493506493,76,22.1583,4.994450476634677,13.0,32.0,0.05089491050894911,0.3351664833516648,0.49595040495950404,0.5194805194805194,0.40715928407159285
pelt_l2_weekday_adjusted,daily,lexical,tool,changelog categories,0,54,43,389,200,0.15167095115681234,35,0.175,30.4235,6.024365281729252,19.0,43.0,0.24087591240875914,0.23969072164948454,30.238,5.876683549499164,19.0,42.0,0.22997700229977003,29.842105263157894,5.331798024629084,20.875,40.125,0.18181818181818182,76,30.4611,5.799762970592118,19.975000000000023,42.0,0.23707629237076291,1.0,1.0,1.0,1.0
pelt_l2_weekday_adjusted,daily,lexical,memory,changelog categories,0,18,17,389,200,0.046272493573264774,10,0.05,9.2759,3.219319119248534,4.0,16.0,0.46795320467953205,0.46134020618556704,9.2819,3.390955949024526,3.0,16.0,0.45065493450654937,8.986842105263158,3.5832700932812065,4.0,17.125,0.4155844155844156,76,9.0079,3.344152497359018,3.0,16.0,0.41875812418758124,1.0,1.0,1.0,1.0
pelt_l2_weekday_adjusted,daily,lexical,model,changelog categories,0,51,40,389,200,0.13367609254498714,26,0.13,26.7507,5.392889562728277,16.0,38.0,0.6049395060493951,0.6005154639175257,26.583,5.529120012878331,16.0,38.0,0.5660433956604339,25.342105263157894,5.2269879958511405,16.0,35.0,0.4025974025974026,76,25.4611,5.4224189300260885,15.0,36.0,0.4861513848615138,1.0,1.0,1.0,1.0
pelt_l2_weekday_adjusted,daily,lexical,goal,changelog categories,0,16,15,389,200,0.038560411311053984,9,0.045,7.6791,3.2921736027589845,2.0,15.0,0.36096390360963904,0.36855670103092786,7.7026,3.1392576724240695,2.0,14.0,0.3731626837316268,8.75,3.1203632267200345,5.0,15.0,0.45454545454545453,76,8.8235,3.225676401752799,3.0,16.0,0.5152484751524847,1.0,1.0,1.0,1.0
pelt_l2_weekday_adjusted,daily,lexical,chat,changelog categories,0,29,25,389,200,0.06940874035989718,18,0.09,13.8711,4.359080745810388,7.0,23.0,0.20127987201279873,0.19845360824742267,13.865,4.059165269149339,6.0,22.0,0.18018198180181982,14.144736842105264,4.219649108218743,8.0,22.125,0.2077922077922078,76,15.188,4.134315572924454,8.0,24.0,0.2820717928207179,1.0,1.0,1.0,1.0
pelt_l2_weekday_adjusted,daily,lexical,other,changelog categories,0,12,12,389,200,0.030848329048843187,15,0.075,6.1314,2.815692961365864,2.0,13.0,0.011998800119988001,0.01288659793814433,6.1616,2.7502075929246534,1.0,12.0,0.0052994700529947,6.434210526315789,3.1930571612621845,2.0,13.0,0.025974025974025976,76,7.5494,2.925271844040508,2.0,14.0,0.014198580141985802,0.107989201079892,0.0476952304769523,0.2337662337662338,0.12778722127787223
pelt_l2_weekday_adjusted,daily,lexical,village goal transitions,goals and monitor,0,51,51,389,200,0.13110539845758354,53,0.265,26.1329,7.365016085263741,15.0,43.0,0.00009999000099990002,0.0,26.3007,5.395497256886052,16.0,37.0,0.00009999000099990002,33.51315789473684,5.490582048204924,25.75,44.125,0.012987012987012988,76,35.0997,4.8527430203424275,26.0,45.0,0.00039996000399960006,0.0006999300069993001,0.0006999300069993001,0.03896103896103896,0.0011998800119988001
pelt_l2_weekday_adjusted,daily,lexical,scaffolding + goal transitions,goals and monitor,0,177,118,389,200,0.34704370179948585,94,0.47,69.3437,8.715467069906504,54.0,87.0,0.00009999000099990002,0.0,68.7838,7.765132792729875,54.0,84.0,0.0011998800119988001,73.5657894736842,6.7019112225608986,61.875,85.25,0.012987012987012988,76,75.4092,7.464377204610259,61.0,90.0,0.007499250074992501,0.0006999300069993001,0.007199280071992801,0.03896103896103896,0.014998500149985002
pelt_l2_weekday_adjusted,daily,lexical,agent goal changes,goals and monitor,0,33,8,55,27,0.052525252525252523,4,0.14814814814814814,1.3755,1.3071612819624463,0.0,4.0,0.09269073092690731,0.09259259259259259,1.4414,1.3602761025275387,0.0,5.0,0.08389161083891611,1.1,0.9944289260117533,0.0,2.7750000000000004,0.09090909090909091,10,1.3737,1.4880422497273715,0.0,5.0,0.1100889911008899,0.4634536546345366,0.41945805419458054,0.09090909090909091,0.1100889911008899
pelt_l2_weekday_adjusted,daily,lexical,monitor likely-scaffolding-issue (medium/high),goals and monitor,0,55,55,64,42,0.859375,35,0.8333333333333334,33.4438,2.3860031142238913,30.0,38.0,0.3545645435456454,0.36507936507936506,33.5275,2.4747234543717327,28.0,38.0,0.37466253374662534,,,,,,,,,,,,1.0,1.0,,
pelt_l2_weekday_adjusted,daily,lexical,monitor emotional-or-erratic (medium/high),goals and monitor,0,60,60,64,42,0.9375,39,0.9285714285714286,36.5387,1.8009515964248641,32.0,39.0,0.1596840315968403,0.15873015873015872,36.5489,1.7405492642192342,33.0,39.0,0.1267873212678732,,,,,,,,,,,,0.6387361263873612,0.5071492850714928,,
pelt_l2_weekday_adjusted,daily,lexical,monitor likely-scaffolding-issue (high),goals and monitor,0,4,4,64,42,0.0625,3,0.07142857142857142,2.4496,1.7128202519008033,0.0,7.0,0.400959904009599,0.3968253968253968,2.4315,1.7219768495618757,0.0,6.0,0.43295670432956707,,,,,,,,,,,,1.0,1.0,,
pelt_l2_weekday_adjusted,daily,lexical,monitor emotional-or-erratic (high),goals and monitor,0,8,8,64,42,0.125,4,0.09523809523809523,4.9406,2.08290794096836,2.0,11.0,0.7373262673732627,0.7301587301587301,4.8505,2.363494946226051,1.0,10.0,0.6951304869513049,,,,,,,,,,,,1.0,1.0,,
pelt_l2_weekday_adjusted,daily,lexical,all,summary,1,186,110,389,200,0.5886889460154242,127,0.635,118.3539,8.20840986971648,102.0,134.0,0.1601839816018398,0.15625,130.7597,8.433058019292625,114.0,147.0,0.6956304369563043,117.60526315789474,8.373098108216848,101.625,131.375,0.16883116883116883,76,130.7033,8.426337841965672,114.0,147.0,0.6924307569243076,,,,
pelt_l2_weekday_adjusted,daily,lexical,scaffolding,summary,1,126,88,389,200,0.5038560411311054,115,0.575,101.3401,8.537032276031772,86.0,119.0,0.046995300469953004,0.044270833333333336,113.1107,8.6295476369994,96.0,130.0,0.43975602439756023,100.71052631578948,7.7851410425650975,87.75,116.25,0.05194805194805195,76,113.0544,8.661613186600949,96.0,130.0,0.43575642435756423,,,,
pelt_l2_weekday_adjusted,daily,lexical,roster only,changelog categories,1,60,43,389,200,0.2827763496143959,63,0.315,56.9622,7.156877339267799,41.0,70.0,0.24347565243475652,0.2421875,59.529,7.4257978189097456,45.0,75.0,0.34056594340565943,56.96052631578947,7.450173670411867,44.0,70.375,0.22077922077922077,76,59.0746,7.467905449400128,45.0,74.0,0.3214678532146785,1.0,1.0,1.0,1.0
pelt_l2_weekday_adjusted,daily,lexical,prompt (goal pooled),changelog categories,1,55,49,389,200,0.32390745501285345,78,0.39,65.1856,7.378617556135022,52.0,80.0,0.054394560543945605,0.052083333333333336,69.6464,7.981863069096423,54.0,86.0,0.16048395160483953,63.96052631578947,6.6662148969735116,53.0,78.125,0.05194805194805195,76,69.6266,7.893339148946536,54.0,85.0,0.16058394160583941,0.43515648435156484,1.0,0.4155844155844156,1.0
pelt_l2_weekday_adjusted,daily,lexical,prompt without goal,changelog categories,1,39,36,389,200,0.2544987146529563,64,0.32,50.8173,6.748990709547596,38.0,64.0,0.028997100289971003,0.028645833333333332,54.172,7.253763003281178,40.0,68.0,0.10068993100689931,49.89473684210526,6.374070279642715,39.875,63.25,0.03896103896103896,76,54.2269,7.438262509814808,40.0,69.0,0.10648935106489352,0.260973902609739,0.9062093790620938,0.35064935064935066,0.9107089291070893
pelt_l2_weekday_adjusted,daily,lexical,tool,changelog categories,1,54,43,389,200,0.30077120822622105,66,0.33,60.1597,7.936075480954295,45.0,77.0,0.24297570242975702,0.24479166666666666,65.7715,7.912278316946169,50.97500000000002,81.0,0.5074492550744926,59.94736842105263,7.562882584203998,46.0,75.25,0.22077922077922077,76,65.602,7.885595365058122,50.0,82.0,0.49835016498350165,1.0,1.0,1.0,1.0
pelt_l2_weekday_adjusted,daily,lexical,memory,changelog categories,1,18,17,389,200,0.10539845758354756,26,0.13,21.6348,4.72009077091623,13.975000000000023,31.0,0.2106789321067893,0.20833333333333334,25.6191,5.313872308768003,16.0,36.0,0.49925007499250074,21.61842105263158,4.808234895158258,13.0,31.0,0.22077922077922077,76,25.7275,5.377595708451906,16.0,37.0,0.506049395060494,1.0,1.0,1.0,1.0
pelt_l2_weekday_adjusted,daily,lexical,model,changelog categories,1,51,40,389,200,0.29562982005141386,68,0.34,59.5721,7.2852940325641,45.0,74.0,0.1533846615338466,0.15364583333333334,60.4913,7.6397618356916475,46.0,76.0,0.17468253174682533,60.06578947368421,7.165352796740324,47.0,76.125,0.12987012987012986,76,60.8179,7.685977297305884,46.0,76.0,0.19238076192380762,0.9203079692030797,1.0,0.909090909090909,1.0
pelt_l2_weekday_adjusted,daily,lexical,goal,changelog categories,1,16,15,389,200,0.09768637532133675,22,0.11,20.0246,5.389554672693932,9.0,31.0,0.39136086391360864,0.3932291666666667,22.3354,5.031902109926662,13.0,33.0,0.5501449855014499,19.763157894736842,4.704234747693136,11.75,30.0,0.33766233766233766,76,22.3403,4.910082158241353,13.0,32.0,0.5531446855314468,1.0,1.0,1.0,1.0
pelt_l2_weekday_adjusted,daily,lexical,chat,changelog categories,1,29,25,389,200,0.16966580976863754,38,0.19,34.3387,6.9948320263968995,21.0,49.0,0.33386661333866613,0.3411458333333333,37.1808,6.242916687004247,25.0,50.0,0.47785221477852213,34.026315789473685,6.449751797210031,22.5,47.625,0.2077922077922078,76,37.532,6.193675174015515,26.0,50.0,0.49465053494650535,1.0,1.0,1.0,1.0
pelt_l2_weekday_adjusted,daily,lexical,other,changelog categories,1,12,12,389,200,0.08740359897172237,24,0.12,17.3533,4.86740672995667,8.0,27.0,0.11238876112388761,0.109375,18.0223,4.599838971296298,10.0,27.0,0.1192880711928807,16.44736842105263,5.15724664743273,8.875,27.125,0.12987012987012986,76,17.8548,4.37513784275585,10.0,27.0,0.10118988101189881,0.7867213278672133,0.9543045695430457,0.909090909090909,0.9107089291070893
pelt_l2_weekday_adjusted,daily,lexical,village goal transitions,goals and monitor,1,51,51,389,200,0.37532133676092544,83,0.415,75.5725,8.381000409663914,59.0,91.0,0.20987901209879012,0.2109375,68.9189,7.801192771036048,54.0,85.0,0.04179582041795821,72.36842105263158,6.0571546791391695,60.0,84.25,0.06493506493506493,76,73.5553,6.639273296452745,61.0,87.0,0.09069093090690931,1.0,0.29187081291870814,0.12987012987012986,0.1994800519948005
pelt_l2_weekday_adjusted,daily,lexical,scaffolding + goal transitions,goals and monitor,1,177,118,389,200,0.6401028277634961,144,0.72,128.3443,8.915924342472184,110.0,143.0,0.023697630236976304,0.026041666666666668,136.5475,8.351964995252805,120.0,153.0,0.20357964203579643,126.39473684210526,7.078754970319609,115.0,142.0,0.012987012987012988,76,139.0173,7.924953072297641,123.0,154.0,0.29127087291270876,0.14218578142185784,1.0,0.03896103896103896,0.29127087291270876
pelt_l2_weekday_adjusted,daily,lexical,agent goal changes,goals and monitor,1,33,8,55,27,0.1393939393939394,8,0.2962962962962963,3.9289,1.4865617298241125,2.0,7.0,0.018598140185981403,0.02,3.8719,1.9575171972061283,0.0,8.0,0.041695830416958304,3.7,1.636391694484477,2.0,6.550000000000001,0.09090909090909091,10,3.943,2.1220747677996674,1.0,8.0,0.0664933506649335,0.13018698130186981,0.29187081291870814,0.12987012987012986,0.1994800519948005
pelt_l2_weekday_adjusted,daily,lexical,monitor likely-scaffolding-issue (medium/high),goals and monitor,1,55,55,64,42,1.0,42,1.0,41.3949,1.1779188169283685,38.0,42.0,0.7090290970902909,0.711864406779661,41.3622,1.1498449349096747,38.0,42.0,0.6846315368463154,,,,,,,,,,,,1.0,1.0,,
pelt_l2_weekday_adjusted,daily,lexical,monitor emotional-or-erratic (medium/high),goals and monitor,1,60,60,64,42,1.0,42,1.0,41.6406,0.9140652009124688,38.0,42.0,0.827917208279172,0.8305084745762712,41.7897,0.6293755010739894,40.0,42.0,0.8766123387661234,,,,,,,,,,,,1.0,1.0,,
pelt_l2_weekday_adjusted,daily,lexical,monitor likely-scaffolding-issue (high),goals and monitor,1,4,4,64,42,0.171875,5,0.11904761904761904,6.9818,2.59579324566835,2.0,12.0,0.8111188881111889,0.8135593220338984,6.6483,2.829665671202356,2.0,13.0,0.7597240275972402,,,,,,,,,,,,1.0,1.0,,
pelt_l2_weekday_adjusted,daily,lexical,monitor emotional-or-erratic (high),goals and monitor,1,8,8,64,42,0.234375,9,0.21428571428571427,10.0502,2.6090919294018,6.0,16.0,0.7459254074592541,0.7457627118644068,12.4891,3.6124764620158927,6.0,20.0,0.8627137286271372,,,,,,,,,,,,1.0,1.0,,
pelt_l2_weekday_adjusted,daily,lexical,all,summary,2,186,110,389,200,0.7326478149100256,149,0.745,147.5318,7.84213865433833,132.0,163.0,0.45935406459354067,0.45526315789473687,164.6135,7.812043301982856,148.0,179.0,0.9738026197380262,147.17105263157896,7.570800323866667,131.0,160.25,0.4675324675324675,76,164.6026,7.711084185893201,149.0,179.0,0.9753024697530247,,,,
pelt_l2_weekday_adjusted,daily,lexical,scaffolding,summary,2,126,88,389,200,0.6349614395886889,138,0.69,127.8974,8.821068776822711,111.0,143.0,0.15248475152484753,0.14736842105263157,148.1014,8.702188853908245,130.0,164.0,0.8842115788421158,126.97368421052632,9.042084839549673,108.875,140.625,0.14285714285714285,76,148.2606,8.603829974437135,131.0,165.0,0.8889111088891111,,,,
pelt_l2_weekday_adjusted,daily,lexical,roster only,changelog categories,2,60,43,389,200,0.41645244215938304,85,0.425,84.384,8.185159966938242,67.0,99.0,0.5033496650334967,0.5,89.0642,8.91763594138482,72.0,106.0,0.6943305669433056,84.25,8.724104538575865,70.625,98.25,0.5064935064935064,76,88.8723,8.92898456637364,72.0,107.0,0.688931106889311,1.0,1.0,1.0,1.0
pelt_l2_weekday_adjusted,daily,lexical,prompt (goal pooled),changelog categories,2,55,49,389,200,0.4498714652956298,108,0.54,90.697,8.018729388257233,78.0,107.0,0.021997800219978002,0.02368421052631579,100.7357,9.157719797700153,83.0,119.0,0.22727727227277272,89.97368421052632,7.7200581763102045,75.875,103.125,0.025974025974025976,76,100.5149,9.205436002449831,82.0,118.0,0.22417758224177584,0.17598240175982402,1.0,0.2077922077922078,1.0
pelt_l2_weekday_adjusted,daily,lexical,prompt without goal,changelog categories,2,39,36,389,200,0.37532133676092544,88,0.44,74.8357,7.895057865770863,61.0,90.0,0.047295270472952705,0.05,80.1899,8.747198942457745,63.0,97.0,0.20057994200579943,74.8157894736842,7.311562580489963,62.875,88.375,0.06493506493506493,76,79.8719,8.7816856121259,63.0,97.0,0.1927807219278072,0.33106689331066896,1.0,0.4545454545454545,1.0
pelt_l2_weekday_adjusted,daily,lexical,tool,changelog categories,2,54,43,389,200,0.4087403598971722,79,0.395,81.7988,8.869835734589218,65.0,100.0,0.642935706429357,0.6447368421052632,94.1648,9.11338281510403,76.0,112.0,0.9572042795720428,81.90789473684211,8.114476991285715,66.0,97.0,0.6623376623376623,76,93.966,9.16464091300398,76.0,112.0,0.9552044795520448,1.0,1.0,1.0,1.0
pelt_l2_weekday_adjusted,daily,lexical,memory,changelog categories,2,18,17,389,200,0.15938303341902313,35,0.175,32.8505,5.663034234902219,22.0,44.0,0.39166083391660833,0.3894736842105263,40.7172,6.75080598878014,28.0,54.0,0.8221177882211779,32.578947368421055,5.755607486952151,21.875,44.125,0.33766233766233766,76,40.6066,6.745664299287645,28.0,54.0,0.8142185781421858,1.0,1.0,1.0,1.0
pelt_l2_weekday_adjusted,daily,lexical,model,changelog categories,2,51,40,389,200,0.41645244215938304,83,0.415,84.3952,7.886053255183759,69.0,99.0,0.557944205579442,0.5552631578947368,88.0413,9.002605122957466,71.0,106.0,0.7338266173382662,84.27631578947368,7.888554889560827,71.875,101.25,0.5714285714285714,76,87.6839,9.149576616719843,70.0,106.0,0.7102289771022897,1.0,1.0,1.0,1.0
pelt_l2_weekday_adjusted,daily,lexical,goal,changelog categories,2,16,15,389,200,0.14652956298200515,37,0.185,30.1919,6.580517054948726,16.0,44.0,0.1755824417558244,0.17894736842105263,35.9888,6.490938898863467,24.0,49.0,0.46315368463153683,30.13157894736842,6.526544987486427,18.75,46.0,0.15584415584415584,76,36.277,6.375981203989811,24.0,49.0,0.47695230476952305,1.0,1.0,0.935064935064935,1.0
pelt_l2_weekday_adjusted,daily,lexical,chat,changelog categories,2,29,25,389,200,0.2519280205655527,58,0.29,51.189,8.202426895785056,36.0,68.0,0.22817718228177183,0.22631578947368422,57.5483,7.827004108171333,43.0,73.0,0.49875012498750126,50.723684210526315,8.203411784878332,35.75,65.75,0.19480519480519481,76,58.0573,7.754652163251251,43.0,74.0,0.5249475052494751,1.0,1.0,0.974025974025974,1.0
pelt_l2_weekday_adjusted,daily,lexical,other,changelog categories,2,12,12,389,200,0.13367609254498714,41,0.205,26.6316,5.961965778465553,16.0,37.0,0.0033996600339966003,0.002631578947368421,29.0866,5.779570986161378,18.0,41.0,0.0268973102689731,26.210526315789473,6.152107041707871,15.875,37.0,0.012987012987012988,76,29.6354,5.815810279309366,18.0,41.0,0.0324967503249675,0.030596940305969402,0.2420757924207579,0.1168831168831169,0.29247075292470753
pelt_l2_weekday_adjusted,daily,lexical,village goal transitions,goals and monitor,2,51,51,389,200,0.5886889460154242,123,0.615,118.7761,9.0961004113999,100.0,135.0,0.35056494350564943,0.3473684210526316,101.4948,9.1607513281657,84.0,119.0,0.009999000099990002,117.72368421052632,9.797412834295288,98.625,138.25,0.3246753246753247,76,116.044,8.395160026538333,99.0,132.0,0.22087791220877911,1.0,0.06999300069993002,0.5454545454545454,0.44175582441755823
pelt_l2_weekday_adjusted,daily,lexical,scaffolding + goal transitions,goals and monitor,2,177,118,389,200,0.7840616966580977,170,0.85,157.7152,8.134464082568137,142.0,170.0,0.0337966203379662,0.034210526315789476,169.3958,7.385512638923175,154.0,183.0,0.5104489551044895,156.31578947368422,8.06343272858533,139.875,168.0,0.012987012987012988,76,173.4661,6.822411987012515,159.0,186.0,0.7301269873012699,0.23657634236576341,1.0,0.03896103896103896,0.7301269873012699
pelt_l2_weekday_adjusted,daily,lexical,agent goal changes,goals and monitor,2,33,8,55,27,0.22626262626262628,10,0.37037037037037035,6.5545,1.8107892328387025,4.0,11.0,0.08489151084891511,0.08695652173913043,6.1947,2.3860765381949953,2.0,11.0,0.0871912808719128,6.7,2.406010991015812,4.225,11.0,0.2727272727272727,10,6.4163,2.41602525396627,2.0,11.0,0.1171882811718828,0.5093490650934906,0.5231476852314768,0.5454545454545454,0.35156484351564843
pelt_l2_weekday_adjusted,daily,lexical,monitor likely-scaffolding-issue (medium/high),goals and monitor,2,55,55,64,42,1.0,42,1.0,41.9606,0.2779484943951913,42.0,42.0,0.9803019698030196,0.9818181818181818,41.9411,0.3813729598876319,41.0,42.0,0.9733026697330267,,,,,,,,,,,,1.0,1.0,,
pelt_l2_weekday_adjusted,daily,lexical,monitor emotional-or-erratic (medium/high),goals and monitor,2,60,60,64,42,1.0,42,1.0,41.9596,0.2813818714412099,42.0,42.0,0.9798020197980202,0.9818181818181818,41.9933,0.12106434511269515,42.0,42.0,0.9968003199680032,,,,,,,,,,,,1.0,1.0,,
pelt_l2_weekday_adjusted,daily,lexical,monitor likely-scaffolding-issue (high),goals and monitor,2,4,4,64,42,0.28125,8,0.19047619047619047,11.1967,3.0188607887821197,5.0,16.0,0.8754124587541245,0.8727272727272727,10.3563,3.5145676161589003,4.0,17.0,0.783021697830217,,,,,,,,,,,,1.0,1.0,,
pelt_l2_weekday_adjusted,daily,lexical,monitor emotional-or-erratic (high),goals and monitor,2,8,8,64,42,0.328125,12,0.2857142857142857,14.3441,2.351307732902157,10.0,19.0,0.8927107289271073,0.8909090909090909,18.429,4.346475374923743,10.0,27.0,0.9448055194480552,,,,,,,,,,,,1.0,1.0,,
pelt_l2_weekday_adjusted,daily,lexical,all,summary,3,186,110,389,200,0.8123393316195373,159,0.795,164.0644,6.929347315975909,151.0,176.0,0.7784221577842215,0.776595744680851,182.0028,6.49700032794567,168.0,194.0,0.9994000599940006,164.2027027027027,7.024379716640769,151.425,176.0,0.8,74,181.9197,6.5111359530530395,168.0,193.0,0.9995000499950005,,,,
pelt_l2_weekday_adjusted,daily,lexical,scaffolding,summary,3,126,88,389,200,0.7172236503856041,147,0.735,144.9585,8.627631271220116,128.0,160.0,0.45635436456354367,0.4521276595744681,169.3387,8.062287662830931,152.0,184.0,0.9943005699430058,145.21621621621622,8.615485055824232,126.0,159.0,0.4266666666666667,74,169.5622,8.144578845861684,152.0,184.0,0.9946005399460054,,,,
pelt_l2_weekday_adjusted,daily,lexical,roster only,changelog categories,3,60,43,389,200,0.5089974293059126,91,0.455,103.2533,8.491887324089532,87.0,118.0,0.936906309369063,0.9361702127659575,112.6359,9.730981471056197,94.0,132.0,0.9873012698730127,103.36486486486487,8.432770916131547,87.475,118.175,0.92,74,112.4048,9.810961342103313,93.0,131.0,0.9863013698630136,1.0,1.0,1.0,1.0
pelt_l2_weekday_adjusted,daily,lexical,prompt (goal pooled),changelog categories,3,55,49,389,200,0.5449871465295629,126,0.63,110.1944,8.2765608066321,95.0,128.0,0.041995800419958006,0.047872340425531915,124.3816,9.788736556692985,104.0,143.0,0.46115388461153883,110.02702702702703,8.63248559099357,96.0,128.175,0.06666666666666667,74,124.8057,9.95787444369247,105.0,144.0,0.4744525547445255,0.33596640335966405,1.0,0.5333333333333333,1.0
pelt_l2_weekday_adjusted,daily,lexical,prompt without goal,changelog categories,3,39,36,389,200,0.480719794344473,109,0.545,95.8426,8.56010238112124,81.0,112.0,0.07729227077292271,0.07712765957446809,101.6208,9.7092550859184,83.0,121.0,0.23997600239976002,96.0,9.050845718449635,82.825,114.52499999999999,0.09333333333333334,74,101.8019,9.841663590278953,83.0,121.0,0.24707529247075294,0.541045895410459,1.0,0.6533333333333333,1.0
pelt_l2_weekday_adjusted,daily,lexical,tool,changelog categories,3,54,43,389,200,0.4910025706940874,98,0.49,98.2404,9.340296138409924,80.0,116.0,0.5355464453554645,0.5292553191489362,116.5468,9.916796057417155,97.0,135.0,0.9703029697030296,97.77027027027027,9.128530163156169,80.0,115.0,0.5066666666666667,74,116.4643,9.89815754887172,97.0,136.0,0.9701029897010299,1.0,1.0,1.0,1.0
pelt_l2_weekday_adjusted,daily,lexical,memory,changelog categories,3,18,17,389,200,0.20822622107969152,42,0.21,43.1285,6.483887092569003,30.0,56.0,0.5845415458454155,0.5797872340425532,54.5556,7.86499170053249,39.0,70.0,0.9545045495450455,42.95945945945946,6.509085724131106,33.0,54.175,0.5866666666666667,74,54.5055,7.771010784374262,40.0,70.0,0.954904509549045,1.0,1.0,1.0,1.0
pelt_l2_weekday_adjusted,daily,lexical,model,changelog categories,3,51,40,389,200,0.506426735218509,90,0.45,102.7654,8.060040897286227,89.0,119.0,0.969003099690031,0.9680851063829787,110.0711,9.944040083553482,90.0,129.0,0.9794020597940206,102.70270270270271,7.887444035760436,87.475,118.0,0.9466666666666667,74,109.8305,10.00208847828256,90.0,129.0,0.9793020697930207,1.0,1.0,1.0,1.0
pelt_l2_weekday_adjusted,daily,lexical,goal,changelog categories,3,16,15,389,200,0.18251928020565555,48,0.24,37.7127,7.495864026765078,23.0,53.0,0.1161883811618838,0.11436170212765957,48.4312,7.418987174612834,35.0,63.0,0.5442455754424558,37.351351351351354,7.818896030459488,23.475,53.175,0.13333333333333333,74,48.7889,7.482522008224256,34.0,64.0,0.5658434156584341,0.6971302869713029,1.0,0.8,1.0
pelt_l2_weekday_adjusted,daily,lexical,chat,changelog categories,3,29,25,389,200,0.32390745501285345,70,0.35,66.0248,8.750522391503974,48.0,82.0,0.34156584341565843,0.3377659574468085,75.5307,8.897279003569952,58.0,93.0,0.7463253674632536,65.1891891891892,8.59543631009953,50.0,81.0,0.3333333333333333,74,76.3637,8.907511250942575,59.0,94.0,0.7762223777622238,1.0,1.0,1.0,1.0
pelt_l2_weekday_adjusted,daily,lexical,other,changelog categories,3,12,12,389,200,0.17480719794344474,51,0.255,34.5287,6.738213165347782,22.0,48.0,0.00009999000099990002,0.0,39.5813,6.925849193326756,26.0,53.0,0.06239376062393761,33.972972972972975,6.254801931695279,21.825,45.0,0.013333333333333334,74,40.8091,7.215279843243894,27.0,55.0,0.09159084091590841,0.0008999100089991002,0.5615438456154385,0.12000000000000001,0.8243175682431757
pelt_l2_weekday_adjusted,daily,lexical,village goal transitions,goals and monitor,3,51,51,389,200,0.6503856041131105,129,0.645,131.7245,9.110834236229305,115.0,148.0,0.6634336566343366,0.6595744680851063,125.933,9.915439606707281,106.0,145.0,0.40505949405059494,131.2972972972973,10.174814097093055,115.475,147.7,0.6,74,139.2522,8.289853275344061,123.0,155.0,0.8975102489751025,1.0,1.0,0.6666666666666666,1.0
pelt_l2_weekday_adjusted,daily,lexical,scaffolding + goal transitions,goals and monitor,3,177,118,389,200,0.8226221079691517,173,0.865,165.9647,7.824268389286167,150.0,178.0,0.25247475252474755,0.25,185.4789,5.84208591059552,173.0,196.0,0.9767023297670233,165.64864864864865,8.129824059887408,150.65,178.175,0.29333333333333333,74,187.9449,5.239943672499649,177.0,197.0,0.9932006799320068,1.0,1.0,0.6666666666666666,1.0
pelt_l2_weekday_adjusted,daily,lexical,agent goal changes,goals and monitor,3,33,8,55,27,0.31313131313131315,12,0.4444444444444444,9.337,2.0695070151919257,6.0,13.0,0.142985701429857,0.14285714285714285,8.2892,2.4849508763928934,3.0,13.0,0.1024897510248975,10.0,2.138089935299395,6.35,12.65,0.2222222222222222,8,8.547,2.385657170679308,4.0,13.0,0.11538846115388461,1.0,0.7174282571742825,0.6666666666666666,0.3461653834616538
pelt_l2_weekday_adjusted,daily,lexical,monitor likely-scaffolding-issue (medium/high),goals and monitor,3,55,55,64,42,1.0,42,1.0,42.0,0.0,42.0,42.0,1.0,1.0,41.9991,0.0387213111089152,42.0,42.0,0.9994000599940006,,,,,,,,,,,,1.0,1.0,,
pelt_l2_weekday_adjusted,daily,lexical,monitor emotional-or-erratic (medium/high),goals and monitor,3,60,60,64,42,1.0,42,1.0,42.0,0.0,42.0,42.0,1.0,1.0,42.0,0.0,42.0,42.0,1.0,,,,,,,,,,,,1.0,1.0,,
pelt_l2_weekday_adjusted,daily,lexical,monitor likely-scaffolding-issue (high),goals and monitor,3,4,4,64,42,0.390625,11,0.2619047619047619,15.7336,3.4350270713777658,9.0,23.0,0.9435056494350565,0.9411764705882353,14.0937,4.182328238786345,6.0,22.0,0.7918208179182081,,,,,,,,,,,,1.0,1.0,,
pelt_l2_weekday_adjusted,daily,lexical,monitor emotional-or-erratic (high),goals and monitor,3,8,8,64,42,0.421875,20,0.47619047619047616,18.857,2.5463698474377194,15.0,24.0,0.41005899410058994,0.4117647058823529,23.78,4.819950538368546,14.0,33.0,0.807919208079192,,,,,,,,,,,,1.0,1.0,,
pelt_rbf,all,agent,all,summary,0,186,110,389,571,0.32904884318766064,302,0.5288966725043783,237.0913,34.46255549263734,179.0,302.0,0.028497150284971504,0.028350515463917526,245.9774,24.44369936576435,199.0,295.0,0.014298570142985701,241.05263157894737,32.46450153088944,190.875,303.125,0.05194805194805195,76,248.552,24.161085898758373,201.0,296.02499999999964,0.0156984301569843,,,,
pelt_rbf,all,agent,scaffolding,summary,0,126,88,389,571,0.2750642673521851,243,0.425569176882662,201.8416,38.17730556372477,137.0,274.0,0.16998300169983002,0.16494845360824742,212.6133,25.22618082726581,165.0,262.0,0.12208779122087791,205.57894736842104,36.23746244165734,149.5,278.5,0.18181818181818182,76,216.7618,24.975020238702356,169.0,266.0,0.15608439156084392,,,,
pelt_rbf,all,agent,roster only,changelog categories,0,60,43,389,571,0.11053984575835475,139,0.2434325744308231,101.076,21.930830356646627,62.0,148.0,0.038196180381961806,0.03865979381443299,103.8295,18.263000396110897,70.0,141.0,0.033896610338966106,101.48684210526316,22.548018935035888,64.75,141.375,0.09090909090909091,76,104.852,18.110436073973453,71.0,141.0,0.035596440355964404,0.22917708229177083,0.20337966203379665,0.4545454545454546,0.21357864213578642
pelt_rbf,all,agent,prompt (goal pooled),changelog categories,0,55,49,389,571,0.14395886889460155,173,0.30297723292469353,120.193,19.308418695047255,83.0,155.0,0.0047995200479952005,0.005154639175257732,126.9684,20.74842767934757,88.0,169.0,0.016998300169983,121.80263157894737,17.98519371545539,93.25,156.5,0.025974025974025976,76,130.1286,20.56964688752113,91.0,171.0,0.0221977802219778,0.033596640335966405,0.11898810118988101,0.2077922077922078,0.1553844615538446
pelt_rbf,all,agent,prompt without goal,changelog categories,0,39,36,389,571,0.11053984575835475,111,0.19439579684763572,95.7004,21.214972244731655,58.0,139.0,0.23617638236176383,0.23195876288659795,99.9201,19.42487190575154,64.0,140.0,0.2856714328567143,95.27631578947368,20.299490098167837,59.375,135.25,0.2077922077922078,76,100.9561,18.933954215964114,66.0,140.0,0.29547045295470453,0.5083491650834917,0.5537446255374463,0.5714285714285714,0.5909409059094091
pelt_rbf,all,agent,tool,changelog categories,0,54,43,389,571,0.15167095115681234,140,0.24518388791593695,118.4622,38.52863632081564,57.0,193.0,0.31596840315968405,0.30412371134020616,125.1513,24.411058934217277,82.0,175.0,0.27687231276872315,121.97368421052632,40.26312578831423,59.125,197.375,0.35064935064935066,76,129.1682,25.316318854842148,84.0,181.0,0.33696630336966304,0.5083491650834917,0.5537446255374463,0.5714285714285714,0.5909409059094091
pelt_rbf,all,agent,memory,changelog categories,0,18,17,389,571,0.04627249357326478,86,0.15061295971978983,41.0016,12.187889559115249,20.0,67.0,0.00009999000099990002,0.0,45.4442,13.596513261762654,22.0,75.0,0.0064993500649935,37.69736842105263,12.110623145918467,19.875,66.0,0.012987012987012988,76,43.9723,13.156429678077082,22.0,74.0,0.004899510048995101,0.0008999100089991002,0.051994800519948,0.1168831168831169,0.039196080391960805
pelt_rbf,all,agent,model,changelog categories,0,51,40,389,571,0.13367609254498714,142,0.2486865148861646,111.4492,26.56217939660505,63.0,156.0,0.12708729127087293,0.12628865979381443,113.0072,23.887189201343766,72.0,162.0,0.13358664133586642,111.47368421052632,27.65862068588407,68.0,154.125,0.16883116883116883,76,114.4293,24.115181021621435,73.0,164.0,0.1466853314668533,0.5083491650834917,0.5343465653434657,0.5714285714285714,0.5867413258674132
pelt_rbf,all,agent,goal,changelog categories,0,16,15,389,571,0.038560411311053984,87,0.15236427320490367,35.6185,19.295957896645476,10.0,75.0,0.0017998200179982,0.002577319587628866,39.4437,12.717035920774189,18.0,68.0,0.0017998200179982,37.21052631578947,22.69820303576104,8.0,85.875,0.03896103896103896,76,42.5066,13.203749101639046,20.0,72.0,0.0024997500249975004,0.0143985601439856,0.0161983801619838,0.2727272727272727,0.022497750224977502
pelt_rbf,all,agent,chat,changelog categories,0,29,25,389,571,0.06940874035989718,84,0.14711033274956217,62.6638,18.621118230772726,32.0,101.0,0.1494850514948505,0.14690721649484537,65.7592,16.061258100198007,38.0,101.0,0.1347865213478652,64.44736842105263,18.51442301691097,33.0,104.5,0.14285714285714285,76,67.7216,16.195459941979827,40.0,103.0,0.16818318168183183,0.5083491650834917,0.5343465653434657,0.5714285714285714,0.5867413258674132
pelt_rbf,all,agent,other,changelog categories,0,12,12,389,571,0.03084832904884319,48,0.0840630472854641,29.9106,11.87406025631911,11.0,56.0,0.0805919408059194,0.08247422680412371,31.5691,11.382301211446077,13.0,58.0,0.09549045095490451,29.460526315789473,11.338948557338325,11.75,56.125,0.06493506493506493,76,31.7914,10.936226321022003,13.0,55.0,0.08709129087091291,0.402959704029597,0.4774522547745225,0.3896103896103896,0.4354564543545646
pelt_rbf,all,agent,village goal transitions,goals and monitor,0,51,51,389,571,0.13110539845758354,169,0.29597197898423816,131.0475,28.749506033316745,86.0,189.0,0.10798920107989202,0.11082474226804123,120.9459,19.301580979101928,85.0,161.0,0.0086991300869913,144.30263157894737,34.23799828138014,91.75,195.25,0.33766233766233766,76,146.5634,18.08093671432005,111.0,182.0,0.1156884311568843,0.53994600539946,0.0608939106089391,0.6753246753246753,0.27147285271472854
pelt_rbf,all,agent,scaffolding + goal transitions,goals and monitor,0,177,118,389,571,0.34704370179948585,285,0.4991243432574431,252.683,46.5351250432002,176.0,330.0749999999989,0.30316968303169683,0.2963917525773196,257.8653,23.932346972939435,212.0,304.0,0.13908609139086092,262.69736842105266,48.32280889651514,194.0,346.5,0.4025974025974026,76,272.8836,22.976649966528377,228.0,317.0,0.3070692930706929,0.9095090490950906,0.5563443655634437,0.6753246753246753,0.3070692930706929
pelt_rbf,all,agent,agent goal changes,goals and monitor,0,33,8,55,184,0.018181818181818177,20,0.10869565217391304,5.3657,3.1098441477125998,0.0,12.0,0.00009999000099990002,0.0,5.6088,3.4782714668696753,0.0,12.0,0.015898410158984102,5.0,3.4318767136623336,0.225,11.100000000000001,0.09090909090909091,10,6.3726,5.097447168609369,0.0,20.0,0.09049095090490951,0.0006999300069993001,0.0953904609539046,0.2727272727272727,0.27147285271472854
pelt_rbf,all,agent,monitor likely-scaffolding-issue (medium/high),goals and monitor,0,55,55,64,229,0.859375,198,0.8646288209606987,189.922,6.612116757045422,175.0,204.0,0.13008699130086993,0.12698412698412698,189.9873,6.979714202675859,175.0,202.0,0.14308569143085692,,,,,,,,,,,,0.53994600539946,0.5563443655634437,,
pelt_rbf,all,agent,monitor emotional-or-erratic (medium/high),goals and monitor,0,60,60,64,229,0.9375,212,0.925764192139738,203.2383,5.149171244622833,192.0,211.0,0.0150984901509849,0.015873015873015872,203.349,4.812682743701184,193.0,211.0,0.021097890210978902,,,,,,,,,,,,0.09059094090590941,0.10548945105489452,,
pelt_rbf,all,agent,monitor likely-scaffolding-issue (high),goals and monitor,0,4,4,64,229,0.0625,23,0.10043668122270742,22.9096,6.218785666793554,13.0,34.0,0.48455154484551544,0.47619047619047616,21.856,6.542762778404659,10.0,37.0,0.43885611438856115,,,,,,,,,,,,0.9691030896910309,0.8777122287771223,,
pelt_rbf,all,agent,monitor emotional-or-erratic (high),goals and monitor,0,8,8,64,229,0.125,33,0.14410480349344978,36.977,6.913584509144045,19.0,49.0,0.7476252374762524,0.746031746031746,41.1416,8.46615125140705,26.0,59.0,0.8473152684731526,,,,,,,,,,,,0.9691030896910309,0.8777122287771223,,
pelt_rbf,all,agent,all,summary,1,186,110,389,571,0.5886889460154242,399,0.6987740805604203,365.1733,40.28886677965315,291.0,434.0,0.25237476252374763,0.2526041666666667,404.5048,28.124784040197195,346.0,456.0,0.5983401659834017,367.6842105263158,36.80116321578827,302.75,428.5,0.2077922077922078,76,407.3264,27.73559787311133,350.0,458.0,0.6367363263673632,,,,
pelt_rbf,all,agent,scaffolding,summary,1,126,88,389,571,0.5038560411311054,309,0.5411558669001751,316.9115,49.607902214730004,222.0,399.0,0.5874412558744125,0.5807291666666666,356.9557,30.977267416924654,294.0,415.0,0.9375062493750624,317.64473684210526,48.650509815038504,233.75,397.875,0.5844155844155844,76,360.2355,30.2187815311227,299.0,417.0,0.9498050194980502,,,,
pelt_rbf,all,agent,roster only,changelog categories,1,60,43,389,571,0.2827763496143959,245,0.4290718038528897,190.9358,36.625510524252306,119.0,258.0,0.06309369063093691,0.0625,201.8301,29.35905021237808,145.0,259.0,0.07689231076892311,195.3421052631579,38.06575105667524,120.625,260.125,0.1038961038961039,76,205.4355,29.33455797142916,148.0,262.0,0.0917908209179082,0.44165583441655837,0.6055394460553944,0.6363636363636364,0.6425357464253574
pelt_rbf,all,agent,prompt (goal pooled),changelog categories,1,55,49,389,571,0.32390745501285345,253,0.44308231173380036,213.702,27.882717597000106,165.0,270.0,0.0736926307369263,0.078125,232.1987,30.872429917369644,172.0,292.0,0.2578742125787421,217.19736842105263,27.960457667614385,167.75,262.0,0.12987012987012986,76,237.2336,31.06099015728499,176.0,298.0,0.3087691230876912,0.44215578442155784,1.0,0.6363636363636364,1.0
pelt_rbf,all,agent,prompt without goal,changelog categories,1,39,36,389,571,0.2544987146529563,161,0.2819614711033275,173.3691,32.581185039096646,113.0,241.0,0.672932706729327,0.671875,183.0433,29.967706476357936,126.0,242.0,0.7676232376762324,176.23684210526315,33.19633249664894,112.875,232.0,0.7272727272727273,76,186.8183,29.59500754446864,130.0,245.0,0.8082191780821918,0.9935006499350065,1.0,1.0,1.0
pelt_rbf,all,agent,tool,changelog categories,1,54,43,389,571,0.30077120822622105,199,0.34851138353765326,194.2224,53.26777716263731,105.0,291.0,0.44455554444555545,0.4479166666666667,219.0657,32.906170623706906,155.0,282.0,0.7253274672532747,195.22368421052633,54.938656380660426,107.75,292.375,0.4675324675324675,76,222.1726,32.362817312997386,160.0,287.02499999999964,0.7612238776122388,0.9935006499350065,1.0,1.0,1.0
pelt_rbf,all,agent,memory,changelog categories,1,18,17,389,571,0.10539845758354756,126,0.22066549912434325,74.1203,17.669947668713156,41.0,108.0,0.00009999000099990002,0.0,90.8965,22.982371650694997,50.0,139.0,0.0756924307569243,71.64473684210526,17.45753243148903,41.375,103.875,0.012987012987012988,76,86.9561,22.61043776620873,47.0,135.0,0.05649435056494351,0.0008999100089991002,0.6055394460553944,0.1168831168831169,0.45195480451954806
pelt_rbf,all,agent,model,changelog categories,1,51,40,389,571,0.29562982005141386,247,0.43257443082311736,195.0696,40.59315627385517,117.0,263.0,0.0851914808519148,0.0859375,203.2986,32.382129304136676,140.97500000000002,267.0,0.09349065093490651,199.80263157894737,41.106048131418035,122.625,259.25,0.09090909090909091,76,206.9162,32.05521379172385,146.0,270.0,0.1121887811218878,0.44215578442155784,0.6055394460553944,0.6363636363636364,0.6731326867313269
pelt_rbf,all,agent,goal,changelog categories,1,16,15,389,571,0.09768637532133675,152,0.266199649737303,67.2291,36.38120355880545,20.0,136.0,0.00009999000099990002,0.0,79.3643,22.01162503482347,41.0,126.0,0.0015998400159984002,68.9342105263158,37.74310904922585,21.0,141.25,0.012987012987012988,76,84.4928,22.355037976534355,45.0,133.0,0.0035996400359964,0.0008999100089991002,0.014398560143985602,0.1168831168831169,0.0323967603239676
pelt_rbf,all,agent,chat,changelog categories,1,29,25,389,571,0.16966580976863754,132,0.23117338003502627,117.4971,33.06678292188825,64.0,185.0,0.3311668833116688,0.3333333333333333,129.2214,26.673959812019014,80.0,184.0,0.45115488451154884,119.94736842105263,31.744351618029988,68.5,178.25,0.37662337662337664,76,133.2781,26.698300326313497,83.0,187.0,0.5145485451454854,0.9935006499350065,1.0,1.0,1.0
pelt_rbf,all,agent,other,changelog categories,1,12,12,389,571,0.08740359897172237,91,0.159369527145359,60.3062,20.052043536881733,24.0,102.0,0.0898910108989101,0.0859375,64.6046,19.76941430124275,30.0,108.0,0.10568943105689431,62.421052631578945,20.87439462301106,23.625,100.625,0.11688311688311688,76,67.3085,20.121168303341364,32.0,111.0,0.12788721127887212,0.44215578442155784,0.6055394460553944,0.6363636363636364,0.6731326867313269
pelt_rbf,all,agent,village goal transitions,goals and monitor,1,51,51,389,571,0.37532133676092544,295,0.5166374781085814,250.2856,52.87014429577231,160.0,344.0,0.24017598240175983,0.2421875,231.5989,30.344249803539615,172.0,291.0,0.019698030196980302,268.7631578947368,61.057321356476734,168.375,357.625,0.38961038961038963,76,277.6873,28.20713886551236,221.0,331.0,0.2826717328267173,1.0,0.13788621137886212,0.7792207792207793,0.5653434656534346
pelt_rbf,all,agent,scaffolding + goal transitions,goals and monitor,1,177,118,389,571,0.6401028277634961,366,0.6409807355516638,390.8158,60.837095472898426,287.0,482.0,0.654934506549345,0.6510416666666666,419.1164,27.131381502353,363.975,468.0,0.9708029197080292,396.8157894736842,63.64709169083655,302.375,481.75,0.6623376623376623,76,437.1344,24.878437055069,386.0,482.0,0.9964003599640036,1.0,1.0,0.7792207792207793,0.9964003599640036
pelt_rbf,all,agent,agent goal changes,goals and monitor,1,33,8,55,184,0.03863636363636363,23,0.125,11.9544,5.5947341978930965,0.0,20.0,0.0192980701929807,0.02,12.0089,5.8076151412919,0.0,24.0,0.0428957104289571,11.0,5.617433182117573,1.575,18.55,0.09090909090909091,10,12.0239,5.762486391735906,0.0,25.0,0.08739126087391261,0.13508649135086492,0.25737426257374263,0.2727272727272727,0.26217378262173785
pelt_rbf,all,agent,monitor likely-scaffolding-issue (medium/high),goals and monitor,1,55,55,64,229,1.0,228,0.9956331877729258,225.5128,3.593790157030496,217.0,228.0,0.5961403859614038,0.5932203389830508,225.3849,3.8314253185984457,214.0,228.0,0.5624437556244376,,,,,,,,,,,,1.0,1.0,,
pelt_rbf,all,agent,monitor emotional-or-erratic (medium/high),goals and monitor,1,60,60,64,229,1.0,228,0.9956331877729258,226.6548,2.9978218181815537,218.0,228.0,0.7773222677732227,0.7796610169491526,227.0415,2.2124346853011665,222.0,228.0,0.8109189081091891,,,,,,,,,,,,1.0,1.0,,
pelt_rbf,all,agent,monitor likely-scaffolding-issue (high),goals and monitor,1,4,4,64,229,0.171875,38,0.16593886462882096,47.9474,9.695846233486705,31.0,67.0,0.8493150684931506,0.847457627118644,44.529,11.360187691514547,22.0,67.0,0.7342265773422658,,,,,,,,,,,,1.0,1.0,,
pelt_rbf,all,agent,monitor emotional-or-erratic (high),goals and monitor,1,8,8,64,229,0.234375,63,0.27510917030567683,65.5491,8.837454342169185,46.0,78.0,0.6817318268173183,0.6779661016949152,80.8333,14.423228281539682,53.0,109.0,0.8988101189881011,,,,,,,,,,,,1.0,1.0,,
pelt_rbf,all,agent,all,summary,2,186,110,389,571,0.7326478149100257,439,0.7688266199649737,438.3208,38.03868269930164,365.0,498.0,0.5463453654634537,0.5394736842105263,485.9385,25.317650287726334,431.0,529.0249999999996,0.958004199580042,436.82894736842104,36.63273150536088,375.25,490.0,0.5454545454545454,76,487.1586,24.975011935174653,433.0,530.0,0.962003799620038,,,,
pelt_rbf,all,agent,scaffolding,summary,2,126,88,389,571,0.6349614395886889,341,0.5971978984238179,384.224,53.899166375868944,288.0,465.0,0.7154284571542846,0.718421052631579,444.116,30.03595112254619,381.0,497.0,0.999000099990001,382.82894736842104,54.2516084327816,283.75,460.25,0.7402597402597403,76,444.5607,30.343714169642464,380.0,498.0,0.9984001599840016,,,,
pelt_rbf,all,agent,roster only,changelog categories,2,60,43,389,571,0.41645244215938304,299,0.5236427320490368,261.409,45.354395830196125,168.0,341.0,0.24477552244775522,0.24473684210526317,280.1293,35.61437378183122,210.0,349.0,0.3073692630736926,265.0394736842105,44.21385628645502,183.125,336.5,0.2857142857142857,76,281.9332,36.088499217029984,210.0,351.0,0.3310668933106689,1.0,1.0,1.0,1.0
pelt_rbf,all,agent,prompt (goal pooled),changelog categories,2,55,49,389,571,0.4498714652956299,296,0.5183887915936952,282.9147,30.619085171632328,230.0,342.0,0.35336466353364665,0.3473684210526316,312.3595,36.10489739788235,241.0,381.0,0.6816318368163183,281.4342105263158,32.77817791410043,224.75,346.5,0.38961038961038963,76,315.4981,36.41907784819834,242.0,384.0,0.7133286671332867,1.0,1.0,1.0,1.0
pelt_rbf,all,agent,prompt without goal,changelog categories,2,39,36,389,571,0.37532133676092544,209,0.3660245183887916,238.2876,40.306328861043966,159.0,319.0,0.8011198880111989,0.8052631578947368,252.5644,36.69930430585372,180.0,324.0,0.8827117288271172,240.23684210526315,40.51760717549928,162.5,320.625,0.8311688311688312,76,254.7711,36.242026064160974,185.0,325.0,0.897010298970103,1.0,1.0,1.0,1.0
pelt_rbf,all,agent,tool,changelog categories,2,54,43,389,571,0.4087403598971722,260,0.4553415061295972,252.0479,62.1219777502452,145.0,359.0,0.4637536246375362,0.4605263157894737,293.4715,37.79691056680214,219.0,366.0,0.8146185381461853,251.93421052631578,60.487648441934724,150.875,355.5,0.4675324675324675,76,296.0187,37.61562765466483,220.0,368.0,0.8335166483351665,1.0,1.0,1.0,1.0
pelt_rbf,all,agent,memory,changelog categories,2,18,17,389,571,0.15938303341902313,148,0.2591943957968476,105.3713,21.236518906909588,64.0,143.0,0.013598640135986401,0.013157894736842105,132.4592,30.765773005709832,74.0,195.0,0.30486951304869514,106.22368421052632,22.850002879189038,64.625,149.0,0.06493506493506493,76,131.4934,30.36963265992511,75.0,193.0,0.2933706629337066,0.12238776122387761,1.0,0.5194805194805194,1.0
pelt_rbf,all,agent,model,changelog categories,2,51,40,389,571,0.41645244215938304,294,0.5148861646234676,260.9307,47.10056415611582,166.0,339.0,0.29147085291470853,0.2894736842105263,275.3895,37.53480885708083,202.0,347.0,0.3174682531746825,262.5921052631579,45.20506686396381,178.875,333.625,0.2857142857142857,76,276.3942,37.18862602665733,202.97500000000002,348.0,0.32896710328967105,1.0,1.0,1.0,1.0
pelt_rbf,all,agent,goal,changelog categories,2,16,15,389,571,0.14652956298200515,189,0.3309982486865149,93.8322,49.65272985967893,32.0,185.0,0.016198380161983803,0.015789473684210527,117.3619,28.93337246838397,64.0,177.0,0.009499050094990502,95.02631578947368,50.25242247804857,33.0,185.75,0.03896103896103896,76,118.9739,28.933297986286256,65.0,177.0,0.010198980101989802,0.12958704129587043,0.08549145085491451,0.35064935064935066,0.09179082091790822
pelt_rbf,all,agent,chat,changelog categories,2,29,25,389,571,0.2519280205655527,173,0.30297723292469353,163.8014,39.36326847113274,99.0,242.0,0.4076592340765923,0.4105263157894737,184.8168,33.96467278894007,120.0,252.0,0.6340365963403659,161.68421052631578,37.450842634513414,107.25,226.125,0.4025974025974026,76,185.2088,33.634100669302626,119.0,252.0,0.645035496450355,1.0,1.0,1.0,1.0
pelt_rbf,all,agent,other,changelog categories,2,12,12,389,571,0.13367609254498714,127,0.2224168126094571,85.3848,25.29243166779278,39.0,131.0,0.045795420457954206,0.04736842105263158,95.5419,26.73244296245059,47.0,151.0,0.1307869213078692,86.34210526315789,25.18229676132498,40.375,133.0,0.06493506493506493,76,95.4585,26.850384951937034,47.0,152.0,0.1257874212578742,0.32056794320567944,1.0,0.5194805194805194,1.0
pelt_rbf,all,agent,village goal transitions,goals and monitor,2,51,51,389,571,0.5886889460154242,350,0.6129597197898424,355.063,74.4549486934112,229.0,463.0,0.5523447655234477,0.5473684210526316,315.5558,35.69228040134203,243.0,382.0,0.17588241175882413,355.9605263157895,74.92101454900777,230.25,463.875,0.5844155844155844,76,361.0575,32.91269843573802,294.0,423.0,0.6421357864213578,1.0,1.0,1.0,1.0
pelt_rbf,all,agent,scaffolding + goal transitions,goals and monitor,2,177,118,389,571,0.7840616966580977,394,0.6900175131348512,459.5161,62.29083203462253,359.0,542.0,0.7405259474052595,0.7447368421052631,497.6409,23.82679413605364,445.0,538.0,0.9997000299970003,457.5394736842105,64.55063971580218,356.625,537.625,0.7272727272727273,76,508.9017,21.915585011508128,461.0,545.0,1.0,1.0,1.0,1.0,1.0
pelt_rbf,all,agent,agent goal changes,goals and monitor,2,33,8,55,184,0.05909090909090909,24,0.13043478260869565,19.3842,6.946381473944413,1.0,30.0,0.2652734726527347,0.2608695652173913,18.2867,7.420944020204916,1.0,29.0,0.23277672232776722,19.4,8.01664934163062,3.9250000000000003,29.875,0.2727272727272727,10,19.8013,6.452734465961607,2.0,28.0,0.30926907309269075,1.0,1.0,0.8181818181818181,0.9278072192780722
pelt_rbf,all,agent,monitor likely-scaffolding-issue (medium/high),goals and monitor,2,55,55,64,229,1.0,229,1.0,228.8739,0.8045268897629433,228.0,229.0,0.9634036596340366,0.9636363636363636,228.7914,1.1442101912219493,226.0,229.0,0.9511048895110489,,,,,,,,,,,,1.0,1.0,,
pelt_rbf,all,agent,monitor emotional-or-erratic (medium/high),goals and monitor,2,60,60,64,229,1.0,229,1.0,228.8815,0.7839127514718663,228.0,229.0,0.9665033496650335,0.9636363636363636,228.9716,0.4252193800288449,229.0,229.0,0.9927007299270073,,,,,,,,,,,,1.0,1.0,,
pelt_rbf,all,agent,monitor likely-scaffolding-issue (high),goals and monitor,2,4,4,64,229,0.28125,67,0.2925764192139738,73.6902,11.89574608158243,52.0,95.0,0.7371262873712628,0.7454545454545455,65.8521,14.89977267989654,36.0,93.0,0.49195080491950804,,,,,,,,,,,,1.0,1.0,,
pelt_rbf,all,agent,monitor emotional-or-erratic (high),goals and monitor,2,8,8,64,229,0.328125,83,0.3624454148471616,91.6143,9.211569942853455,75.0,109.0,0.8745125487451255,0.8727272727272727,114.2838,18.272253421089268,78.0,149.0,0.9563043695630437,,,,,,,,,,,,1.0,1.0,,
pelt_rbf,all,agent,all,summary,3,186,110,389,571,0.8123393316195373,473,0.8283712784588442,480.1263,34.45146497108454,411.0,531.0,0.5972402759724028,0.5904255319148937,527.7672,20.6516017060494,480.0,559.0,0.986001399860014,477.52702702702703,34.87088630345235,411.825,528.175,0.5866666666666667,74,528.1284,20.77599281930379,480.0,559.0,0.9859014098590141,,,,
pelt_rbf,all,agent,scaffolding,summary,3,126,88,389,571,0.7172236503856041,367,0.6427320490367776,429.1764,54.9165117734779,331.0,501.0,0.7881211878812119,0.7898936170212766,495.436,27.55841887055686,434.0,541.0,1.0,426.81081081081084,55.95464789676894,317.95,499.4,0.8,74,495.309,27.620793070094532,434.0,540.0249999999996,1.0,,,,
pelt_rbf,all,agent,roster only,changelog categories,3,60,43,389,571,0.5089974293059126,332,0.5814360770577933,313.2442,48.76532140791448,218.0,398.0,0.4273572642735726,0.425531914893617,341.3586,39.85561256617821,260.975,415.0,0.6085391460853915,312.13513513513516,47.5473302260529,227.475,397.97499999999997,0.38666666666666666,74,341.965,40.03411105550865,260.975,415.0,0.6117388261173883,1.0,1.0,1.0,1.0
pelt_rbf,all,agent,prompt (goal pooled),changelog categories,3,55,49,389,571,0.5449871465295629,321,0.5621716287215411,333.6472,32.37491846622273,276.0,402.0,0.648035196480352,0.651595744680851,375.1939,38.995981478187524,296.0,447.0,0.9124087591240876,331.7162162162162,32.68719336597119,271.475,398.875,0.6133333333333333,74,375.0989,39.01267124463235,295.0,446.0,0.9141085891410858,1.0,1.0,1.0,1.0
pelt_rbf,all,agent,prompt without goal,changelog categories,3,39,36,389,571,0.48071979434447304,255,0.44658493870402804,293.8467,44.888605433893574,200.0,382.0749999999989,0.8291170882911709,0.8271276595744681,310.262,41.379078999149826,225.0,388.0,0.9081091890810918,293.52702702702703,45.33836954152841,196.0,385.175,0.8133333333333334,74,310.2156,41.14370422166322,226.0,386.0,0.9076092390760924,1.0,1.0,1.0,1.0
pelt_rbf,all,agent,tool,changelog categories,3,54,43,389,571,0.4910025706940874,311,0.5446584938704028,294.0908,66.53998731853828,183.0,406.0,0.45715428457154283,0.46808510638297873,352.1923,41.33020613672197,267.0,428.0,0.8397160283971603,295.93243243243245,64.21460830706373,188.825,402.4,0.48,74,352.3631,40.771962102397865,269.0,428.0,0.8425157484251575,1.0,1.0,1.0,1.0
pelt_rbf,all,agent,memory,changelog categories,3,18,17,389,571,0.20822622107969152,177,0.30998248686514884,133.9337,24.344144430371845,82.0,175.0,0.020597940205979402,0.018617021276595744,170.8456,36.93203160043885,101.0,244.0,0.43475652434756523,137.36486486486487,24.79536762100817,88.65,180.35,0.06666666666666667,74,174.2485,37.02957016570224,104.0,248.0,0.46925307469253075,0.18538146185381463,1.0,0.5333333333333333,1.0
pelt_rbf,all,agent,model,changelog categories,3,51,40,389,571,0.506426735218509,334,0.5849387040280211,310.3773,50.39577877324465,212.0,391.0,0.42675732426757323,0.4308510638297872,333.6759,41.5064156178746,251.0,411.0,0.5112488751124887,310.56756756756755,48.83185606348545,224.125,387.62499999999994,0.4,74,333.8685,40.75788915416045,250.97500000000002,410.0,0.5115488451154885,1.0,1.0,1.0,1.0
pelt_rbf,all,agent,goal,changelog categories,3,16,15,389,571,0.18251928020565553,208,0.36427320490367776,114.6518,58.84813223057043,43.0,221.0,0.0918908109189081,0.08776595744680851,152.1099,35.40922765791896,85.0,222.0,0.06319368063193681,114.21621621621621,56.76490095126921,43.0,213.7,0.05333333333333334,74,152.0463,35.502284398750355,84.0,223.0,0.06509349065093491,0.7351264873512648,0.5687431256874314,0.48000000000000004,0.5858414158584142
pelt_rbf,all,agent,chat,changelog categories,3,29,25,389,571,0.32390745501285345,206,0.3607705779334501,204.2498,44.77596329113272,130.0,284.0,0.46265373462653736,0.4654255319148936,234.3772,40.17778422952863,156.0,312.0,0.7625237476252374,200.16216216216216,43.0202332222164,135.825,278.44999999999993,0.44,74,231.2154,39.97414409414673,152.0,310.0,0.7357264273572642,1.0,1.0,1.0,1.0
pelt_rbf,all,agent,other,changelog categories,3,12,12,389,571,0.17480719794344474,139,0.2434325744308231,107.5311,29.990187960854676,52.0,161.0,0.1650834916508349,0.1702127659574468,125.3556,32.904443755849876,64.0,192.0,0.33556644335566443,106.71621621621621,29.401109041737133,54.825,154.04999999999998,0.14666666666666667,74,120.6166,32.276065108341314,60.97500000000002,186.0,0.2866713328667133,1.0,1.0,1.0,1.0
pelt_rbf,all,agent,village goal transitions,goals and monitor,3,51,51,389,571,0.6503856041131105,365,0.6392294220665499,388.5692,75.42710345859514,262.0,495.0,0.5985401459854015,0.598404255319149,379.0864,38.20187002395737,300.0,449.0,0.6579342065793421,386.64864864864865,75.6376423704118,261.65,494.35,0.6,74,403.896,33.58143765974783,334.0,465.0,0.8745125487451255,1.0,1.0,1.0,1.0
pelt_rbf,all,agent,scaffolding + goal transitions,goals and monitor,3,177,118,389,571,0.8226221079691517,403,0.7057793345008757,479.8719,58.81782420350487,379.0,551.0,0.8382161783821618,0.8430851063829787,536.3274,18.65932545090064,492.0,563.0,1.0,478.9594594594595,60.730132709239946,378.075,550.35,0.8266666666666667,74,539.8282,17.153230252369642,499.0,564.0,1.0,1.0,1.0,1.0,1.0
pelt_rbf,all,agent,agent goal changes,goals and monitor,3,33,8,55,184,0.07954545454545453,24,0.13043478260869565,27.3495,6.831838489873364,5.0,36.0,0.8535146485351465,0.8571428571428571,24.5559,9.142189735140883,2.0,36.0,0.7353264673532647,27.375,6.323143431644016,19.525,36.0,0.6666666666666666,8,24.514,7.671472423786381,3.0,35.0,0.6763323667633236,1.0,1.0,1.0,1.0
pelt_rbf,all,agent,monitor likely-scaffolding-issue (medium/high),goals and monitor,3,55,55,64,229,1.0,229,1.0,229.0,0.0,229.0,229.0,1.0,1.0,228.997,0.1095089001858844,229.0,229.0,0.9989001099890011,,,,,,,,,,,,1.0,1.0,,
pelt_rbf,all,agent,monitor emotional-or-erratic (medium/high),goals and monitor,3,60,60,64,229,1.0,229,1.0,229.0,0.0,229.0,229.0,1.0,1.0,228.9996,0.04,229.0,229.0,0.9999000099990001,,,,,,,,,,,,1.0,1.0,,
pelt_rbf,all,agent,monitor likely-scaffolding-issue (high),goals and monitor,3,4,4,64,229,0.390625,87,0.3799126637554585,100.161,14.190469193849587,72.0,123.0,0.7829217078292171,0.7843137254901961,85.0571,19.03080809518281,47.0,120.0,0.47775222477752227,,,,,,,,,,,,1.0,1.0,,
pelt_rbf,all,agent,monitor emotional-or-erratic (high),goals and monitor,3,8,8,64,229,0.421875,111,0.4847161572052402,117.3394,10.111232928932768,98.0,136.0,0.716028397160284,0.7058823529411765,140.3841,22.16543475413428,96.0,181.0,0.9067093290670933,,,,,,,,,,,,1.0,1.0,,
pelt_rbf,all,all,all,summary,0,186,110,389,1166,0.32904884318766064,677,0.5806174957118353,527.3565,51.95586539501478,431.0,634.0,0.00009999000099990002,0.0,554.7724,38.853138288631044,478.0,629.0,0.00019998000199980003,536.1184210526316,48.890071822477594,460.5,628.25,0.012987012987012988,76,559.782,38.50364046467429,485.0,634.0,0.0011998800119988001,,,,
pelt_rbf,all,all,scaffolding,summary,0,126,88,389,1166,0.2750642673521851,571,0.4897084048027444,448.9315,57.19522827267775,349.0,553.0499999999993,0.0156984301569843,0.01804123711340206,482.2699,39.899797660832036,403.975,560.0,0.012798720127987202,458.0657894736842,53.813092713283275,371.5,556.0,0.025974025974025976,76,491.5858,39.684514919958936,413.0,567.0,0.0202979702029797,,,,
pelt_rbf,all,all,roster only,changelog categories,0,60,43,389,1166,0.11053984575835475,331,0.28387650085763294,237.8665,35.81193554141862,175.0,309.0,0.008599140085991401,0.010309278350515464,247.0539,31.459309649233575,189.0,312.0,0.006199380061993801,239.56578947368422,37.899282500267574,183.5,311.625,0.025974025974025976,76,248.6377,30.529022926292345,192.0,310.0,0.006399360063993601,0.06019398060193981,0.0433956604339566,0.1168831168831169,0.05119488051194881
pelt_rbf,all,all,prompt (goal pooled),changelog categories,0,55,49,389,1166,0.14395886889460155,412,0.35334476843910806,277.3084,32.572494319266035,215.0,343.0,0.00009999000099990002,0.0,297.0306,34.88957139116481,231.0,367.0,0.0006999300069993001,281.1842105263158,29.864900480359122,234.0,358.375,0.012987012987012988,76,304.0224,34.30123548380687,239.0,374.0,0.0007999200079992001,0.0008999100089991002,0.006299370062993701,0.1168831168831169,0.007199280071992801
pelt_rbf,all,all,prompt without goal,changelog categories,0,39,36,389,1166,0.11053984575835475,308,0.2641509433962264,221.7844,34.05016384697437,159.0,293.0,0.0036996300369963003,0.005154639175257732,234.1125,32.66503856150215,174.0,303.0,0.0187981201879812,221.31578947368422,33.04308723523103,167.25,287.375,0.012987012987012988,76,235.7571,31.79082831991841,178.0,301.0,0.015798420157984203,0.029597040295970403,0.11278872112788721,0.1168831168831169,0.09299070092990701
pelt_rbf,all,all,tool,changelog categories,0,54,43,389,1166,0.15167095115681234,326,0.27958833619210977,267.6434,55.573715731702,179.0,380.0,0.17538246175382463,0.17268041237113402,289.4221,38.6525255754826,218.0,367.0,0.1780821917808219,276.5657894736842,57.24365129894395,191.75,395.0,0.23376623376623376,76,296.6623,39.03644762442291,224.0,377.0,0.23317668233176683,0.17538246175382463,0.1780821917808219,0.23376623376623376,0.23317668233176683
pelt_rbf,all,all,memory,changelog categories,0,18,17,389,1166,0.04627249357326478,153,0.1312178387650086,95.3056,19.170236264476337,66.0,142.0,0.0100989901009899,0.010309278350515464,109.2922,23.134626434287316,69.0,160.0,0.043195680431956804,88.88157894736842,19.399633745864488,59.875,137.5,0.012987012987012988,76,106.5804,22.756821463735072,69.0,159.0,0.0405959404059594,0.06059394060593941,0.11398860113988601,0.1168831168831169,0.1217878212178782
pelt_rbf,all,all,model,changelog categories,0,51,40,389,1166,0.13367609254498714,342,0.2933104631217839,257.3934,41.04913323779148,179.0,328.0,0.0105989401059894,0.010309278350515464,263.5205,37.321429081117266,194.0,340.0,0.022797720227977204,255.76315789473685,43.408100141502814,181.75,328.625,0.012987012987012988,76,265.5112,37.38721245192656,199.0,343.0,0.027597240275972403,0.06059394060593941,0.11398860113988601,0.1168831168831169,0.11038896110388961
pelt_rbf,all,all,goal,changelog categories,0,16,15,389,1166,0.038560411311053984,170,0.1457975986277873,84.1396,31.57520247252768,35.0,151.0,0.012698730126987301,0.01288659793814433,94.4371,21.649191955849858,58.0,144.0,0.0022997700229977,87.86842105263158,36.1387482185952,34.375,180.125,0.05194805194805195,76,102.4074,22.924231225446313,64.0,154.0,0.006799320067993201,0.06059394060593941,0.0183981601839816,0.15584415584415584,0.05119488051194881
pelt_rbf,all,all,chat,changelog categories,0,29,25,389,1166,0.06940874035989718,214,0.1835334476843911,147.0724,32.75951276816676,91.0,221.0,0.04229577042295771,0.041237113402061855,157.7072,27.73612801815971,108.0,217.0,0.030296970302969704,152.81578947368422,31.688361912565856,103.625,226.125,0.06493506493506493,76,162.1017,27.780952741825185,112.0,221.0,0.043495650434956505,0.08459154084591541,0.11398860113988601,0.15584415584415584,0.1217878212178782
pelt_rbf,all,all,other,changelog categories,0,12,12,389,1166,0.030848329048843187,122,0.10463121783876501,72.162,20.097739870811132,39.97500000000002,117.0,0.0207979202079792,0.020618556701030927,76.5392,19.526725087921577,45.0,122.0,0.025597440255974404,71.36842105263158,18.897507493679804,39.0,112.375,0.012987012987012988,76,77.5967,18.972834420681465,44.0,117.0,0.015498450154984501,0.0623937606239376,0.11398860113988601,0.1168831168831169,0.09299070092990701
pelt_rbf,all,all,village goal transitions,goals and monitor,0,51,51,389,1166,0.13110539845758354,425,0.3644939965694683,316.0186,49.63749028792862,233.0,426.0,0.027297270272972702,0.02577319587628866,285.429,33.10611364198534,223.0,352.0,0.00009999000099990002,346.7105263157895,55.26971824051544,257.875,442.375,0.14285714285714285,76,352.2908,31.08738454595032,292.0,413.0,0.0093990600939906,0.16378362163783622,0.0006999300069993001,0.2727272727272727,0.028197180281971802
pelt_rbf,all,all,scaffolding + goal transitions,goals and monitor,0,177,118,389,1166,0.34704370179948585,677,0.5806174957118353,559.7299,67.83508020044334,443.0,681.0,0.028097190280971903,0.028350515463917526,578.3502,38.71608520350874,503.0,653.0,0.0037996200379962005,585.1973684210526,66.76426583871387,490.875,692.25,0.1038961038961039,76,616.8972,35.982191483710345,545.0,686.0,0.045495450454954504,0.16378362163783622,0.020997900209979003,0.2727272727272727,0.060993900609939006
pelt_rbf,all,all,agent goal changes,goals and monitor,0,33,8,55,253,0.0323392022996766,35,0.1383399209486166,15.0295,5.4130730538196685,4.0,24.0,0.00009999000099990002,0.0,15.219,5.633561280510769,5.0,27.0,0.0034996500349965005,15.0,5.792715732327589,5.125,23.325000000000003,0.09090909090909091,10,16.8154,7.141500048469806,6.0,35.0,0.030496950304969503,0.0006999300069993001,0.020997900209979003,0.2727272727272727,0.060993900609939006
pelt_rbf,all,all,monitor likely-scaffolding-issue (medium/high),goals and monitor,0,55,55,64,338,0.859375,292,0.863905325443787,286.034,9.358953093177679,264.0,304.0,0.23667633236676333,0.23809523809523808,286.1716,10.067089354366876,264.0,303.0,0.3314668533146685,,,,,,,,,,,,0.71002899710029,0.9944005599440056,,
pelt_rbf,all,all,monitor emotional-or-erratic (medium/high),goals and monitor,0,60,60,64,338,0.9375,314,0.9289940828402367,304.1226,7.528123039885199,286.0,316.0,0.06129387061293871,0.06349206349206349,304.395,7.154920984149927,288.0,315.0,0.05729427057294271,,,,,,,,,,,,0.24517548245175483,0.22917708229177083,,
pelt_rbf,all,all,monitor likely-scaffolding-issue (high),goals and monitor,0,4,4,64,338,0.0625,36,0.10650887573964497,38.2991,9.365020531261802,22.0,59.0,0.5974402559744025,0.6031746031746031,36.6215,10.931650737596078,17.0,61.0,0.519048095190481,,,,,,,,,,,,1.0,1.0,,
pelt_rbf,all,all,monitor emotional-or-erratic (high),goals and monitor,0,8,8,64,338,0.125,51,0.15088757396449703,59.7248,10.292524402004428,39.0,83.0,0.8254174582541746,0.8253968253968254,67.8447,13.996984441919864,42.0,96.0,0.8987101289871013,,,,,,,,,,,,1.0,1.0,,
pelt_rbf,all,all,all,summary,1,186,110,389,1166,0.5886889460154242,851,0.7298456260720412,768.2926,56.74748287740428,655.0,868.0,0.070992900709929,0.07291666666666667,853.516,44.559345793332206,761.0,936.0,0.5441455854414559,776.9605263157895,50.9421739594935,687.625,872.375,0.09090909090909091,76,858.0191,43.41670227220878,768.0,938.0,0.5863413658634137,,,,
pelt_rbf,all,all,scaffolding,summary,1,126,88,389,1166,0.5038560411311054,715,0.6132075471698113,666.7168,71.40290775089996,543.0,791.0,0.294970502949705,0.2994791666666667,757.9482,47.75623710656293,661.0,847.0,0.8173182681731826,672.2236842105264,68.61750965736768,556.0,796.0,0.3246753246753247,76,764.7171,47.888996681809054,669.0,855.0,0.8482151784821518,,,,
pelt_rbf,all,all,roster only,changelog categories,1,60,43,389,1166,0.2827763496143959,510,0.43739279588336194,413.1694,53.38716439905998,312.0,513.0,0.0347965203479652,0.033854166666666664,440.3937,48.10071380111544,347.0,535.0,0.07529247075292471,425.67105263157896,54.623654987656465,327.75,514.25,0.07792207792207792,76,449.4076,46.36362605342773,358.0,539.0,0.09869013098690131,0.17398260173982602,0.510948905109489,0.3246753246753247,0.6908309169083092
pelt_rbf,all,all,prompt (goal pooled),changelog categories,1,55,49,389,1166,0.32390745501285345,564,0.483704974271012,459.6902,44.03846230939788,378.0,546.0,0.0058994100589941,0.005208333333333333,503.4158,50.15813886349278,406.0,602.0,0.12038796120387961,468.82894736842104,41.67473676234232,404.375,545.5,0.025974025974025976,76,515.2025,48.979458883181316,418.0,610.0,0.1650834916508349,0.0412958704129587,0.601939806019398,0.2077922077922078,0.6908309169083092
pelt_rbf,all,all,prompt without goal,changelog categories,1,39,36,389,1166,0.2544987146529563,419,0.35934819897084047,376.6889,49.92462281866893,291.0,481.0,0.20467953204679531,0.20052083333333334,399.3308,48.23820958375616,304.0,495.0,0.34396560343965604,383.9605263157895,50.29842695737079,290.625,470.75,0.24675324675324675,76,408.8512,46.68433357412448,318.0,502.0,0.4176582341765823,0.5087491250874913,0.8762123787621238,0.5064935064935066,1.0
pelt_rbf,all,all,tool,changelog categories,1,54,43,389,1166,0.30077120822622105,446,0.38250428816466553,417.6153,73.83101521576674,296.0,563.0,0.39406059394060594,0.3958333333333333,472.7717,51.5269529644261,374.0,574.0,0.6952304769523048,417.0921052631579,77.50633137691895,293.25,570.25,0.4155844155844156,76,481.2043,50.506895134779526,382.0,579.0,0.7604239576042395,0.5087491250874913,0.8762123787621238,0.5064935064935066,1.0
pelt_rbf,all,all,memory,changelog categories,1,18,17,389,1166,0.10539845758354756,238,0.20411663807890223,163.5156,26.865310925673526,114.0,221.0,0.0026997300269973002,0.0026041666666666665,200.1936,37.445783977822806,132.0,277.02499999999964,0.1633836616338366,156.3684210526316,26.841680079191843,115.0,211.75,0.025974025974025976,76,190.0475,35.96005222862765,126.0,266.0,0.10628937106289371,0.021597840215978402,0.6535346465353464,0.2077922077922078,0.6908309169083092
pelt_rbf,all,all,model,changelog categories,1,51,40,389,1166,0.29562982005141386,525,0.4502572898799314,423.4351,57.61446285979817,315.0,522.0,0.0211978802119788,0.020833333333333332,440.5746,50.70990814740677,343.0,540.0249999999996,0.0486951304869513,433.13157894736844,58.074283948580465,335.625,521.25,0.025974025974025976,76,450.9317,49.55510474159645,355.0,550.0,0.07229277072292771,0.12718728127187282,0.3895610438956104,0.2077922077922078,0.5783421657834217
pelt_rbf,all,all,goal,changelog categories,1,16,15,389,1166,0.09768637532133675,279,0.23927958833619212,147.1239,52.484544501511614,61.0,255.0,0.00009999000099990002,0.0,175.7897,35.23583162482517,112.0,249.0,0.004399560043995601,149.94736842105263,53.90804386158392,71.0,258.25,0.012987012987012988,76,186.3267,36.14551171185285,122.0,263.0,0.0084991500849915,0.0008999100089991002,0.03959604039596041,0.1168831168831169,0.0764923507649235
pelt_rbf,all,all,chat,changelog categories,1,29,25,389,1166,0.16966580976863754,308,0.2641509433962264,256.4601,53.27616956026683,165.0,377.0,0.1695830416958304,0.16927083333333334,284.1619,43.04055688933096,204.97500000000002,372.0,0.2920707929207079,262.57894736842104,49.28860940971919,180.75,369.625,0.16883116883116883,76,295.1052,43.062493782839375,216.0,382.0,0.38106189381061895,0.5087491250874913,0.8762123787621238,0.5064935064935066,1.0
pelt_rbf,all,all,other,changelog categories,1,12,12,389,1166,0.08740359897172237,193,0.16552315608919382,132.426,31.718551837261824,76.0,201.0,0.048295170482951705,0.044270833333333336,143.1933,32.55610733982969,85.0,214.0,0.072992700729927,137.55263157894737,32.13488021318563,80.625,201.0,0.06493506493506493,76,150.3848,33.492663447544466,92.0,223.0,0.1110888911108889,0.19318068193180682,0.510948905109489,0.3246753246753247,0.6908309169083092
pelt_rbf,all,all,village goal transitions,goals and monitor,1,51,51,389,1166,0.37532133676092544,649,0.5566037735849056,541.316,79.33557687050455,395.0,692.0,0.12348765123487651,0.11458333333333333,502.9444,49.16048803661737,406.0,597.0,0.0012998700129987,571.078947368421,89.03568769999212,427.625,703.625,0.33766233766233766,76,601.6263,44.68538829083474,512.0,685.0,0.1501849815018498,0.7409259074092591,0.0077992200779922,0.6753246753246753,0.3003699630036996
pelt_rbf,all,all,scaffolding + goal transitions,goals and monitor,1,177,118,389,1166,0.6401028277634961,837,0.7178387650085764,815.6403,81.73506822684988,673.0,939.0,0.48125187481251874,0.484375,883.0543,42.68516081503478,795.0,960.0,0.8562143785621438,825.3552631578947,85.68869298374878,696.875,943.875,0.5194805194805194,76,916.6878,38.85177315371486,835.0,986.0,0.9726027397260274,1.0,1.0,0.6753246753246753,0.9726027397260274
pelt_rbf,all,all,agent goal changes,goals and monitor,1,33,8,55,253,0.07790154509522097,56,0.22134387351778656,28.9091,9.174979848235175,7.0,41.0,0.00009999000099990002,0.0,29.3465,9.112680277733023,11.0,47.0,0.0004999500049995,29.0,9.580071908799942,10.925,40.1,0.09090909090909091,10,31.9229,8.908237270028561,14.0,50.0,0.004299570042995701,0.0006999300069993001,0.0034996500349965005,0.2727272727272727,0.012898710128987103
pelt_rbf,all,all,monitor likely-scaffolding-issue (medium/high),goals and monitor,1,55,55,64,338,1.0,336,0.9940828402366864,332.7874,4.537032037132931,322.0,336.0,0.5843415658434157,0.5932203389830508,332.5552,5.060584344854964,315.0,336.0,0.5494450554944506,,,,,,,,,,,,1.0,1.0,,
pelt_rbf,all,all,monitor emotional-or-erratic (medium/high),goals and monitor,1,60,60,64,338,1.0,336,0.9940828402366864,334.2986,3.9186698811412706,322.0,336.0,0.7792220777922207,0.7796610169491526,334.8701,2.7086084334884206,329.0,336.0,0.8197180281971803,,,,,,,,,,,,1.0,1.0,,
pelt_rbf,all,all,monitor likely-scaffolding-issue (high),goals and monitor,1,4,4,64,338,0.171875,56,0.16568047337278108,74.9633,14.898192800634328,49.0,100.0,0.903009699030097,0.8983050847457628,69.3311,17.749850098179728,35.0,105.0,0.7798220177982201,,,,,,,,,,,,1.0,1.0,,
pelt_rbf,all,all,monitor emotional-or-erratic (high),goals and monitor,1,8,8,64,338,0.234375,94,0.2781065088757396,100.927,14.50776752404908,71.0,123.0,0.6987301269873013,0.6949152542372882,124.682,22.781764130059983,80.0,170.0,0.9123087691230877,,,,,,,,,,,,1.0,1.0,,
pelt_rbf,all,all,all,summary,2,186,110,389,1166,0.7326478149100257,943,0.8087478559176673,907.3558,51.923301217092586,800.0,998.0,0.29217078292170784,0.29473684210526313,1005.6003,40.93726573530025,917.0,1076.0,0.9245075492450755,903.421052631579,46.92128533559006,814.5,982.75,0.23376623376623376,76,1007.4511,39.96502882699967,922.0,1075.0,0.9359064093590641,,,,
pelt_rbf,all,all,scaffolding,summary,2,126,88,389,1166,0.6349614395886889,797,0.6835334476843911,798.4189,74.47846485369242,664.0,916.0,0.5653434656534346,0.5657894736842105,923.4613,47.52508354192096,823.0,1009.0,0.9917008299170083,792.25,72.01483643435334,665.875,912.25,0.5454545454545454,76,925.4095,47.59377403067179,824.0,1011.0,0.9929007099290071,,,,
pelt_rbf,all,all,roster only,changelog categories,2,60,43,389,1166,0.41645244215938304,627,0.5377358490566038,552.9505,62.41896716941294,437.0,663.0,0.1207879212078792,0.12368421052631579,592.7043,57.07079436162516,478.0,701.0,0.282971702829717,561.75,60.73156784847015,459.5,660.25,0.19480519480519481,76,597.2398,56.6115463724342,482.0,704.0,0.3080691930806919,0.603939606039396,1.0,0.8441558441558441,1.0
pelt_rbf,all,all,prompt (goal pooled),changelog categories,2,55,49,389,1166,0.4498714652956299,661,0.5668953687821612,594.7813,46.657322693078825,513.0,686.0,0.0660933906609339,0.06578947368421052,662.4778,57.79192934891331,546.975,770.0,0.5235476452354765,591.1447368421053,46.119758295801574,525.0,677.5,0.07792207792207792,76,666.4888,56.733733758801925,552.0,774.0,0.553044695530447,0.39656034396560347,1.0,0.5454545454545454,1.0
pelt_rbf,all,all,prompt without goal,changelog categories,2,39,36,389,1166,0.37532133676092544,529,0.45368782161234994,507.691,59.025073612249685,404.0,626.0,0.3658634136586341,0.3631578947368421,536.2493,57.7662915890781,423.0,648.0,0.5547445255474452,509.60526315789474,56.6625282286553,411.75,623.5,0.4155844155844156,76,540.5209,58.00526203916696,425.0,653.0,0.5827417258274172,0.7891210878912108,1.0,0.8441558441558441,1.0
pelt_rbf,all,all,tool,changelog categories,2,54,43,389,1166,0.4087403598971722,575,0.49313893653516294,529.243,84.96795693889925,385.0,680.0,0.35206479352064796,0.3473684210526316,620.2523,58.8952740891916,502.0,733.0,0.7796220377962204,529.4736842105264,81.24817514819814,401.375,672.75,0.35064935064935066,76,624.3436,58.30485472624441,508.0,736.0,0.8009199080091991,0.7891210878912108,1.0,0.8441558441558441,1.0
pelt_rbf,all,all,memory,changelog categories,2,18,17,389,1166,0.15938303341902313,294,0.2521440823327616,225.0109,30.351621098062097,164.0,284.0,0.011898810118988102,0.013157894736842105,284.215,47.864607770958564,194.0,382.0,0.41335866413358663,226.35526315789474,34.31217624395881,170.75,281.25,0.025974025974025976,76,280.937,46.96880920253132,192.0,375.0,0.3838616138386161,0.09519048095190481,1.0,0.2337662337662338,1.0
pelt_rbf,all,all,model,changelog categories,2,51,40,389,1166,0.41645244215938304,610,0.5231560891938251,551.3149,65.18087597331954,423.0,666.0,0.21307869213078692,0.21052631578947367,583.6047,59.62599067341672,467.975,700.0,0.33766623337666235,554.3421052631579,60.650595519270084,444.0,654.5,0.18181818181818182,76,585.6746,58.30209797514006,471.0,697.0,0.35156484351564843,0.7891210878912108,1.0,0.8441558441558441,1.0
pelt_rbf,all,all,goal,changelog categories,2,16,15,389,1166,0.14652956298200515,358,0.307032590051458,200.1692,67.62677361379102,104.0,326.0,0.0029997000299970002,0.002631578947368421,252.7832,45.10268531897295,170.0,346.0,0.015398460153984602,201.23684210526315,69.0809898444915,109.875,326.0,0.025974025974025976,76,258.4795,44.222102383128714,176.0,347.0,0.013798620137986202,0.026997300269973,0.13858614138586142,0.2337662337662338,0.12418758124187582
pelt_rbf,all,all,chat,changelog categories,2,29,25,389,1166,0.2519280205655527,401,0.3439108061749571,348.4707,58.75076771226635,240.0,472.0,0.1972802719728027,0.19736842105263158,395.0327,52.67443678236184,293.0,499.0,0.4537546245375462,344.9078947368421,55.96741376469679,249.0,454.375,0.16883116883116883,76,395.4898,53.08876847030612,296.0,501.0,0.45545445455454453,0.7891210878912108,1.0,0.8441558441558441,1.0
pelt_rbf,all,all,other,changelog categories,2,12,12,389,1166,0.13367609254498714,253,0.2169811320754717,183.4922,38.46006314094766,108.0,264.0,0.04709529047095291,0.04736842105263158,205.754,40.84688642740205,130.97500000000002,289.0,0.1346865313468653,185.80263157894737,39.263900209341436,118.625,259.625,0.07792207792207792,76,204.5757,42.09185719297968,127.0,291.0,0.133986601339866,0.32966703329667035,1.0,0.5454545454545454,1.0
pelt_rbf,all,all,village goal transitions,goals and monitor,2,51,51,389,1166,0.5886889460154242,776,0.6655231560891939,734.4061,98.42621172586838,556.0,887.0,0.3952604739526047,0.39473684210526316,666.6654,56.90405653382719,552.0,774.0,0.023897610238976102,739.3947368421053,100.2300126638548,550.5,885.25,0.42857142857142855,76,760.4073,50.31100601700034,657.0,854.0,0.394960503949605,1.0,0.14338566143385661,0.8571428571428571,0.78992100789921
pelt_rbf,all,all,scaffolding + goal transitions,goals and monitor,2,177,118,389,1166,0.7840616966580977,908,0.7787307032590052,944.9848,81.48727377044008,813.0,1055.0,0.6644335566443356,0.6605263157894737,1029.2911,37.92322214511561,945.0,1094.0,0.9964003599640036,937.8684210526316,83.46597583930243,808.875,1050.5,0.6493506493506493,76,1049.7408,34.262699961048924,974.0,1107.0,0.9994000599940006,1.0,1.0,0.8571428571428571,0.9994000599940006
pelt_rbf,all,all,agent goal changes,goals and monitor,2,33,8,55,253,0.11713977721882861,63,0.2490118577075099,42.8279,11.14168278580619,13.0,58.0,0.00009999000099990002,0.0,42.6781,10.936793027856632,17.0,60.0,0.012598740125987402,44.4,13.082643293904928,17.625,57.775,0.09090909090909091,10,45.2664,9.682944127727788,20.0,60.0,0.010298970102989701,0.0006999300069993001,0.08819118088191182,0.2727272727272727,0.030896910308969103
pelt_rbf,all,all,monitor likely-scaffolding-issue (medium/high),goals and monitor,2,55,55,64,338,1.0,338,1.0,337.8474,0.8646317128118076,336.0,338.0,0.9625037496250375,0.9636363636363636,337.7596,1.3743350099855447,334.0,338.0,0.9543045695430457,,,,,,,,,,,,1.0,1.0,,
pelt_rbf,all,all,monitor emotional-or-erratic (medium/high),goals and monitor,2,60,60,64,338,1.0,338,1.0,337.8448,0.8671725081065942,336.0,338.0,0.9612038796120388,0.9636363636363636,337.9668,0.4323383531970817,338.0,338.0,0.9919008099190081,,,,,,,,,,,,1.0,1.0,,
pelt_rbf,all,all,monitor likely-scaffolding-issue (high),goals and monitor,2,4,4,64,338,0.28125,109,0.3224852071005917,111.5915,19.498329319062787,74.0,142.0,0.5582441755824418,0.5636363636363636,99.8279,23.839494829827544,53.0,145.0,0.36766323367663234,,,,,,,,,,,,1.0,1.0,,
pelt_rbf,all,all,monitor emotional-or-erratic (high),goals and monitor,2,8,8,64,338,0.328125,122,0.3609467455621302,138.7845,15.989797594488532,104.0,164.0,0.8324167583241676,0.8363636363636363,172.2184,28.604935337674988,114.0,227.0,0.9595040495950405,,,,,,,,,,,,1.0,1.0,,
pelt_rbf,all,all,all,summary,3,186,110,389,1166,0.8123393316195373,1013,0.8687821612349914,989.3608,45.74304172162794,892.0,1056.0,0.39146085391460855,0.375,1084.6768,33.94135152427389,1008.0,1138.0,0.968003199680032,981.8513513513514,46.52490346023783,886.825,1050.05,0.32,74,1085.1163,33.86261422238687,1005.0,1138.0,0.9658034196580342,,,,
pelt_rbf,all,all,scaffolding,summary,3,126,88,389,1166,0.7172236503856041,853,0.7315608919382505,882.9156,74.27261890381867,749.975,989.0,0.6672332766723328,0.6648936170212766,1022.2254,43.96086498927268,925.0,1097.0,0.9991000899910009,876.9594594594595,76.83756914804454,740.075,986.75,0.64,74,1021.8623,44.669652746553226,923.0,1096.0,0.9986001399860014,,,,
pelt_rbf,all,all,roster only,changelog categories,3,60,43,389,1166,0.5089974293059126,698,0.5986277873070326,655.9706,65.73282601624251,533.0,774.0,0.3154684531546845,0.3191489361702128,715.302,62.599837619334096,589.0,833.0,0.620937906209379,653.7837837837837,64.26364153892169,547.825,779.225,0.25333333333333335,74,715.877,62.74090621860122,589.0,834.0,0.622937706229377,1.0,1.0,1.0,1.0
pelt_rbf,all,all,prompt (goal pooled),changelog categories,3,55,49,389,1166,0.5449871465295629,721,0.6183533447684391,695.7707,47.361497364982725,604.0,792.0,0.3086691330866913,0.300531914893617,782.1064,61.168498735572676,656.0,893.0,0.8417158284171583,689.6081081081081,47.74384205220566,602.825,782.05,0.25333333333333335,74,782.5565,60.89519546099695,661.0,895.0,0.8401159884011599,1.0,1.0,1.0,1.0
pelt_rbf,all,all,prompt without goal,changelog categories,3,39,36,389,1166,0.480719794344473,615,0.5274442538593482,612.556,63.96485608739715,495.0,729.0,0.5025497450254974,0.5,649.3661,63.96204644262497,523.0,770.0,0.7099290070992901,611.5945945945946,64.5042037323806,498.55,734.8499999999999,0.52,74,651.3924,63.26387479458875,524.975,771.0,0.7224277572242775,1.0,1.0,1.0,1.0
pelt_rbf,all,all,tool,changelog categories,3,54,43,389,1166,0.4910025706940874,670,0.5746140651801029,614.743,89.75431652424007,464.0,768.0,0.34096590340965904,0.3404255319148936,736.4471,63.48926752057413,608.0,856.0,0.8522147785221478,613.2162162162163,83.74460036083786,471.0,751.0749999999999,0.30666666666666664,74,734.2517,63.34275157843834,603.0,851.0,0.8424157584241576,1.0,1.0,1.0,1.0
pelt_rbf,all,all,memory,changelog categories,3,18,17,389,1166,0.20822622107969152,359,0.3078902229845626,282.3966,34.02621469938549,214.0,343.0,0.0046995300469953,0.005319148936170213,360.1554,56.279655212155305,255.0,471.0,0.5062493750624938,291.94594594594594,34.174769148499045,226.775,358.97499999999997,0.04,74,372.0026,56.52741395192964,263.0,483.0,0.5932406759324068,0.04229577042295771,1.0,0.32,1.0
pelt_rbf,all,all,model,changelog categories,3,51,40,389,1166,0.506426735218509,689,0.5909090909090909,651.7127,68.54895954495203,525.975,767.0,0.35056494350564943,0.34574468085106386,698.3905,65.34293366269964,567.0,821.0,0.5729427057294271,648.7972972972973,66.9098718538561,537.775,765.275,0.3333333333333333,74,698.399,63.96822017470263,570.0,818.0,0.5695430456954305,1.0,1.0,1.0,1.0
pelt_rbf,all,all,goal,changelog categories,3,16,15,389,1166,0.18251928020565553,397,0.3404802744425386,241.482,77.7664853174159,127.0,388.02499999999964,0.015898410158984102,0.018617021276595744,322.3791,53.235204347200444,220.0,428.0,0.0882911708829117,243.35135135135135,73.03319426057071,145.0,383.4,0.013333333333333334,74,320.9514,52.29321845239219,222.0,425.0,0.0816918308169183,0.12718728127187282,0.7946205379462054,0.12000000000000001,0.7352264773522648
pelt_rbf,all,all,chat,changelog categories,3,29,25,389,1166,0.32390745501285345,472,0.40480274442538594,428.457,63.297251166227746,318.0,546.0,0.27087291270872915,0.28191489361702127,492.1451,60.457121601555215,374.0,609.0,0.630936906309369,420.9864864864865,59.25877618217747,322.9,530.525,0.24,74,486.6477,60.434915592000806,367.0,605.0,0.5947405259474052,1.0,1.0,1.0,1.0
pelt_rbf,all,all,other,changelog categories,3,12,12,389,1166,0.17480719794344474,295,0.25300171526586623,228.4508,43.85648091732675,147.0,321.0,0.07579242075792421,0.07446808510638298,265.2808,49.28706597929405,173.0,364.0,0.2705729427057294,226.90540540540542,42.68655074162067,157.425,313.04999999999995,0.08,74,256.9754,48.762616563484485,166.0,356.0,0.22277772222777723,0.5305469453054694,1.0,0.56,1.0
pelt_rbf,all,all,village goal transitions,goals and monitor,3,51,51,389,1166,0.6503856041131105,811,0.6955403087478559,800.6796,99.21819676297736,618.0,951.0,0.5016498350164984,0.5079787234042553,791.6008,60.51840618447177,668.0,904.0,0.39146085391460855,801.2297297297297,99.2483459435405,621.25,939.75,0.5333333333333333,74,843.5141,52.32977203938662,736.0,939.0,0.7390260973902609,1.0,1.0,1.0,1.0
pelt_rbf,all,all,scaffolding + goal transitions,goals and monitor,3,177,118,389,1166,0.8226221079691517,926,0.7941680960548885,982.627,77.10920862001763,855.0,1083.0,0.6923307669233076,0.6968085106382979,1101.1239,29.76586214852418,1032.975,1147.0,1.0,977.8783783783783,79.81673404086864,850.0,1074.35,0.6933333333333334,74,1108.0745,28.180762326213404,1042.0,1150.0,1.0,1.0,1.0,1.0,1.0
pelt_rbf,all,all,agent goal changes,goals and monitor,3,33,8,55,253,0.15077254761049225,63,0.2490118577075099,57.2761,9.91025176769036,29.0,71.0,0.38686131386861317,0.38095238095238093,54.4811,12.933884618595169,23.0,74.0,0.27217278272172785,56.25,8.988087354143499,44.525,69.6,0.4444444444444444,8,52.5048,11.383247989632805,23.0,70.0,0.1538846115388461,1.0,1.0,1.0,0.4616538346165383
pelt_rbf,all,all,monitor likely-scaffolding-issue (medium/high),goals and monitor,3,55,55,64,338,1.0,338,1.0,338.0,0.0,338.0,338.0,1.0,1.0,337.9948,0.2039046780036475,338.0,338.0,0.9991000899910009,,,,,,,,,,,,1.0,1.0,,
pelt_rbf,all,all,monitor emotional-or-erratic (medium/high),goals and monitor,3,60,60,64,338,1.0,338,1.0,338.0,0.0,338.0,338.0,1.0,1.0,338.0,0.0,338.0,338.0,1.0,,,,,,,,,,,,1.0,1.0,,
pelt_rbf,all,all,monitor likely-scaffolding-issue (high),goals and monitor,3,4,4,64,338,0.390625,142,0.42011834319526625,148.21,22.14640255921109,104.0,183.0,0.7234276572342766,0.7254901960784313,127.7236,28.743848453580327,71.0,181.0,0.32896710328967105,,,,,,,,,,,,1.0,1.0,,
pelt_rbf,all,all,monitor emotional-or-erratic (high),goals and monitor,3,8,8,64,338,0.421875,162,0.47928994082840237,175.2994,16.781862910066724,144.0,202.0,0.7645235476452354,0.7647058823529411,209.367,32.87153426258771,143.0,271.0,0.9184081591840816,,,,,,,,,,,,1.0,1.0,,
pelt_rbf,all,external,all,summary,0,186,110,389,83,0.32904884318766064,70,0.8433734939759037,69.3033,5.530403931609759,57.0,78.0,0.5426457354264573,0.5412371134020618,72.8614,4.292718577227994,63.0,80.0,0.7867213278672133,70.07894736842105,5.5371789638039495,58.75,78.0,0.6363636363636364,76,72.9932,4.133287089740636,64.0,80.0,0.8029197080291971,,,,
pelt_rbf,all,external,scaffolding,summary,0,126,88,389,83,0.2750642673521851,63,0.7590361445783133,62.2447,7.642084928617688,49.0,75.0,0.49295070492950704,0.4948453608247423,69.7293,4.903837912556579,59.0,78.0,0.9185081491850815,63.05263157894737,7.738896970227053,49.0,75.125,0.5584415584415584,76,69.8723,4.7685077934986815,60.0,78.0,0.925007499250075,,,,
pelt_rbf,all,external,roster only,changelog categories,0,60,43,389,83,0.11053984575835475,61,0.7349397590361446,51.7192,6.741045581328831,39.0,66.0,0.09499050094990501,0.0979381443298969,55.4083,6.509610480886033,42.0,67.0,0.22367763223677634,51.80263157894737,6.63730816288673,39.75,64.25,0.11688311688311688,76,55.3829,6.414702053115407,42.0,67.0,0.2156784321567843,0.7223277672232776,1.0,0.8181818181818181,1.0
pelt_rbf,all,external,prompt (goal pooled),changelog categories,0,55,49,389,83,0.14395886889460155,58,0.6987951807228916,52.9665,7.394203484792494,40.0,67.0,0.2806719328067193,0.2860824742268041,58.7476,6.156515614245679,46.0,70.0,0.601039896010399,53.11842105263158,7.227663717067746,40.75,65.125,0.3116883116883117,76,59.328,6.236978915356301,46.0,70.0,0.6338366163383662,1.0,1.0,1.0,1.0
pelt_rbf,all,external,prompt without goal,changelog categories,0,39,36,389,83,0.11053984575835475,53,0.6385542168674698,47.9831,7.078603326398877,36.0,62.0,0.26587341265873415,0.26288659793814434,51.9966,6.975245791037369,37.0,65.0,0.49375062493750627,48.31578947368421,6.745290754920877,37.0,60.5,0.33766233766233766,76,52.8954,7.0581754458260955,38.0,66.0,0.5397460253974603,1.0,1.0,1.0,1.0
pelt_rbf,all,external,tool,changelog categories,0,54,43,389,83,0.15167095115681234,49,0.5903614457831325,47.5113,9.374841922726358,32.0,66.0,0.42685731426857315,0.4329896907216495,56.5854,6.778178310587662,42.0,69.0,0.8777122287771223,48.26315789473684,9.51681798509373,32.75,65.375,0.4935064935064935,76,56.987,6.815443934741358,43.0,69.02499999999964,0.8883111688831117,1.0,1.0,1.0,1.0
pelt_rbf,all,external,memory,changelog categories,0,18,17,389,83,0.04627249357326478,39,0.46987951807228917,26.4232,7.56622934774345,14.0,43.0,0.0902909709029097,0.08762886597938144,33.8339,7.857384083679748,18.0,49.0,0.28387161283871615,25.763157894736842,7.019721591920165,14.875,39.125,0.06493506493506493,76,34.0302,7.797882318736651,18.0,49.0,0.293970602939706,0.7223277672232776,1.0,0.5194805194805194,1.0
pelt_rbf,all,external,model,changelog categories,0,51,40,389,83,0.13367609254498714,53,0.6385542168674698,52.6698,7.5274719689564,39.0,68.0,0.47795220477952205,0.4793814432989691,54.7703,6.930291538173586,40.0,68.0,0.6407359264073592,52.94736842105263,7.260660643664331,39.875,66.25,0.5194805194805194,76,54.9275,6.852746877273113,41.0,68.0,0.6541345865413458,1.0,1.0,1.0,1.0
pelt_rbf,all,external,goal,changelog categories,0,16,15,389,83,0.038560411311053984,35,0.42168674698795183,21.8566,6.632227007838948,8.0,36.0,0.04409559044095591,0.04381443298969072,30.839,7.843636354595126,16.0,46.0,0.32556744325567444,21.907894736842106,6.532335226300923,9.875,38.125,0.05194805194805195,76,31.7791,7.877392241145041,16.0,47.0,0.36776322367763226,0.39686031396860316,1.0,0.4675324675324676,1.0
pelt_rbf,all,external,chat,changelog categories,0,29,25,389,83,0.06940874035989718,39,0.46987951807228917,35.8981,7.658366761140708,23.0,51.0,0.36906309369063095,0.36855670103092786,42.9256,7.697973143565254,27.0,57.0,0.7246275372462754,35.68421052631579,7.619642207375689,22.875,52.0,0.3116883116883117,76,43.1033,7.5451389663943385,28.0,57.0,0.7305269473052695,1.0,1.0,1.0,1.0
pelt_rbf,all,external,other,changelog categories,0,12,12,389,83,0.030848329048843187,31,0.37349397590361444,21.1155,8.68089255431456,7.0,42.0,0.14378562143785623,0.14690721649484537,26.2178,7.5905022714227055,12.0,41.0,0.2876712328767123,21.105263157894736,8.610968118035542,7.875,39.625,0.15584415584415584,76,26.4551,7.59653570553529,12.0,42.0,0.29947005299470053,0.8627137286271374,1.0,0.935064935064935,1.0
pelt_rbf,all,external,village goal transitions,goals and monitor,0,51,51,389,83,0.13110539845758354,64,0.7710843373493976,58.7284,8.333389345146294,43.0,73.0,0.294970502949705,0.3015463917525773,58.9622,6.01531292277932,46.0,70.0,0.23317668233176683,58.75,8.668909966079934,42.875,74.0,0.35064935064935066,76,62.9956,5.511770913405254,51.0,73.0,0.48665133486651335,1.0,1.0,0.7012987012987013,0.9733026697330267
pelt_rbf,all,external,scaffolding + goal transitions,goals and monitor,0,177,118,389,83,0.34704370179948585,68,0.8192771084337349,68.2095,7.94192150311977,51.0,78.0,0.6201379862013798,0.615979381443299,73.8734,4.042475306128668,65.0,80.0,0.9268073192680731,68.39473684210526,7.99012548481924,51.875,78.125,0.6363636363636364,76,74.8707,3.790701577788099,66.0,80.0,0.9579042095790421,1.0,1.0,0.7012987012987013,0.9733026697330267
pelt_rbf,all,external,monitor likely-scaffolding-issue (medium/high),goals and monitor,0,55,55,64,32,0.859375,32,1.0,31.0912,0.9809071199037083,29.0,32.0,0.46285371462853714,0.47619047619047616,31.118,0.988116206406785,29.0,32.0,0.44415558444155584,,,,,,,,,,,,1.0,1.0,,
pelt_rbf,all,external,monitor emotional-or-erratic (medium/high),goals and monitor,0,60,60,64,32,0.9375,32,1.0,31.5828,0.8793301326283632,29.0,32.0,0.7789221077892211,0.7777777777777778,31.6092,0.6761072933397557,30.0,32.0,0.706029397060294,,,,,,,,,,,,1.0,1.0,,
pelt_rbf,all,external,monitor likely-scaffolding-issue (high),goals and monitor,0,4,4,64,32,0.0625,6,0.1875,8.9118,3.6636270247253107,2.0,16.0,0.7905209479052094,0.7936507936507936,8.2335,4.1055892800344305,1.0,16.0,0.7097290270972902,,,,,,,,,,,,1.0,1.0,,
pelt_rbf,all,external,monitor emotional-or-erratic (high),goals and monitor,0,8,8,64,32,0.125,7,0.21875,11.7531,4.907234300993634,5.0,22.0,0.7887211278872113,0.7936507936507936,13.6565,4.3875543088697295,5.0,22.0,0.9479052094790521,,,,,,,,,,,,1.0,1.0,,
pelt_rbf,all,external,all,summary,1,186,110,389,83,0.5886889460154242,77,0.927710843373494,74.0929,5.657514501707769,61.0,81.0,0.416958304169583,0.4088541666666667,77.8561,3.7580320741722057,68.0,83.0,0.7216278372162783,74.60526315789474,5.659396781444517,61.875,81.125,0.4675324675324675,76,78.1068,3.642598057988447,69.0,83.0,0.7531246875312468,,,,
pelt_rbf,all,external,scaffolding,summary,1,126,88,389,83,0.5038560411311054,66,0.7951807228915663,66.8697,8.096226083656493,51.0,79.0,0.5896410358964104,0.5885416666666666,75.1314,4.6594103758421035,64.0,82.0,0.9562043795620438,67.01315789473684,8.365792922853768,51.0,79.0,0.5974025974025974,76,75.201,4.664694517060442,64.0,82.0,0.9593040695930407,,,,
pelt_rbf,all,external,roster only,changelog categories,1,60,43,389,83,0.2827763496143959,71,0.8554216867469879,56.8219,7.246339167685522,43.0,71.0,0.0342965703429657,0.033854166666666664,61.2014,7.109169576624749,46.0,73.0,0.08859114088591141,57.51315789473684,7.491316610676892,42.0,70.125,0.03896103896103896,76,61.8942,7.096044091194362,47.0,74.0,0.10968903109689031,0.2743725627437256,0.7973202679732028,0.35064935064935066,0.9872012798720128
pelt_rbf,all,external,prompt (goal pooled),changelog categories,1,55,49,389,83,0.32390745501285345,63,0.7590361445783133,58.2643,8.198131887609803,44.0,72.0,0.34726527347265274,0.34375,64.5765,6.6761369691224175,51.0,76.0,0.640935906409359,58.43421052631579,8.198106328196838,45.875,72.125,0.36363636363636365,76,65.1372,6.6202536912035015,51.0,76.0,0.6716328367163283,1.0,1.0,1.0,1.0
pelt_rbf,all,external,prompt without goal,changelog categories,1,39,36,389,83,0.2544987146529563,56,0.6746987951807228,53.6443,7.8783871705090025,40.0,68.0,0.41445855414458554,0.4088541666666667,57.7164,7.670701076531437,42.0,71.0,0.624937506249375,54.10526315789474,8.41360635695684,41.0,69.0,0.42857142857142855,76,58.6284,7.601795325396292,42.97500000000002,72.0,0.6625337466253375,1.0,1.0,1.0,1.0
pelt_rbf,all,external,tool,changelog categories,1,54,43,389,83,0.30077120822622105,50,0.6024096385542169,51.8849,10.201571408166469,35.0,72.0,0.5738426157384262,0.5755208333333334,62.238,7.13379598141904,47.0,75.0,0.9534046595340466,53.11842105263158,10.383277716614868,35.0,70.25,0.6233766233766234,76,62.8349,7.190981366357525,48.0,75.0,0.9598040195980402,1.0,1.0,1.0,1.0
pelt_rbf,all,external,memory,changelog categories,1,18,17,389,83,0.10539845758354756,47,0.5662650602409639,29.8296,8.089580209800573,15.0,47.0,0.027797220277972202,0.026041666666666668,38.2516,8.464198822462206,22.0,55.0,0.16628337166283372,29.157894736842106,8.016736878271521,16.875,47.25,0.07792207792207792,76,37.5422,8.369828227774823,21.0,54.0,0.1441855814418558,0.2501749825017498,1.0,0.5454545454545454,1.0
pelt_rbf,all,external,model,changelog categories,1,51,40,389,83,0.29562982005141386,63,0.7590361445783133,57.5447,7.9402711981814615,43.0,73.0,0.2816718328167183,0.2786458333333333,60.3691,7.376347757571091,45.0,73.0,0.4106589341065893,58.19736842105263,8.200845057012284,45.0,73.0,0.33766233766233766,76,61.2296,7.296698432908001,46.0,74.0,0.4597540245975402,1.0,1.0,1.0,1.0
pelt_rbf,all,external,goal,changelog categories,1,16,15,389,83,0.09768637532133675,40,0.4819277108433735,24.2858,7.1293478748137975,10.0,41.0,0.041495850414958506,0.0390625,35.0998,8.58554664078602,18.0,52.0,0.3090690930906909,23.539473684210527,6.688180199872377,11.75,39.25,0.03896103896103896,76,34.9872,8.290808760970856,19.0,51.0,0.29387061293870614,0.29047095290470953,1.0,0.35064935064935066,1.0
pelt_rbf,all,external,chat,changelog categories,1,29,25,389,83,0.16966580976863754,42,0.5060240963855421,40.3876,8.712276201754715,24.0,58.0,0.46565343465653436,0.4609375,48.1612,8.291760361285709,31.0,64.0,0.7837216278372163,39.25,8.763751099462679,25.625,60.375,0.42857142857142855,76,47.6614,8.182765168607766,31.0,63.0,0.7722227777222278,1.0,1.0,1.0,1.0
pelt_rbf,all,external,other,changelog categories,1,12,12,389,83,0.08740359897172237,39,0.46987951807228917,23.734,9.650842340220235,9.0,48.0,0.09159084091590841,0.09375,29.6397,8.406494562246651,14.0,46.0,0.15128487151284872,23.644736842105264,9.360489940693519,8.75,41.875,0.1038961038961039,76,29.275,8.29705122955804,13.0,46.0,0.1386861313868613,0.5495450454954505,1.0,0.6233766233766234,1.0
pelt_rbf,all,external,village goal transitions,goals and monitor,1,51,51,389,83,0.37532133676092544,66,0.7951807228915663,63.0593,9.05142951956401,44.0,77.0,0.48325167483251674,0.484375,64.9116,6.544483819740613,51.0,76.0,0.5041495850414959,62.23684210526316,8.711476600519772,45.75,75.125,0.42857142857142855,76,67.0453,5.810234400812005,55.0,77.0,0.6273372662733727,1.0,1.0,0.8571428571428571,1.0
pelt_rbf,all,external,scaffolding + goal transitions,goals and monitor,1,177,118,389,83,0.6401028277634961,69,0.8313253012048193,71.6688,8.278209917363995,53.0,81.0,0.7306269373062694,0.7265625,78.6185,3.430617242343766,70.0,83.0,0.9844015598440156,70.80263157894737,8.734635633449333,51.875,81.0,0.7012987012987013,76,78.8884,3.3370134860231824,71.0,83.0,0.9857014298570143,1.0,1.0,0.8571428571428571,1.0
pelt_rbf,all,external,monitor likely-scaffolding-issue (medium/high),goals and monitor,1,55,55,64,32,1.0,32,1.0,31.9486,0.288038776267473,31.0,32.0,0.9657034296570343,0.9661016949152542,31.9354,0.3296023418763541,31.0,32.0,0.9577042295770423,,,,,,,,,,,,1.0,1.0,,
pelt_rbf,all,external,monitor emotional-or-erratic (medium/high),goals and monitor,1,60,60,64,32,1.0,32,1.0,31.9492,0.2857053075325609,31.0,32.0,0.9659034096590341,0.9661016949152542,31.9912,0.12051561061223615,32.0,32.0,0.9941005899410059,,,,,,,,,,,,1.0,1.0,,
pelt_rbf,all,external,monitor likely-scaffolding-issue (high),goals and monitor,1,4,4,64,32,0.171875,6,0.1875,11.9931,4.167275969851395,4.0,19.0,0.932906709329067,0.9322033898305084,10.5862,4.902690403984299,2.0,20.0,0.8254174582541746,,,,,,,,,,,,1.0,1.0,,
pelt_rbf,all,external,monitor emotional-or-erratic (high),goals and monitor,1,8,8,64,32,0.234375,16,0.5,14.7109,5.17329657856081,6.0,25.0,0.47735226477352266,0.4745762711864407,17.1649,5.009033542680981,7.0,27.0,0.6421357864213578,,,,,,,,,,,,1.0,1.0,,
pelt_rbf,all,external,all,summary,2,186,110,389,83,0.7326478149100257,78,0.9397590361445783,77.1802,5.021379231340577,65.0,83.0,0.5918408159184082,0.5868421052631579,80.3486,3.0268125477835497,72.0,83.0,0.869013098690131,76.97368421052632,5.011915626346282,63.75,83.0,0.5974025974025974,76,80.4744,2.9519851052480193,72.0,83.0,0.8839116088391161,,,,
pelt_rbf,all,external,scaffolding,summary,2,126,88,389,83,0.6349614395886889,68,0.8192771084337349,70.3847,7.923760755376883,54.0,80.0,0.6902309769023097,0.6789473684210526,78.3137,4.049436022856803,67.0,83.0,0.9719028097190281,69.59210526315789,8.487131642007911,53.0,80.125,0.5974025974025974,76,78.4334,4.0076889346679225,67.0,83.0,0.9738026197380262,,,,
pelt_rbf,all,external,roster only,changelog categories,2,60,43,389,83,0.416452442159383,71,0.8554216867469879,61.0727,7.791680546491485,46.0,75.0,0.13358664133586642,0.13157894736842105,65.9666,7.317174218498176,50.0,78.0,0.2997700229977002,61.39473684210526,7.84700188584731,46.875,74.125,0.19480519480519481,76,66.4072,7.303911477577423,51.0,78.0,0.32936706329367066,0.8015198480151986,1.0,0.974025974025974,1.0
pelt_rbf,all,external,prompt (goal pooled),changelog categories,2,55,49,389,83,0.4498714652956298,65,0.7831325301204819,62.6709,8.438501882526431,47.0,75.0,0.44445555444455553,0.44473684210526315,69.0475,6.710510177675351,54.0,79.0,0.7529247075292471,62.526315789473685,8.620090771696127,47.0,75.125,0.4675324675324675,76,69.5425,6.735304757991156,55.0,80.0,0.776022397760224,1.0,1.0,1.0,1.0
pelt_rbf,all,external,prompt without goal,changelog categories,2,39,36,389,83,0.37532133676092544,58,0.6987951807228916,58.2387,8.549949267290849,44.0,73.0,0.5404459554044595,0.5447368421052632,62.2414,7.979604842932068,46.0,76.0,0.7226277372262774,58.55263157894737,8.759596241596382,44.875,72.0,0.5714285714285714,76,62.6639,8.038494792549969,46.0,76.0,0.7403259674032596,1.0,1.0,1.0,1.0
pelt_rbf,all,external,tool,changelog categories,2,54,43,389,83,0.4087403598971722,57,0.6867469879518072,55.7166,10.729547835751326,37.0,75.0,0.46755324467553244,0.4631578947368421,66.6083,7.4299119422202375,50.0,78.0,0.8938106189381062,55.276315789473685,10.884360258904243,37.75,74.125,0.4805194805194805,76,67.0628,7.28605275965537,51.0,79.0,0.9108089191080891,1.0,1.0,1.0,1.0
pelt_rbf,all,external,memory,changelog categories,2,18,17,389,83,0.15938303341902313,49,0.5903614457831325,32.8936,8.548320678276047,18.0,51.0,0.047595240475952406,0.04736842105263158,41.9567,9.231974222494584,24.0,60.0,0.2405759424057594,32.94736842105263,8.802870345278833,16.875,51.125,0.07792207792207792,76,41.8145,9.107095237690602,24.0,59.0,0.23407659234076592,0.4283571642835717,1.0,0.6233766233766234,1.0
pelt_rbf,all,external,model,changelog categories,2,51,40,389,83,0.416452442159383,72,0.8674698795180723,61.3084,8.129360250955113,46.0,76.0,0.1342865713428657,0.13421052631578947,64.9606,7.590955796274281,49.0,77.0,0.21387861213878612,61.5921052631579,8.439869875108972,47.875,76.0,0.12987012987012986,76,65.2102,7.58686839329652,49.0,77.0,0.22477752224777522,0.8015198480151986,1.0,0.7792207792207791,1.0
pelt_rbf,all,external,goal,changelog categories,2,16,15,389,83,0.14652956298200515,42,0.5060240963855421,26.1663,7.604040140125857,13.0,44.0,0.057694230576942306,0.05526315789473684,38.6705,9.108546882605989,21.0,57.0,0.37466253374662534,26.210526315789473,7.661707015147793,14.75,43.0,0.06493506493506493,76,39.3981,9.059217589413185,22.0,57.0,0.40975902409759024,0.46155384461553844,1.0,0.5844155844155844,1.0
pelt_rbf,all,external,chat,changelog categories,2,29,25,389,83,0.2519280205655527,46,0.5542168674698795,44.5819,9.222429056911794,28.0,65.0,0.4567543245675432,0.45,52.4954,8.897308303610982,34.0,69.0,0.7845215478452154,43.56578947368421,9.429507624212821,27.0,62.375,0.44155844155844154,76,52.7457,8.76191238377,35.0,69.0,0.7885211478852114,1.0,1.0,1.0,1.0
pelt_rbf,all,external,other,changelog categories,2,12,12,389,83,0.13367609254498714,44,0.5301204819277109,26.3845,10.677933394442842,9.0,53.0,0.0756924307569243,0.07105263157894737,33.0941,9.07942116981462,16.0,51.0,0.1292870712928707,27.11842105263158,11.046528390118056,9.875,53.125,0.1038961038961039,76,33.3598,9.118884765470863,16.0,52.0,0.13808619138086192,0.5298470152984701,1.0,0.7272727272727273,1.0
pelt_rbf,all,external,village goal transitions,goals and monitor,2,51,51,389,83,0.5886889460154242,68,0.8192771084337349,67.1202,9.52413895752725,46.0,80.0,0.5943405659434057,0.5868421052631579,69.3666,6.669261754139998,55.0,79.0,0.6487351264873512,67.57894736842105,9.666799757099536,48.75,79.25,0.6363636363636364,76,74.0579,5.5186767589085095,61.0,81.0,0.8682131786821318,1.0,1.0,1.0,1.0
pelt_rbf,all,external,scaffolding + goal transitions,goals and monitor,2,177,118,389,83,0.7840616966580977,70,0.8433734939759037,73.5265,8.104422614634041,55.0,82.0,0.7695230476952305,0.7736842105263158,80.9345,2.6252807392536113,73.0,83.0,0.9938006199380062,72.97368421052632,8.543182364451827,54.875,82.0,0.7402597402597403,76,81.3919,2.298835108111373,74.0,83.0,0.9968003199680032,1.0,1.0,1.0,1.0
pelt_rbf,all,external,monitor likely-scaffolding-issue (medium/high),goals and monitor,2,55,55,64,32,1.0,32,1.0,32.0,0.0,32.0,32.0,1.0,1.0,31.994,0.10375488666877704,32.0,32.0,0.9964003599640036,,,,,,,,,,,,1.0,1.0,,
pelt_rbf,all,external,monitor emotional-or-erratic (medium/high),goals and monitor,2,60,60,64,32,1.0,32,1.0,32.0,0.0,32.0,32.0,1.0,1.0,31.9998,0.020000000000000007,32.0,32.0,0.9999000099990001,,,,,,,,,,,,1.0,1.0,,
pelt_rbf,all,external,monitor likely-scaffolding-issue (high),goals and monitor,2,4,4,64,32,0.28125,12,0.375,15.2185,5.295636139899778,6.0,24.0,0.7038296170382962,0.7090909090909091,13.0923,5.729193929018953,3.0,24.0,0.5891410858914109,,,,,,,,,,,,1.0,1.0,,
pelt_rbf,all,external,monitor emotional-or-erratic (high),goals and monitor,2,8,8,64,32,0.328125,19,0.59375,17.9808,5.488501045310317,8.0,27.0,0.5418458154184581,0.5454545454545454,20.6056,5.52031666026533,9.0,29.0,0.683031696830317,,,,,,,,,,,,1.0,1.0,,
pelt_rbf,all,external,all,summary,3,186,110,389,83,0.8123393316195373,79,0.9518072289156626,78.8987,4.378259383079371,66.0,83.0,0.6878312168783122,0.6861702127659575,81.671,2.2844432293420662,74.0,83.0,0.9287071292870713,77.89189189189189,4.917309564997464,64.65,83.0,0.6,74,81.6668,2.3039766906067185,74.0,83.0,0.9284071592840716,,,,
pelt_rbf,all,external,scaffolding,summary,3,126,88,389,83,0.7172236503856041,70,0.8433734939759037,72.3261,7.723284515176832,55.0,81.0,0.7046295370462954,0.7074468085106383,80.2436,3.3803848508970127,71.0,83.0,0.9812018798120188,71.29729729729729,8.434647607728966,53.825,81.0,0.68,74,80.1752,3.4568048701063527,71.0,83.0,0.9808019198080192,,,,
pelt_rbf,all,external,roster only,changelog categories,3,60,43,389,83,0.5089974293059126,72,0.8674698795180723,64.6217,7.982791592304075,49.0,77.0,0.2283771622837716,0.22872340425531915,69.5711,7.184059149296174,54.0,80.0,0.45395460453954606,64.35135135135135,7.755567920228159,47.0,76.0,0.2,74,69.4989,7.207662161157592,54.0,80.0,0.4520547945205479,1.0,1.0,1.0,1.0
pelt_rbf,all,external,prompt (goal pooled),changelog categories,3,55,49,389,83,0.5449871465295629,67,0.8072289156626506,65.8874,8.36189651761711,51.0,78.0,0.5154484551544846,0.5186170212765957,72.3741,6.5628999958582,57.0,81.0,0.8116188381161884,64.8108108108108,8.531449756636825,50.65,78.0,0.49333333333333335,74,72.2623,6.581141986994757,57.0,81.0,0.8095190480951905,1.0,1.0,1.0,1.0
pelt_rbf,all,external,prompt without goal,changelog categories,3,39,36,389,83,0.480719794344473,59,0.7108433734939759,61.4857,8.683647625485984,46.0,75.0,0.6182381761823817,0.6143617021276596,66.0631,7.977899665846133,49.0,78.0,0.8193180681931806,60.63513513513514,8.726552653503276,46.825,73.175,0.6,74,65.9278,8.02478827650227,49.0,78.0,0.8066193380661933,1.0,1.0,1.0,1.0
pelt_rbf,all,external,tool,changelog categories,3,54,43,389,83,0.4910025706940874,60,0.7228915662650602,58.6917,10.9460236000689,38.0,77.0,0.48635136486351366,0.48138297872340424,70.2219,7.168458625807014,54.0,80.02499999999964,0.9097090290970903,58.36486486486486,11.247616885275152,38.825,76.175,0.49333333333333335,74,70.1095,7.204325088444995,54.0,80.0,0.904009599040096,1.0,1.0,1.0,1.0
pelt_rbf,all,external,memory,changelog categories,3,18,17,389,83,0.2082262210796915,59,0.7108433734939759,35.7669,8.912918063173255,19.0,55.0,0.016298370162983702,0.015957446808510637,45.6771,9.670169947249162,27.0,64.0,0.09989001099890012,35.986486486486484,9.343510301080116,20.475,57.175,0.02666666666666667,74,46.3977,9.757605023548534,27.0,65.0,0.11448855114488551,0.1466853314668533,0.8990100989901011,0.24000000000000002,1.0
pelt_rbf,all,external,model,changelog categories,3,51,40,389,83,0.506426735218509,73,0.8795180722891566,64.5368,8.07151539031362,49.0,78.0,0.21187881211878812,0.21808510638297873,68.6405,7.4603770328681955,52.0,80.0,0.35596440355964404,64.27027027027027,7.7429549017726345,50.65,77.175,0.16,74,68.5358,7.584475643515425,52.0,80.0,0.35236476352364765,1.0,1.0,0.96,1.0
pelt_rbf,all,external,goal,changelog categories,3,16,15,389,83,0.18251928020565553,43,0.5180722891566265,28.0648,7.778177869211818,15.0,45.0,0.0668933106689331,0.06914893617021277,42.2736,9.663574985901999,24.0,61.0,0.48895110488951105,28.554054054054053,7.716095776001967,16.0,44.175,0.08,74,42.5663,9.6676445241364,24.0,62.0,0.5001499850014999,0.5351464853514648,1.0,0.64,1.0
pelt_rbf,all,external,chat,changelog categories,3,29,25,389,83,0.32390745501285345,54,0.6506024096385542,48.2222,9.497960217058633,30.0,69.0,0.2655734426557344,0.2632978723404255,56.6323,9.129580035968978,38.0,73.0,0.6382361763823617,47.513513513513516,9.865177783070902,29.825,67.87499999999999,0.25333333333333335,74,56.727,9.022882701289213,39.0,73.0,0.6444355564443556,1.0,1.0,1.0,1.0
pelt_rbf,all,external,other,changelog categories,3,12,12,389,83,0.17480719794344474,47,0.5662650602409639,28.5205,11.112530251156048,10.0,56.0,0.0821917808219178,0.0851063829787234,36.3413,9.705938122277688,18.0,56.0,0.15398460153984603,28.35135135135135,11.12128950889305,10.825,55.69999999999999,0.08,74,35.6618,9.340853596679024,18.0,55.0,0.12428757124287572,0.5753424657534246,1.0,0.64,1.0
pelt_rbf,all,external,village goal transitions,goals and monitor,3,51,51,389,83,0.6503856041131105,70,0.8433734939759037,69.4295,9.300090263964742,49.0,81.0,0.6343365663433657,0.6303191489361702,72.8779,6.299536491361932,58.0,81.0,0.7397260273972602,69.27027027027027,9.630569617568323,49.65,80.175,0.68,74,75.2762,5.46679999178816,62.0,82.0,0.8507149285071492,1.0,1.0,1.0,1.0
pelt_rbf,all,external,scaffolding + goal transitions,goals and monitor,3,177,118,389,83,0.8226221079691517,70,0.8433734939759037,74.5299,7.723682510121174,56.0,82.0,0.8081191880811919,0.8058510638297872,82.0058,1.9075456044412942,75.0,83.0,0.9979002099790021,73.71621621621621,8.448912178127195,54.825,82.0,0.7866666666666666,74,82.1714,1.7565678447072024,76.0,83.0,0.9979002099790021,1.0,1.0,1.0,1.0
pelt_rbf,all,external,monitor likely-scaffolding-issue (medium/high),goals and monitor,3,55,55,64,32,1.0,32,1.0,32.0,0.0,32.0,32.0,1.0,1.0,31.9997,0.022359785240462393,32.0,32.0,0.9998000199980002,,,,,,,,,,,,1.0,1.0,,
pelt_rbf,all,external,monitor emotional-or-erratic (medium/high),goals and monitor,3,60,60,64,32,1.0,32,1.0,32.0,0.0,32.0,32.0,1.0,1.0,32.0,0.0,32.0,32.0,1.0,,,,,,,,,,,,1.0,1.0,,
pelt_rbf,all,external,monitor likely-scaffolding-issue (high),goals and monitor,3,4,4,64,32,0.390625,12,0.375,17.7587,5.925435459823932,9.0,27.0,0.7482251774822518,0.7450980392156863,15.3912,6.420068869445938,4.0,27.0,0.6755324467553244,,,,,,,,,,,,1.0,1.0,,
pelt_rbf,all,external,monitor emotional-or-erratic (high),goals and monitor,3,8,8,64,32,0.421875,19,0.59375,20.9774,5.35448935899863,12.0,29.0,0.6906309369063094,0.6862745098039216,23.1129,5.7887912901105745,10.0,31.0,0.7877212278772123,,,,,,,,,,,,1.0,1.0,,
pelt_rbf,all,family,all,summary,0,186,110,389,314,0.32904884318766064,185,0.589171974522293,124.102,13.187546668683826,100.0,149.0,0.00009999000099990002,0.0,127.2842,13.029597361420654,102.0,153.0,0.00009999000099990002,125.02631578947368,13.255412664729857,102.0,149.75,0.012987012987012988,76,129.1704,12.770836827214055,105.0,155.0,0.00009999000099990002,,,,
pelt_rbf,all,family,scaffolding,summary,0,126,88,389,314,0.2750642673521851,159,0.5063694267515924,104.6975,14.033598538464533,79.0,131.02499999999964,0.00009999000099990002,0.0,108.8285,12.883985697708061,84.0,135.0,0.00009999000099990002,106.85526315789474,12.908605860555117,85.75,129.5,0.012987012987012988,76,112.3305,12.682553152478667,88.0,137.0,0.00019998000199980003,,,,
pelt_rbf,all,family,roster only,changelog categories,0,60,43,389,314,0.11053984575835474,85,0.27070063694267515,50.343,10.519411428482117,32.0,72.0,0.0028997100289971,0.002577319587628866,51.8546,10.504993780551844,32.0,74.0,0.0014998500149985001,50.51315789473684,11.210106655517162,30.875,73.125,0.012987012987012988,76,52.3407,10.231455995076065,34.0,74.0,0.0028997100289971,0.0144985501449855,0.010498950104989501,0.1168831168831169,0.0202979702029797
pelt_rbf,all,family,prompt (goal pooled),changelog categories,0,55,49,389,314,0.14395886889460155,115,0.3662420382165605,60.8607,11.924693511429723,39.0,84.0,0.00009999000099990002,0.0,64.1494,11.506429482334786,43.0,88.0,0.00009999000099990002,62.30263157894737,11.792675395450184,47.5,91.375,0.012987012987012988,76,65.9804,11.289914173996436,45.0,89.0,0.00019998000199980003,0.0008999100089991002,0.0008999100089991002,0.1168831168831169,0.0015998400159984002
pelt_rbf,all,family,prompt without goal,changelog categories,0,39,36,389,314,0.11053984575835474,97,0.3089171974522293,48.1224,11.430007994234948,29.0,71.0,0.00009999000099990002,0.0,50.345,10.527063071231717,31.0,73.0,0.00009999000099990002,47.35526315789474,11.846466643258005,28.0,73.5,0.012987012987012988,76,50.0429,10.220934709733454,31.0,71.0,0.00009999000099990002,0.0008999100089991002,0.0008999100089991002,0.1168831168831169,0.0008999100089991002
pelt_rbf,all,family,tool,changelog categories,0,54,43,389,314,0.15167095115681234,92,0.2929936305732484,60.4796,13.011145715550308,40.0,89.0,0.016298370162983702,0.015463917525773196,63.6806,11.571187185301591,42.0,87.0,0.0103989601039896,62.39473684210526,12.439805944218927,46.0,88.5,0.03896103896103896,76,66.1854,11.497036358318715,45.0,90.0,0.018698130186981302,0.06519348065193481,0.0415958404159584,0.1168831168831169,0.05879412058794121
pelt_rbf,all,family,memory,changelog categories,0,18,17,389,314,0.04627249357326478,37,0.1178343949044586,20.4623,6.823960386281222,11.0,36.0,0.020397960203979604,0.020618556701030927,22.4357,7.59413145746499,10.0,40.0,0.047295270472952705,18.88157894736842,6.572603959392164,10.875,34.25,0.025974025974025976,76,21.5814,7.604298559082065,9.0,39.0,0.043195680431956804,0.06519348065193481,0.05729427057294271,0.1168831168831169,0.08639136086391361
pelt_rbf,all,family,model,changelog categories,0,51,40,389,314,0.13367609254498714,90,0.28662420382165604,56.7403,11.213671591100539,36.0,80.0,0.00009999000099990002,0.0,57.2795,11.034888156463687,37.0,80.0,0.0027997200279972004,55.19736842105263,12.08417117482437,33.75,79.25,0.025974025974025976,76,56.8312,10.731711118100051,37.0,79.0,0.0028997100289971,0.0008999100089991002,0.013998600139986002,0.1168831168831169,0.0202979702029797
pelt_rbf,all,family,goal,changelog categories,0,16,15,389,314,0.038560411311053984,37,0.1178343949044586,17.8379,8.324659367527211,5.0,36.0,0.024197580241975804,0.023195876288659795,19.2698,7.042085419583156,8.0,35.0,0.0198980101989801,20.039473684210527,8.935980885496841,4.875,38.75,0.06493506493506493,76,22.3118,7.643534726964497,10.0,39.0,0.04709529047095291,0.06519348065193481,0.05729427057294271,0.1168831168831169,0.08639136086391361
pelt_rbf,all,family,chat,changelog categories,0,29,25,389,314,0.06940874035989718,62,0.19745222929936307,31.2998,9.16619451420202,16.0,52.0,0.00009999000099990002,0.0,32.8152,8.941490031555055,18.0,52.0,0.0022997700229977,33.3421052631579,9.658920066037675,18.875,55.0,0.012987012987012988,76,34.882,9.153614306135394,19.0,55.0,0.0059994000599940004,0.0008999100089991002,0.0137986201379862,0.1168831168831169,0.029997000299970003
pelt_rbf,all,family,other,changelog categories,0,12,12,389,314,0.03084832904884319,32,0.10191082802547771,14.8503,6.234915984015564,5.0,30.0,0.022097790220977902,0.020618556701030927,15.49,6.467648958339098,5.0,31.0,0.019098090190980903,15.342105263157896,5.925206340325929,5.0,30.0,0.012987012987012988,76,16.2783,6.2462429239556885,6.0,30.0,0.014698530146985302,0.06519348065193481,0.05729427057294271,0.1168831168831169,0.05879412058794121
pelt_rbf,all,family,village goal transitions,goals and monitor,0,51,51,389,314,0.13110539845758354,107,0.34076433121019106,64.6413,13.88723586038576,40.0,97.0,0.005699430056994301,0.005154639175257732,60.4021,10.893699227456477,40.0,83.0,0.00009999000099990002,80.85526315789474,12.756910751817014,61.625,107.0,0.05194805194805195,76,82.1706,10.698576615333435,61.0,103.0,0.0115988401159884,0.03419658034196581,0.0006999300069993001,0.1038961038961039,0.0231976802319768
pelt_rbf,all,family,scaffolding + goal transitions,goals and monitor,0,177,118,389,314,0.34704370179948585,191,0.60828025477707,131.4422,14.967072542285903,102.0,161.0,0.00009999000099990002,0.0,133.6819,13.00184668390299,108.0,159.0,0.00009999000099990002,143.25,12.758395928433428,121.375,167.125,0.012987012987012988,76,148.3282,12.39499287393238,124.0,172.0,0.0004999500049995,0.0006999300069993001,0.0006999300069993001,0.03896103896103896,0.0014998500149985001
pelt_rbf,all,family,agent goal changes,goals and monitor,0,33,8,55,39,0.08018648018648018,7,0.1794871794871795,3.7143,2.3202184921651536,0.0,10.0,0.12348765123487651,0.12962962962962962,3.8242,2.409579832148491,0.0,9.0,0.1394860513948605,4.2,2.3475755815545343,0.45,7.0,0.2727272727272727,10,4.3785,2.5513307662605973,1.0,10.0,0.19738026197380262,0.6174382561743825,0.6974302569743025,0.2727272727272727,0.19738026197380262
pelt_rbf,all,family,monitor likely-scaffolding-issue (medium/high),goals and monitor,0,55,55,64,54,0.859375,42,0.7777777777777778,45.6509,3.851014440536691,36.0,51.0,0.8457154284571543,0.8412698412698413,45.5655,3.8426015027102225,37.0,52.0,0.8468153184681532,,,,,,,,,,,,1.0,1.0,,
pelt_rbf,all,family,monitor emotional-or-erratic (medium/high),goals and monitor,0,60,60,64,54,0.9375,49,0.9074074074074074,49.148,2.537703685223986,43.0,52.0,0.6361363863613638,0.6349206349206349,49.1433,2.682141774487293,43.0,52.0,0.6664333566643336,,,,,,,,,,,,1.0,1.0,,
pelt_rbf,all,family,monitor likely-scaffolding-issue (high),goals and monitor,0,4,4,64,54,0.0625,7,0.12962962962962962,4.5388,2.531073920990723,1.0,10.0,0.22047795220477953,0.2222222222222222,4.3278,3.0084301928451858,0.0,11.0,0.21677832216778323,,,,,,,,,,,,0.8819118088191181,0.8671132886711329,,
pelt_rbf,all,family,monitor emotional-or-erratic (high),goals and monitor,0,8,8,64,54,0.125,7,0.12962962962962962,7.8932,3.222922971969439,2.0,15.0,0.6025397460253975,0.6031746031746031,8.5103,4.032631910057277,2.0,18.0,0.6478352164783522,,,,,,,,,,,,1.0,1.0,,
pelt_rbf,all,family,all,summary,1,186,110,389,314,0.5886889460154242,239,0.7611464968152867,196.8977,13.761350667257148,170.0,224.0,0.00009999000099990002,0.0,218.4241,14.302821269233073,189.0,246.0,0.07549245075492451,198.3815789473684,12.756140592162566,170.875,218.875,0.012987012987012988,76,219.811,13.986123128444722,192.0,246.0,0.08599140085991401,,,,
pelt_rbf,all,family,scaffolding,summary,1,126,88,389,314,0.5038560411311054,210,0.6687898089171974,169.6567,15.705983347160728,141.0,203.0,0.00009999000099990002,0.0,191.6049,15.22632523257036,161.0,221.0,0.12398760123987601,170.98684210526315,14.932285755862592,144.875,197.5,0.012987012987012988,76,193.2663,15.031825567375003,163.0,222.0,0.1421857814218578,,,,
pelt_rbf,all,family,roster only,changelog categories,1,60,43,389,314,0.2827763496143959,129,0.410828025477707,101.1495,14.25312123348741,75.0,127.0,0.019498050194980503,0.018229166666666668,106.8397,14.834911909786898,79.0,137.0,0.073992600739926,104.09210526315789,12.86875039940185,84.625,128.375,0.03896103896103896,76,108.6402,14.528497915654203,81.0,138.0,0.09219078092190781,0.11698830116988301,0.295970402959704,0.23376623376623376,0.5021497850214978
pelt_rbf,all,family,prompt (goal pooled),changelog categories,1,55,49,389,314,0.32390745501285345,156,0.4968152866242038,113.7893,14.929380233265377,83.0,145.0,0.007499250074992501,0.005208333333333333,123.4819,15.390989592812561,94.0,154.0,0.018698130186981302,115.07894736842105,14.495758605325202,91.0,141.375,0.012987012987012988,76,125.9957,14.73507359158328,97.0,155.0,0.022397760223977603,0.059994000599940006,0.135986401359864,0.1168831168831169,0.15678432156784322
pelt_rbf,all,family,prompt without goal,changelog categories,1,39,36,389,314,0.2544987146529563,131,0.4171974522292994,91.2381,14.47914959406445,65.0,120.0,0.008899110088991101,0.010416666666666666,97.159,14.662456061716815,69.0,126.0,0.013098690130986902,91.51315789473684,15.122163355862925,63.875,123.375,0.025974025974025976,76,98.6989,14.396178791136856,72.0,128.0,0.0164983501649835,0.06229377062293771,0.11788821117888211,0.2077922077922078,0.1484851514848515
pelt_rbf,all,family,tool,changelog categories,1,54,43,389,314,0.30077120822622105,133,0.42356687898089174,103.6219,15.990312986334573,76.0,138.0,0.034996500349965,0.036458333333333336,116.0407,15.158081021423037,87.0,147.0,0.14028597140285973,103.32894736842105,15.556681872340032,80.0,137.5,0.06493506493506493,76,117.599,14.895643222724619,89.0,147.0,0.16058394160583941,0.11748825117488251,0.36296370362963704,0.25974025974025977,0.5021497850214978
pelt_rbf,all,family,memory,changelog categories,1,18,17,389,314,0.10539845758354756,60,0.1910828025477707,39.1005,9.348921862118562,24.0,59.0,0.023497650234976502,0.026041666666666668,47.4341,11.274252439377374,27.975000000000023,71.02499999999964,0.14558544145585442,38.38157894736842,8.546292927756312,27.0,60.0,0.05194805194805195,76,45.8583,11.075643913507236,27.0,70.0,0.11958804119588042,0.11748825117488251,0.36296370362963704,0.25974025974025977,0.5021497850214978
pelt_rbf,all,family,model,changelog categories,1,51,40,389,314,0.29562982005141386,141,0.44904458598726116,104.388,14.010891709975168,76.0,135.0,0.004299570042995701,0.005208333333333333,107.9334,14.984545975831574,80.0,138.0,0.016998300169983,107.3157894736842,13.614904114061462,82.0,133.625,0.025974025974025976,76,109.6945,14.541743911292006,82.0,139.0,0.0192980701929807,0.038696130386961305,0.135986401359864,0.2077922077922078,0.1543845615438456
pelt_rbf,all,family,goal,changelog categories,1,16,15,389,314,0.09768637532133675,61,0.1942675159235669,35.7142,11.805958513633808,15.0,62.0,0.0292970702929707,0.028645833333333332,41.7586,10.8159708099854,23.0,65.0,0.0565943405659434,37.10526315789474,12.477797826399145,15.75,65.0,0.05194805194805195,76,44.6275,11.143435797191843,25.0,68.0,0.08909109089091091,0.11748825117488251,0.28857114288571145,0.25974025974025977,0.5021497850214978
pelt_rbf,all,family,chat,changelog categories,1,29,25,389,314,0.16966580976863754,91,0.2898089171974522,61.9972,13.489046949238476,39.0,91.0,0.032396760323967606,0.03125,67.8363,12.92991958954344,44.0,95.0,0.048095190480951906,64.47368421052632,14.22249268748675,40.875,91.375,0.07792207792207792,76,71.1013,13.402052074588465,47.0,99.0,0.0836916308369163,0.11748825117488251,0.28857114288571145,0.25974025974025977,0.5021497850214978
pelt_rbf,all,family,other,changelog categories,1,12,12,389,314,0.08740359897172237,46,0.1464968152866242,31.9161,9.328652805540393,15.0,54.0,0.0928907109289071,0.09114583333333333,33.7607,9.861397478350753,17.0,56.0,0.12098790120987901,32.5921052631579,9.729923098810799,17.875,53.625,0.09090909090909091,76,34.8692,9.977817749623636,18.0,57.0,0.1436856314368563,0.11748825117488251,0.36296370362963704,0.25974025974025977,0.5021497850214978
pelt_rbf,all,family,village goal transitions,goals and monitor,1,51,51,389,314,0.37532133676092544,168,0.535031847133758,132.894,17.891024925288313,104.0,170.0,0.0380961903809619,0.036458333333333336,122.9471,15.305989968730945,94.0,153.0,0.0017998200179982,142.68421052631578,16.18493993506786,115.0,171.0,0.1038961038961039,76,148.3129,13.68429463224021,121.0,175.0,0.0766923307669233,0.19048095190480951,0.010798920107989201,0.18181818181818182,0.1533846615338466
pelt_rbf,all,family,scaffolding + goal transitions,goals and monitor,1,177,118,389,314,0.6401028277634961,244,0.7770700636942676,211.0528,15.141351928207117,182.0,241.0,0.007699230076992301,0.0078125,226.9782,13.82042782197853,199.0,253.0,0.11048895110488952,214.57894736842104,13.691129155181454,194.625,237.375,0.012987012987012988,76,236.5834,12.406233751771339,211.0,259.0,0.30196980301969806,0.0461953804619538,0.5524447555244476,0.03896103896103896,0.30196980301969806
pelt_rbf,all,family,agent goal changes,goals and monitor,1,33,8,55,39,0.20559440559440553,24,0.6153846153846154,8.3747,3.736455007035674,3.0,16.0,0.00009999000099990002,0.0,9.1601,3.6606840960133504,3.0,17.0,0.0005999400059994001,9.5,4.196559437338057,5.0,17.325000000000003,0.09090909090909091,10,10.5966,4.000258572500618,4.0,19.0,0.0014998500149985001,0.0006999300069993001,0.004199580041995801,0.18181818181818182,0.0044995500449955
pelt_rbf,all,family,monitor likely-scaffolding-issue (medium/high),goals and monitor,1,55,55,64,54,1.0,53,0.9814814814814815,52.7446,0.6371902707544383,51.0,53.0,0.8063193680631937,0.8135593220338984,52.6604,0.8786063025630366,49.0,53.0,0.7865213478652134,,,,,,,,,,,,1.0,1.0,,
pelt_rbf,all,family,monitor emotional-or-erratic (medium/high),goals and monitor,1,60,60,64,54,1.0,53,0.9814814814814815,52.8209,0.6153544150370667,52.0,53.0,0.8788121187881212,0.8813559322033898,52.9203,0.33817058703351693,52.0,53.0,0.9306069393060694,,,,,,,,,,,,1.0,1.0,,
pelt_rbf,all,family,monitor likely-scaffolding-issue (high),goals and monitor,1,4,4,64,54,0.171875,10,0.18518518518518517,10.307,4.122311286770384,2.0,18.0,0.5746425357464253,0.576271186440678,9.9308,4.724409313801719,2.0,20.0,0.49535046495350465,,,,,,,,,,,,1.0,1.0,,
pelt_rbf,all,family,monitor emotional-or-erratic (high),goals and monitor,1,8,8,64,54,0.234375,16,0.2962962962962963,14.6114,4.886079964321273,7.0,23.0,0.43025697430256976,0.423728813559322,18.2697,5.863889530852624,8.0,30.0,0.6684331566843316,,,,,,,,,,,,1.0,1.0,,
pelt_rbf,all,family,all,summary,2,186,110,389,314,0.7326478149100257,267,0.8503184713375797,238.3675,12.459757955387042,210.0,263.0,0.009299070092990702,0.007894736842105263,264.8874,12.56314867023594,238.0,288.0,0.46865313468653136,237.39473684210526,10.66968159146082,215.75,262.125,0.025974025974025976,76,265.2511,12.36446265648768,239.0,287.0,0.48285171482851713,,,,
pelt_rbf,all,family,scaffolding,summary,2,126,88,389,314,0.6349614395886889,233,0.7420382165605095,208.125,15.290845496426924,177.0,240.0,0.062993700629937,0.06315789473684211,241.2858,14.474400477633562,211.0,268.0,0.7378262173782622,207.06578947368422,14.395680395003485,179.75,243.125,0.06493506493506493,76,241.3168,14.456179850624,211.97500000000002,268.0,0.7350264973502649,,,,
pelt_rbf,all,family,roster only,changelog categories,2,60,43,389,314,0.41645244215938304,169,0.5382165605095541,141.0202,15.383343482015494,114.0,168.0,0.021997800219978002,0.021052631578947368,150.3827,16.52996565896217,118.0,182.0,0.141985801419858,142.52631578947367,14.64465653104506,115.875,171.125,0.05194805194805195,76,151.6407,16.420467919236305,120.0,183.0,0.15528447155284472,0.131986801319868,0.886111388861114,0.3116883116883117,0.9001099890011
pelt_rbf,all,family,prompt (goal pooled),changelog categories,2,55,49,389,314,0.4498714652956299,189,0.6019108280254777,151.8341,15.089497887095133,123.0,186.0,0.012998700129987,0.013157894736842105,169.2243,16.74166711686101,136.0,202.0,0.12888711128887112,150.98684210526315,15.033733997072611,122.875,184.25,0.012987012987012988,76,169.7183,16.61759186964088,137.0,202.0,0.12858714128587143,0.09629037096290372,0.886111388861114,0.1168831168831169,0.9001099890011
pelt_rbf,all,family,prompt without goal,changelog categories,2,39,36,389,314,0.37532133676092544,166,0.5286624203821656,127.4177,15.614352612604566,99.0,161.0,0.010698930106989302,0.010526315789473684,135.539,16.06141575041225,104.0,168.0,0.0337966203379662,128.25,15.39274720986045,102.125,160.375,0.025974025974025976,76,136.4809,16.366344152317318,104.0,169.0,0.039696030396960305,0.09629037096290372,0.30416958304169583,0.2077922077922078,0.35726427357264273
pelt_rbf,all,family,tool,changelog categories,2,54,43,389,314,0.4087403598971722,160,0.5095541401273885,135.6265,17.20799259794486,105.0,171.0,0.0836916308369163,0.08421052631578947,158.1945,16.696369264743232,125.0,190.0,0.47775222477752227,136.46052631578948,15.689011687142637,112.0,169.75,0.06493506493506493,76,159.0155,16.713359727754888,126.0,192.0,0.48825117488251174,0.25517448255174485,1.0,0.3116883116883117,0.9662033796620337
pelt_rbf,all,family,memory,changelog categories,2,18,17,389,314,0.15938303341902313,74,0.2356687898089172,56.0032,10.630526354280718,39.0,82.0,0.06999300069993,0.06842105263157895,70.5121,13.506601956807714,46.0,98.02499999999964,0.39866013398660133,56.526315789473685,11.328399338783365,41.0,79.75,0.11688311688311688,76,70.2024,13.278511442425037,46.0,98.0,0.38536146385361464,0.25517448255174485,1.0,0.3116883116883117,0.9662033796620337
pelt_rbf,all,family,model,changelog categories,2,51,40,389,314,0.41645244215938304,168,0.535031847133758,140.6939,14.984507210303367,111.0,173.0,0.047995200479952004,0.04736842105263158,148.2431,16.541056890244487,116.0,181.0,0.12658734126587343,141.47368421052633,13.582806469170771,118.375,172.375,0.05194805194805195,76,149.018,16.485049338269164,117.0,181.0,0.13588641135886412,0.23997600239976002,0.886111388861114,0.3116883116883117,0.9001099890011
pelt_rbf,all,family,goal,changelog categories,2,16,15,389,314,0.14652956298200515,88,0.2802547770700637,50.5619,13.337059499965147,25.0,80.0,0.0112988701129887,0.010526315789473684,62.7507,12.800997463620027,40.0,90.0,0.035096490350964904,50.98684210526316,14.1076749051029,26.875,82.0,0.025974025974025976,76,63.7126,13.053353601432255,40.0,92.0,0.04329567043295671,0.09629037096290372,0.30416958304169583,0.2077922077922078,0.35726427357264273
pelt_rbf,all,family,chat,changelog categories,2,29,25,389,314,0.2519280205655527,112,0.35668789808917195,87.4887,14.345607409768174,61.0,117.0,0.06379362063793621,0.060526315789473685,98.9358,15.07357952312469,70.0,129.0,0.20557944205579443,86.21052631578948,14.460351115583773,60.625,117.125,0.07792207792207792,76,98.8156,15.060832629969394,71.0,129.0,0.19668033196680332,0.25517448255174485,0.886111388861114,0.3116883116883117,0.9001099890011
pelt_rbf,all,family,other,changelog categories,2,12,12,389,314,0.13367609254498714,56,0.17834394904458598,46.0448,10.706561353002211,26.0,70.0,0.17278272172782722,0.16578947368421051,51.1991,12.058366374014392,30.0,77.0,0.33926607339266074,46.14473684210526,11.368616388835152,27.5,68.5,0.2077922077922078,76,50.3191,11.97003773470815,29.0,76.0,0.3220677932206779,0.25517448255174485,1.0,0.3116883116883117,0.9662033796620337
pelt_rbf,all,family,village goal transitions,goals and monitor,2,51,51,389,314,0.5886889460154242,214,0.6815286624203821,192.2471,16.159008414667483,163.0,223.0,0.11438856114388561,0.11052631578947368,170.1146,16.315639333127123,138.0,201.0,0.0026997300269973002,192.17105263157896,16.788399294667524,163.375,223.0,0.11688311688311688,76,193.1513,15.330293868710088,162.0,222.0,0.09399060093990601,0.6863313668633136,0.0161983801619838,0.2727272727272727,0.18798120187981202
pelt_rbf,all,family,scaffolding + goal transitions,goals and monitor,2,177,118,389,314,0.7840616966580977,265,0.8439490445859873,250.9225,12.64742224640847,228.0,272.0,0.17788221177882213,0.1763157894736842,272.0551,11.698544763557495,247.0,293.0,0.7555244475552445,249.17105263157896,12.46262482560795,227.625,269.25,0.12987012987012986,76,277.3478,11.193130204566444,253.0,297.0,0.8728127187281272,0.8894110588941107,1.0,0.2727272727272727,0.8728127187281272
pelt_rbf,all,family,agent goal changes,goals and monitor,2,33,8,55,39,0.3002331002331003,29,0.7435897435897436,12.1787,4.462035105837758,6.0,20.0,0.00009999000099990002,0.0,13.4828,4.3164299272352,6.0,22.0,0.0004999500049995,12.8,5.138093031466052,5.675,19.55,0.09090909090909091,10,13.6435,4.629811147889999,5.0,23.0,0.00039996000399960006,0.0006999300069993001,0.0034996500349965005,0.2727272727272727,0.0011998800119988001
pelt_rbf,all,family,monitor likely-scaffolding-issue (medium/high),goals and monitor,2,55,55,64,54,1.0,54,1.0,53.9805,0.1382810983692877,54.0,54.0,0.9805019498050195,0.9818181818181818,53.9623,0.28405418264455773,53.0,54.0,0.9731026897310269,,,,,,,,,,,,1.0,1.0,,
pelt_rbf,all,family,monitor emotional-or-erratic (medium/high),goals and monitor,2,60,60,64,54,1.0,54,1.0,53.9825,0.13113149715821404,54.0,54.0,0.9825017498250175,0.9818181818181818,53.9958,0.08113580160342401,54.0,54.0,0.9964003599640036,,,,,,,,,,,,1.0,1.0,,
pelt_rbf,all,family,monitor likely-scaffolding-issue (high),goals and monitor,2,4,4,64,54,0.28125,20,0.37037037037037035,15.8858,5.019728889871721,5.0,24.0,0.29387061293870614,0.2909090909090909,15.0299,5.923707877799356,5.0,27.0,0.2268773122687731,,,,,,,,,,,,1.0,1.0,,
pelt_rbf,all,family,monitor emotional-or-erratic (high),goals and monitor,2,8,8,64,54,0.328125,18,0.3333333333333333,20.5968,5.835857733319786,12.0,30.0,0.6481351864813518,0.6545454545454545,26.2426,6.723917485114958,13.0,39.0,0.8967103289671033,,,,,,,,,,,,1.0,1.0,,
pelt_rbf,all,family,all,summary,3,186,110,389,314,0.8123393316195373,286,0.910828025477707,261.3909,11.042730250220634,237.0,281.0,0.012198780121987801,0.010638297872340425,288.9711,10.295740139324693,266.0,306.0,0.6635336466353364,261.2027027027027,10.635917088872143,241.65,277.4,0.02666666666666667,74,289.2779,10.110157917624825,267.0,306.0,0.6785321467853215,,,,
pelt_rbf,all,family,scaffolding,summary,3,126,88,389,314,0.7172236503856041,251,0.7993630573248408,232.3785,14.475966050986404,204.0,261.0,0.0958904109589041,0.09840425531914894,270.9696,12.854003204443275,244.0,294.0,0.9319068093190681,232.40540540540542,14.371698709825427,207.0,261.525,0.10666666666666667,74,270.9905,12.835243826994867,244.0,294.0,0.9346065393460654,,,,
pelt_rbf,all,family,roster only,changelog categories,3,60,43,389,314,0.5089974293059126,187,0.5955414012738853,170.1055,15.499393306490642,142.0,198.0,0.1531846815318468,0.14893617021276595,184.8733,17.240991047130347,151.0,218.0,0.47025297470252975,169.22972972972974,15.401963313115509,141.825,196.22499999999997,0.12,74,185.4779,17.200962150411527,151.0,218.0,0.4791520847915208,0.35036496350364965,1.0,0.4,1.0
pelt_rbf,all,family,prompt (goal pooled),changelog categories,3,55,49,389,314,0.5449871465295629,207,0.6592356687898089,180.6264,15.243302098491867,149.0,209.0,0.04989501049895011,0.047872340425531915,203.5323,17.070503710192384,169.0,236.0,0.43665633436656337,179.72972972972974,14.599959933607341,153.825,211.35,0.06666666666666667,74,204.1837,17.20557344251416,170.0,236.0,0.45215478452154784,0.35036496350364965,1.0,0.4,1.0
pelt_rbf,all,family,prompt without goal,changelog categories,3,39,36,389,314,0.48071979434447304,188,0.5987261146496815,157.801,15.871174764926568,129.0,192.0,0.043795620437956206,0.0425531914893617,167.864,17.258073128504552,133.0,201.0,0.13008699130086993,158.5810810810811,15.994011513522983,130.825,190.875,0.06666666666666667,74,168.815,17.435686832400144,135.0,202.0,0.14408559144085592,0.35036496350364965,1.0,0.4,1.0
pelt_rbf,all,family,tool,changelog categories,3,54,43,389,314,0.4910025706940875,188,0.5987261146496815,159.6838,17.597328892715957,128.0,191.0,0.048295170482951705,0.04521276595744681,191.2075,17.3884984900357,156.0,224.0,0.5933406659334066,160.1891891891892,16.453900462488235,133.825,187.97499999999997,0.04,74,191.5013,17.466805868295555,157.0,225.0,0.595940405959404,0.35036496350364965,1.0,0.28,1.0
pelt_rbf,all,family,memory,changelog categories,3,18,17,389,314,0.20822622107969152,91,0.2898089171974522,71.9613,11.208191855355913,54.0,98.0,0.0780921907809219,0.07446808510638298,91.6195,14.868975364591847,64.0,121.0,0.5208479152084792,73.60810810810811,10.757370926412573,58.65,99.87499999999999,0.08,74,94.1058,14.81303307749279,66.0,124.0,0.5914408559144085,0.35036496350364965,1.0,0.4,1.0
pelt_rbf,all,family,model,changelog categories,3,51,40,389,314,0.506426735218509,187,0.5955414012738853,168.676,15.215589880696106,141.0,199.0,0.1294870512948705,0.1276595744680851,181.4553,17.368608717075663,146.0,214.0,0.39346065393460655,168.21621621621622,14.630864608268606,141.0,196.175,0.10666666666666667,74,181.1234,17.483018561844617,146.0,215.0,0.38846115388461155,0.35036496350364965,1.0,0.4,1.0
pelt_rbf,all,family,goal,changelog categories,3,16,15,389,314,0.18251928020565553,99,0.31528662420382164,62.2193,14.403928451137299,34.0,94.0,0.010498950104989501,0.010638297872340425,81.5435,14.312113450121227,55.0,111.0,0.12418758124187582,62.229729729729726,13.305213003805623,40.3,86.52499999999999,0.02666666666666667,74,81.2136,14.169532547168258,55.0,110.0,0.11578842115788421,0.09449055094490551,1.0,0.24000000000000002,1.0
pelt_rbf,all,family,chat,changelog categories,3,29,25,389,314,0.32390745501285345,133,0.42356687898089174,109.8903,14.24197139741997,82.0,135.0,0.050294970502949704,0.05319148936170213,125.8567,16.61124192966452,94.0,159.0,0.34326567343265674,106.91891891891892,13.732031104949783,81.0,132.0,0.02666666666666667,74,123.6986,16.190205999833097,92.0,155.02499999999964,0.29787021297870214,0.35036496350364965,1.0,0.24000000000000002,1.0
pelt_rbf,all,family,other,changelog categories,3,12,12,389,314,0.17480719794344474,72,0.22929936305732485,58.0685,11.26735563831674,37.0,83.0,0.11588841115888411,0.12234042553191489,67.2149,13.222700252603362,43.0,94.0,0.36066393360663934,57.9054054054054,11.428358046614317,38.825,84.175,0.12,74,64.8693,13.10821879776215,41.0,92.0,0.2933706629337066,0.35036496350364965,1.0,0.4,1.0
pelt_rbf,all,family,village goal transitions,goals and monitor,3,51,51,389,314,0.6503856041131105,223,0.7101910828025477,211.2694,15.542129179039202,183.0,241.0,0.23157684231576842,0.23138297872340424,206.0539,16.96236914427636,173.0,239.0,0.1693830616938306,210.2027027027027,14.367943513757046,178.475,236.04999999999998,0.16,74,219.704,15.151030967361178,189.97500000000002,249.0,0.43585641435856415,1.0,0.846915308469153,0.3333333333333333,0.8717128287171283
pelt_rbf,all,family,scaffolding + goal transitions,goals and monitor,3,177,118,389,314,0.8226221079691516,272,0.8662420382165605,262.372,12.131831441848067,239.0,282.0,0.24817518248175183,0.2473404255319149,294.0489,9.081462221779518,274.0,309.0,0.9848015198480152,261.5810810810811,12.405264853098766,238.65,280.175,0.25333333333333335,74,296.047,8.657614361280066,277.0,310.0,0.991000899910009,1.0,1.0,0.3333333333333333,0.991000899910009
pelt_rbf,all,family,agent goal changes,goals and monitor,3,33,8,55,39,0.37156177156177156,29,0.7435897435897436,15.452,4.62772488202987,9.0,23.0,0.00009999000099990002,0.0,17.1136,4.615260025449298,9.0,26.0,0.0064993500649935,14.375,5.1530157605591915,9.0,22.475,0.1111111111111111,8,16.1195,4.551647119356894,7.0,25.0,0.0017998200179982,0.0006999300069993001,0.045495450454954504,0.3333333333333333,0.0053994600539946005
pelt_rbf,all,family,monitor likely-scaffolding-issue (medium/high),goals and monitor,3,55,55,64,54,1.0,54,1.0,54.0,0.0,54.0,54.0,1.0,1.0,53.9985,0.06243508479998565,54.0,54.0,0.9991000899910009,,,,,,,,,,,,1.0,1.0,,
pelt_rbf,all,family,monitor emotional-or-erratic (medium/high),goals and monitor,3,60,60,64,54,1.0,54,1.0,54.0,0.0,54.0,54.0,1.0,1.0,54.0,0.0,54.0,54.0,1.0,,,,,,,,,,,,1.0,1.0,,
pelt_rbf,all,family,monitor likely-scaffolding-issue (high),goals and monitor,3,4,4,64,54,0.390625,30,0.5555555555555556,21.0468,5.666005658487485,9.0,30.0,0.038896110388961104,0.0392156862745098,18.9531,6.460748758267244,7.0,32.0,0.0570942905709429,,,,,,,,,,,,0.23337666233376664,0.34256574342565743,,
pelt_rbf,all,family,monitor emotional-or-erratic (high),goals and monitor,3,8,8,64,54,0.421875,28,0.5185185185185185,25.8572,6.401148774287554,15.0,36.0,0.47015298470152983,0.47058823529411764,31.6313,6.967410910193193,18.0,45.0,0.7232276772322768,,,,,,,,,,,,1.0,1.0,,
pelt_rbf,all,lexical,all,summary,0,186,110,389,281,0.32904884318766064,190,0.6761565836298933,165.9716,12.176601348571785,141.0,188.0,0.0173982601739826,0.015463917525773196,180.8277,10.951319822312975,158.0,202.0,0.2181781821817818,170.03947368421052,11.820254694913794,144.75,191.375,0.06493506493506493,76,181.9182,10.868317293494849,160.0,202.0,0.2505749425057494,,,,
pelt_rbf,all,lexical,scaffolding,summary,0,126,88,389,281,0.2750642673521851,169,0.6014234875444839,142.8442,13.668709146110766,117.0,170.0,0.033996600339966,0.03350515463917526,160.8114,11.703611728554106,137.0,183.0,0.2625737426257374,145.6315789473684,13.51329429883837,118.875,170.5,0.06493506493506493,76,162.4931,11.82009830172263,139.0,185.0,0.3137686231376862,,,,
pelt_rbf,all,lexical,roster only,changelog categories,0,60,43,389,281,0.11053984575835475,107,0.3807829181494662,86.8801,11.417388478367835,68.0,114.0,0.06669333066693331,0.06701030927835051,91.3919,11.070825204431271,70.0,113.0,0.08509149085091491,87.5657894736842,11.902196465432521,68.0,112.75,0.07792207792207792,76,91.8555,11.155709961112903,70.0,114.0,0.09709029097090291,0.32756724327567244,0.524947505249475,0.4545454545454545,0.6075392460753924
pelt_rbf,all,lexical,prompt (goal pooled),changelog categories,0,55,49,389,281,0.14395886889460155,124,0.4412811387900356,96.434,10.52242919442156,76.0,119.0,0.011498850114988501,0.01288659793814433,105.4563,11.66089567566728,83.0,129.0,0.0603939606039396,97.07894736842105,11.355777569613027,77.625,119.875,0.03896103896103896,76,107.3684,11.658485041691598,85.0,130.0,0.0867913208679132,0.1034896510348965,0.48775122487751227,0.35064935064935066,0.6075392460753924
pelt_rbf,all,lexical,prompt without goal,changelog categories,0,39,36,389,281,0.11053984575835475,100,0.35587188612099646,78.6886,10.399184792301483,58.0,102.0,0.0374962503749625,0.03608247422680412,83.6072,10.9605438511121,63.0,105.0,0.074992500749925,78.6842105263158,10.356589562612832,62.875,102.25,0.06493506493506493,76,84.9213,11.200788011350252,63.0,107.0,0.09769023097690231,0.2999700029997,0.524947505249475,0.4545454545454545,0.6075392460753924
pelt_rbf,all,lexical,tool,changelog categories,0,54,43,389,281,0.15167095115681234,94,0.33451957295373663,88.9395,13.57668856522973,67.0,119.0,0.3478652134786521,0.35051546391752575,99.9446,11.786264142731753,77.0,123.0,0.7046295370462954,92.19736842105263,13.695760645145738,72.5,119.75,0.38961038961038963,76,101.5646,11.986667379196184,78.0,125.0,0.7494250574942506,0.6957304269573042,1.0,0.7792207792207793,1.0
pelt_rbf,all,lexical,memory,changelog categories,0,18,17,389,281,0.04627249357326478,30,0.10676156583629894,34.4298,6.851902423172827,22.0,48.0,0.7673232676732327,0.7603092783505154,41.1959,8.271841725187484,26.0,58.0,0.9274072592740726,32.30263157894737,7.1274487943295295,20.0,45.125,0.6103896103896104,76,40.8344,8.065177081015321,26.0,57.0,0.9235076492350764,0.7673232676732327,1.0,0.7792207792207793,1.0
pelt_rbf,all,lexical,model,changelog categories,0,51,40,389,281,0.13367609254498714,110,0.3914590747330961,89.3098,11.859194239441432,65.0,115.0,0.054594540545945404,0.05412371134020619,92.692,11.653064635173836,70.0,115.0,0.07589241075892411,89.09210526315789,12.555134547617238,63.75,111.75,0.06493506493506493,76,93.0003,11.481275272293919,70.0,115.0,0.07389261073892611,0.32756724327567244,0.524947505249475,0.4545454545454545,0.5911408859114089
pelt_rbf,all,lexical,goal,changelog categories,0,16,15,389,281,0.038560411311053984,46,0.16370106761565836,31.0534,9.812154517618838,13.0,50.0,0.06519348065193481,0.06958762886597938,36.1298,7.807499450193159,22.0,52.0,0.11908809119088092,30.61842105263158,10.449838410569685,13.875,50.5,0.11688311688311688,76,37.5503,7.933811470311395,23.0,54.0,0.1616838316168383,0.32756724327567244,0.524947505249475,0.4675324675324675,0.6467353264673532
pelt_rbf,all,lexical,chat,changelog categories,0,29,25,389,281,0.06940874035989718,68,0.24199288256227758,53.4657,11.512648592646341,29.0,77.0,0.1227877212278772,0.1134020618556701,58.771,9.670900249261344,41.0,78.0,0.18388161183881613,55.026315789473685,10.567842648602129,37.75,77.0,0.18181818181818182,76,59.0134,9.778986823711842,41.0,79.0,0.193980601939806,0.36836316368363164,0.5516448355164484,0.5454545454545454,0.6467353264673532
pelt_rbf,all,lexical,other,changelog categories,0,12,12,389,281,0.030848329048843184,42,0.1494661921708185,27.1115,7.235931427284399,15.0,45.0,0.044995500449955005,0.04381443298969072,29.3925,7.149486363755551,17.0,44.0,0.05419458054194581,26.56578947368421,6.940385246398146,14.0,41.25,0.03896103896103896,76,29.5088,7.278627645513968,16.0,45.0,0.057394260573942604,0.31496850314968505,0.48775122487751227,0.35064935064935066,0.5165483451654834
pelt_rbf,all,lexical,village goal transitions,goals and monitor,0,51,51,389,281,0.13110539845758354,149,0.5302491103202847,120.155,14.824235251610098,93.0,151.0,0.04229577042295771,0.041237113402061855,104.3531,11.359899872908752,82.0,127.0,0.00019998000199980003,121.55263157894737,15.04694408562049,94.875,153.5,0.06493506493506493,76,123.5072,10.757124138540616,102.0,144.0,0.008999100089991,0.2960703929607039,0.0013998600139986002,0.1948051948051948,0.026997300269973
pelt_rbf,all,lexical,scaffolding + goal transitions,goals and monitor,0,177,118,389,281,0.34704370179948585,201,0.7153024911032029,177.26,13.800682805013253,151.0,204.0,0.051994800519948,0.05154639175257732,187.366,10.66013169903562,165.0,207.0,0.10428957104289571,179.25,13.411562175973387,156.0,207.25,0.1038961038961039,76,195.6794,9.966300635382995,175.0,214.0,0.32996700329967005,0.311968803119688,0.6257374262573743,0.2077922077922078,0.5571442855714429
pelt_rbf,all,lexical,agent goal changes,goals and monitor,0,33,8,55,30,0.05696969696969697,8,0.26666666666666666,5.9533,3.0143038520977403,2.0,13.0,0.1456854314568543,0.14814814814814814,5.783,2.6248428486288473,2.0,12.0,0.24697530246975302,5.8,3.2591750830880843,1.45,11.55,0.2727272727272727,10,5.9466,2.6636549975164914,2.0,11.0,0.27857214278572145,0.7284271572842715,1.0,0.2727272727272727,0.5571442855714429
pelt_rbf,all,lexical,monitor likely-scaffolding-issue (medium/high),goals and monitor,0,55,55,64,55,0.859375,52,0.9454545454545454,50.5536,1.723317736925562,47.0,53.0,0.3370662933706629,0.3333333333333333,50.5565,1.6885771759940167,47.0,53.0,0.3310668933106689,,,,,,,,,,,,1.0,1.0,,
pelt_rbf,all,lexical,monitor emotional-or-erratic (medium/high),goals and monitor,0,60,60,64,55,0.9375,53,0.9636363636363636,51.9138,1.120220982442728,50.0,53.0,0.33866613338666135,0.3333333333333333,51.9269,1.1739225696015652,49.0,53.0,0.3922607739226077,,,,,,,,,,,,1.0,1.0,,
pelt_rbf,all,lexical,monitor likely-scaffolding-issue (high),goals and monitor,0,4,4,64,55,0.0625,6,0.10909090909090909,10.9311,5.100799408471239,3.0,22.0,0.8666133386661334,0.873015873015873,10.0547,4.895477962410621,2.0,21.0,0.8263173682631737,,,,,,,,,,,,1.0,1.0,,
pelt_rbf,all,lexical,monitor emotional-or-erratic (high),goals and monitor,0,8,8,64,55,0.125,11,0.2,14.8748,4.640762720487095,9.0,24.0,0.8142185781421858,0.8095238095238095,18.1554,6.019840088197422,7.0,30.0,0.8992100789921008,,,,,,,,,,,,1.0,1.0,,
pelt_rbf,all,lexical,all,summary,1,186,110,389,281,0.5886889460154242,213,0.7580071174377224,206.8771,12.600383825791011,179.0,230.0,0.3615638436156384,0.3671875,229.956,10.45532378166922,208.0,248.0,0.9421057894210579,210.89473684210526,10.279531697982383,193.875,230.125,0.42857142857142855,76,231.5783,10.235719129822314,210.0,250.0,0.960903909609039,,,,
pelt_rbf,all,lexical,scaffolding,summary,1,126,88,389,281,0.5038560411311054,196,0.697508896797153,181.2841,14.987096066111322,153.0,207.0,0.18858114188581143,0.19270833333333334,209.3504,12.161899975789233,184.0,232.0,0.8681131886811319,183.5921052631579,13.722174396772495,160.875,206.375,0.24675324675324675,76,211.4031,11.582410181502004,187.0,233.0,0.911008899110089,,,,
pelt_rbf,all,lexical,roster only,changelog categories,1,60,43,389,281,0.2827763496143959,136,0.48398576512455516,121.6752,13.024686913969207,98.0,151.0,0.14328567143285673,0.140625,131.2389,13.571803350130649,105.0,157.0,0.38546145385461456,126.23684210526316,13.848579634559526,102.625,155.125,0.2597402597402597,76,134.7374,13.469394333019203,108.0,161.0,0.48195180481951805,0.7973202679732028,1.0,1.0,1.0
pelt_rbf,all,lexical,prompt (goal pooled),changelog categories,1,55,49,389,281,0.32390745501285345,155,0.5516014234875445,132.4316,12.437885332288358,109.0,156.0,0.03949605039496051,0.0390625,147.085,13.944806228918214,119.0,174.0,0.30156984301569845,136.55263157894737,11.755730219023238,116.625,156.625,0.06493506493506493,76,151.7681,13.44426261308968,125.0,177.0,0.42555744425557446,0.35546445355464457,1.0,0.5844155844155844,1.0
pelt_rbf,all,lexical,prompt without goal,changelog categories,1,39,36,389,281,0.2544987146529563,127,0.45195729537366547,111.9491,12.429036860743818,89.0,136.0,0.13408659134086592,0.13802083333333334,118.8182,13.712160701184533,92.0,146.0,0.29047095290470953,116.21052631578948,12.796161705213205,93.875,139.0,0.24675324675324675,76,122.8794,13.458587184281257,97.0,149.0,0.40045995400459955,0.7973202679732028,1.0,1.0,1.0
pelt_rbf,all,lexical,tool,changelog categories,1,54,43,389,281,0.30077120822622105,114,0.40569395017793597,118.9222,15.215718812132964,94.0,151.0,0.6013398660133986,0.5963541666666666,138.1469,14.117558249750326,110.0,165.0,0.9583041695830417,118.53947368421052,16.122399151055806,92.0,152.5,0.6103896103896104,76,141.1533,13.771650770568307,114.0,167.02499999999964,0.9756024397560243,0.9182081791820818,1.0,1.0,1.0
pelt_rbf,all,lexical,memory,changelog categories,1,18,17,389,281,0.10539845758354756,52,0.18505338078291814,49.8266,8.3982965879134,34.0,65.0,0.42825717428257176,0.421875,61.8909,11.064657240691433,41.0,84.0,0.8254174582541746,46.3421052631579,8.589222132539435,32.0,63.125,0.2597402597402597,76,57.2327,10.140435570198912,38.0,77.0,0.7093290670932907,0.9182081791820818,1.0,1.0,1.0
pelt_rbf,all,lexical,model,changelog categories,1,51,40,389,281,0.29562982005141386,137,0.4875444839857651,122.3596,13.246457439763672,95.0,150.0,0.13288671132886712,0.13541666666666666,129.6687,14.189942767945745,102.0,157.0,0.3117688231176882,126.01315789473684,13.3830673325688,102.75,153.25,0.23376623376623376,76,133.4259,13.553364104821203,107.0,159.0,0.41415858414158585,0.7973202679732028,1.0,1.0,1.0
pelt_rbf,all,lexical,goal,changelog categories,1,16,15,389,281,0.09768637532133675,66,0.23487544483985764,44.1612,12.750430263610351,20.0,69.0,0.051794820517948204,0.046875,54.7531,10.67389964368039,35.0,76.0,0.15628437156284372,43.9078947368421,12.549823511724721,23.375,66.125,0.06493506493506493,76,57.9163,10.056898549296552,39.0,78.0,0.2243775622437756,0.41435856414358563,1.0,0.5844155844155844,1.0
pelt_rbf,all,lexical,chat,changelog categories,1,29,25,389,281,0.16966580976863754,85,0.302491103202847,76.9099,16.180721972963894,47.0,111.0,0.3060693930606939,0.3098958333333333,86.8631,12.513329562177812,63.0,112.0,0.567043295670433,78.15789473684211,12.455844819820074,57.5,102.375,0.3116883116883117,76,89.6931,12.345952966274599,66.0,114.0,0.6587341265873413,0.9182081791820818,1.0,1.0,1.0
pelt_rbf,all,lexical,other,changelog categories,1,12,12,389,281,0.08740359897172237,56,0.199288256227758,40.0703,9.377566410598142,25.0,63.0,0.0741925807419258,0.07291666666666667,44.7307,9.885876317507543,27.0,65.0,0.14358564143585642,42.53947368421053,9.271376437866794,27.875,61.5,0.1038961038961039,76,47.6889,10.001675866674255,29.0,68.0,0.21807819218078192,0.5193480651934806,1.0,0.7272727272727273,1.0
pelt_rbf,all,lexical,village goal transitions,goals and monitor,1,51,51,389,281,0.37532133676092544,186,0.6619217081850534,156.754,17.07534013494526,123.0,188.0,0.0395960403959604,0.0390625,148.1662,13.762736604755798,121.0,175.0,0.0020997900209979003,159.6315789473684,18.06199849057917,128.875,193.125,0.09090909090909091,76,175.8748,11.789063710164443,152.0,198.0,0.21327867213278673,0.2771722827717228,0.014698530146985302,0.2727272727272727,0.6398360163983602
pelt_rbf,all,lexical,scaffolding + goal transitions,goals and monitor,1,177,118,389,281,0.6401028277634961,227,0.8078291814946619,214.1906,14.19100454869246,186.0,238.0,0.22517748225177484,0.22135416666666666,236.1029,9.748282643186396,215.0,254.0,0.8384161583841616,213.96052631578948,14.671914930209288,187.875,238.125,0.24675324675324675,76,242.3849,8.653648973355425,224.0,257.0,0.955004499550045,1.0,1.0,0.4935064935064935,1.0
pelt_rbf,all,lexical,agent goal changes,goals and monitor,1,33,8,55,30,0.15272727272727274,9,0.3,8.5463,3.8091084574640393,3.0,16.0,0.34696530346965304,0.34,8.3766,3.254785984236186,3.0,15.0,0.46835316468353166,8.5,3.3747427885527643,3.675,13.0,0.45454545454545453,10,9.2864,3.1312226838009387,4.0,16.0,0.5914408559144085,1.0,1.0,0.4935064935064935,1.0
pelt_rbf,all,lexical,monitor likely-scaffolding-issue (medium/high),goals and monitor,1,55,55,64,55,1.0,55,1.0,54.6584,0.6680973547377214,53.0,55.0,0.7214278572142786,0.711864406779661,54.629,0.7368943623954067,53.0,55.0,0.7143285671432856,,,,,,,,,,,,1.0,1.0,,
pelt_rbf,all,lexical,monitor emotional-or-erratic (medium/high),goals and monitor,1,60,60,64,55,1.0,55,1.0,54.8107,0.6277777636170695,53.0,55.0,0.8788121187881212,0.8813559322033898,54.864,0.4026415428407781,54.0,55.0,0.8767123287671232,,,,,,,,,,,,1.0,1.0,,
pelt_rbf,all,lexical,monitor likely-scaffolding-issue (high),goals and monitor,1,4,4,64,55,0.171875,8,0.14545454545454545,16.2594,6.129149067107822,6.0,29.0,0.9296070392960704,0.9322033898305084,14.7244,6.178742778772444,4.0,27.0,0.8792120787921208,,,,,,,,,,,,1.0,1.0,,
pelt_rbf,all,lexical,monitor emotional-or-erratic (high),goals and monitor,1,8,8,64,55,0.234375,15,0.2727272727272727,20.875,5.150808488267476,12.0,28.0,0.8863113688631137,0.8813559322033898,25.5653,7.204257494190797,12.0,39.0,0.9373062693730627,,,,,,,,,,,,1.0,1.0,,
pelt_rbf,all,lexical,all,summary,2,186,110,389,281,0.7326478149100257,237,0.8434163701067615,231.6024,11.447079007405346,207.0,252.0,0.36176382361763826,0.35526315789473684,254.8593,8.823575752431998,236.0,270.0,0.9711028897110289,229.19736842105263,9.71462092153486,209.875,247.0,0.18181818181818182,76,255.4535,8.758990223819987,236.0,270.0,0.9738026197380262,,,,
pelt_rbf,all,lexical,scaffolding,summary,2,126,88,389,281,0.6349614395886889,223,0.7935943060498221,205.8433,14.593095660417479,176.0,233.0,0.13288671132886712,0.13421052631578947,238.7399,11.147774454012234,214.0,258.0,0.9165083491650835,202.35526315789474,12.99610602949301,177.5,228.25,0.05194805194805195,76,239.1309,10.938982188628534,216.0,258.0,0.9264073592640736,,,,
pelt_rbf,all,lexical,roster only,changelog categories,2,60,43,389,281,0.41645244215938304,159,0.5658362989323843,150.8059,13.164359278959328,127.0,181.0,0.24127587241275872,0.23684210526315788,163.0426,14.743531544790795,134.0,192.0,0.6242375762423757,154.18421052631578,12.818435189279322,127.75,185.5,0.3246753246753247,76,164.7105,14.393304223514734,136.0,192.02499999999964,0.668933106689331,0.9484051594840516,1.0,0.935064935064935,1.0
pelt_rbf,all,lexical,prompt (goal pooled),changelog categories,2,55,49,389,281,0.4498714652956298,176,0.6263345195729537,160.9681,12.994736192276882,136.0,192.0,0.1202879712028797,0.11842105263157894,179.1805,14.728299699259352,150.0,207.0,0.6012398760123988,158.72368421052633,11.717336084293251,139.0,184.375,0.06493506493506493,76,181.158,14.504429456113906,152.0,208.02499999999964,0.6571342865713429,0.842015798420158,1.0,0.5194805194805194,1.0
pelt_rbf,all,lexical,prompt without goal,changelog categories,2,39,36,389,281,0.37532133676092544,154,0.5480427046263345,141.0236,13.305222506015953,115.0,166.0,0.18968103189681032,0.19210526315789472,147.8921,14.780375622437814,119.0,176.0,0.3601639836016398,141.1184210526316,12.13476230258965,118.625,164.5,0.16883116883116883,76,149.1891,14.5888184769177,120.0,178.0,0.3855614438556144,0.9484051594840516,1.0,0.935064935064935,1.0
pelt_rbf,all,lexical,tool,changelog categories,2,54,43,389,281,0.4087403598971722,155,0.5516014234875445,141.8111,16.035252717776924,113.0,177.0,0.21587841215878412,0.22105263157894736,168.5375,14.991399799778394,138.0,197.0,0.8236176382361764,141.07894736842104,15.80697159095293,115.75,174.0,0.22077922077922077,76,170.5565,14.711629785822353,141.0,198.0,0.8598140185981402,0.9484051594840516,1.0,0.935064935064935,1.0
pelt_rbf,all,lexical,memory,changelog categories,2,18,17,389,281,0.15938303341902313,72,0.25622775800711745,63.6425,9.362107596896417,46.0,81.0,0.21787821217878212,0.21842105263157896,81.2575,12.499432680395264,57.0,106.0,0.7786221377862214,63.60526315789474,10.181131498831121,46.875,82.125,0.2597402597402597,76,78.7237,12.242750785860196,55.0,103.0,0.718028197180282,0.9484051594840516,1.0,0.935064935064935,1.0
pelt_rbf,all,lexical,model,changelog categories,2,51,40,389,281,0.41645244215938304,148,0.5266903914590747,149.2657,13.601000045225463,121.0,178.0,0.5738426157384262,0.5684210526315789,159.5004,14.967818925960456,129.0,188.0,0.7883211678832117,150.27631578947367,12.331638100658568,127.5,176.0,0.5974025974025974,76,160.9951,14.694974318351894,132.0,189.0,0.8198180181981802,0.9484051594840516,1.0,0.935064935064935,1.0
pelt_rbf,all,lexical,goal,changelog categories,2,16,15,389,281,0.14652956298200515,81,0.28825622775800713,55.6737,13.9818731787897,29.0,82.0,0.027497250274972504,0.02894736842105263,72.2085,12.00128454929235,49.0,96.0,0.24747525247475252,55.223684210526315,14.702016808778788,29.625,80.375,0.03896103896103896,76,74.9463,11.83433231965983,52.0,98.0,0.32086791320867913,0.24747525247475255,1.0,0.35064935064935066,1.0
pelt_rbf,all,lexical,chat,changelog categories,2,29,25,389,281,0.2519280205655527,116,0.4128113879003559,97.8546,14.524853044888184,71.0,126.0,0.1336866313368663,0.13421052631578947,111.1787,14.002134561816948,84.0,139.0,0.38106189381061895,97.01315789473684,14.510220233617067,70.0,124.125,0.15584415584415584,76,111.4448,13.821977342832197,84.0,139.0,0.3822617738226177,0.842015798420158,1.0,0.935064935064935,1.0
pelt_rbf,all,lexical,other,changelog categories,2,12,12,389,281,0.13367609254498714,70,0.2491103202846975,51.9938,10.350636460020839,35.0,76.0,0.07749225077492251,0.07631578947368421,59.3506,10.936591815737405,38.0,81.0,0.18218178182181782,53.31578947368421,10.325645130858462,38.75,73.125,0.1038961038961039,76,58.8858,10.968244554114387,38.0,81.0,0.16778322167783222,0.6199380061993801,1.0,0.7272727272727273,1.0
pelt_rbf,all,lexical,village goal transitions,goals and monitor,2,51,51,389,281,0.5886889460154242,212,0.7544483985765125,187.9233,17.10286139500609,151.0,221.0,0.09009099090090991,0.09473684210526316,181.3026,14.542213753004864,152.0,209.0,0.016298370162983702,191.26315789473685,16.857337410202224,154.75,221.25,0.11688311688311688,76,206.3007,12.032579017225716,181.0,229.0,0.3448655134486551,0.6306369363063694,0.11408859114088592,0.2727272727272727,1.0
pelt_rbf,all,lexical,scaffolding + goal transitions,goals and monitor,2,177,118,389,281,0.7840616966580977,249,0.8861209964412812,232.9248,12.805129522742416,208.0,257.0,0.11708829117088292,0.12105263157894737,259.328,8.049925225094514,242.0,272.0,0.9019098090190981,231.1578947368421,13.105777485856073,205.875,255.125,0.09090909090909091,76,263.308,7.065417752178655,247.0,275.0,0.9679032096790321,0.7025297470252975,1.0,0.2727272727272727,1.0
pelt_rbf,all,lexical,agent goal changes,goals and monitor,2,33,8,55,30,0.23515151515151517,10,0.3333333333333333,11.2927,4.221967457349842,6.0,20.0,0.521947805219478,0.5217391304347826,10.6359,3.5574986675580034,4.0,18.0,0.6077392260773923,12.2,4.779586221049312,6.225,18.775,0.6363636363636364,10,11.712,3.579739858389905,5.0,19.0,0.7199280071992801,1.0,1.0,0.6363636363636364,1.0
pelt_rbf,all,lexical,monitor likely-scaffolding-issue (medium/high),goals and monitor,2,55,55,64,55,1.0,55,1.0,55.0,0.0,55.0,55.0,1.0,1.0,54.9889,0.15158854807930205,55.0,55.0,0.9928007199280072,,,,,,,,,,,,1.0,1.0,,
pelt_rbf,all,lexical,monitor emotional-or-erratic (medium/high),goals and monitor,2,60,60,64,55,1.0,55,1.0,55.0,0.0,55.0,55.0,1.0,1.0,54.9999,0.010000000000000002,55.0,55.0,0.9999000099990001,,,,,,,,,,,,1.0,1.0,,
pelt_rbf,all,lexical,monitor likely-scaffolding-issue (high),goals and monitor,2,4,4,64,55,0.28125,22,0.4,21.762,7.262742646072096,10.0,36.0,0.49235076492350766,0.4909090909090909,19.3439,7.206151930993771,7.0,33.0,0.38916108389161086,,,,,,,,,,,,1.0,1.0,,
pelt_rbf,all,lexical,monitor emotional-or-erratic (high),goals and monitor,2,8,8,64,55,0.328125,21,0.38181818181818183,26.6839,5.260565382619484,14.0,35.0,0.8669133086691331,0.8727272727272727,31.9852,7.820965267137489,16.0,46.0,0.9156084391560844,,,,,,,,,,,,1.0,1.0,,
pelt_rbf,all,lexical,all,summary,3,186,110,389,281,0.8123393316195373,254,0.9039145907473309,246.5156,8.82943670543334,229.0,262.0,0.2298770122987701,0.22606382978723405,267.816,6.933682397915232,252.0,278.0,0.9637036296370363,243.1216216216216,8.692545543122113,227.825,260.175,0.14666666666666667,74,267.6308,7.027192149283403,251.0,278.0,0.958904109589041,,,,
pelt_rbf,all,lexical,scaffolding,summary,3,126,88,389,281,0.7172236503856041,235,0.8362989323843416,221.235,13.126446791136438,196.0,245.0,0.17738226177382263,0.18617021276595744,256.0467,9.67150830622048,234.0,272.0,0.9735026497350265,217.74324324324326,13.827767191476216,192.6,243.52499999999998,0.10666666666666667,74,255.4828,9.878748054602498,233.0,272.0,0.9707029297070293,,,,
pelt_rbf,all,lexical,roster only,changelog categories,3,60,43,389,281,0.5089974293059126,179,0.6370106761565836,173.7574,12.764757700164715,152.0,203.0,0.32056794320567944,0.32180851063829785,188.2346,15.378621948708671,157.0,217.0,0.7375262473752625,172.4189189189189,12.542537765929753,154.425,199.04999999999998,0.29333333333333333,74,187.9546,15.206060017839157,158.0,216.0,0.7329267073292671,0.9131086891310869,1.0,1.0,1.0
pelt_rbf,all,lexical,prompt (goal pooled),changelog categories,3,55,49,389,281,0.5449871465295629,193,0.6868327402135231,180.901,12.630374168454534,160.0,209.0,0.17618238176182383,0.17287234042553193,203.8032,14.979863463694823,173.0,231.0,0.7812218778122187,178.16216216216216,13.164946219398109,160.075,207.92499999999995,0.17333333333333334,74,203.1357,14.91790668639506,173.0,231.0,0.7657234276572342,0.9106089391060894,1.0,1.0,1.0
pelt_rbf,all,lexical,prompt without goal,changelog categories,3,39,36,389,281,0.48071979434447293,172,0.6120996441281139,161.1316,13.900640424830147,134.0,189.0,0.22827717228277172,0.23404255319148937,171.686,15.772662479371352,140.0,201.0,0.5151484851514848,159.48648648648648,14.740906872757922,130.65,188.7,0.22666666666666666,74,170.8482,15.796813308103287,139.0,200.0,0.49055094490550943,0.9131086891310869,1.0,1.0,1.0
pelt_rbf,all,lexical,tool,changelog categories,3,54,43,389,281,0.4910025706940874,171,0.608540925266904,159.8162,16.696463540207397,130.0,195.0,0.25107489251074894,0.2526595744680851,192.3792,15.520028817287967,161.0,221.0,0.9149085091490851,157.09459459459458,14.72503126393306,130.0,186.175,0.18666666666666668,74,190.926,15.6175643053417,159.0,220.0,0.9014098590140985,0.9131086891310869,1.0,1.0,1.0
pelt_rbf,all,lexical,memory,changelog categories,3,18,17,389,281,0.20822622107969152,91,0.3238434163701068,77.1405,10.849291703288575,55.0,97.0,0.13008699130086993,0.1276595744680851,98.3402,14.167283972360945,71.0,126.0,0.7104289571042895,80.97297297297297,11.185819022527541,62.65,100.87499999999999,0.24,74,102.1556,14.38203299006412,74.0,130.0,0.7854214578542146,0.9106089391060894,1.0,1.0,1.0
pelt_rbf,all,lexical,model,changelog categories,3,51,40,389,281,0.506426735218509,168,0.597864768683274,171.5502,13.438636078634074,147.0,201.0,0.6185381461853815,0.6196808510638298,183.7891,15.659442614738895,152.0,214.0,0.8502149785021498,170.01351351351352,13.376009236784887,145.125,196.04999999999998,0.5333333333333333,74,183.0783,15.794477378551218,151.0,213.0,0.8355164483551645,0.9131086891310869,1.0,1.0,1.0
pelt_rbf,all,lexical,goal,changelog categories,3,16,15,389,281,0.18251928020565553,90,0.3202846975088968,65.2053,15.286880675339827,37.0,93.0,0.0420957904209579,0.0425531914893617,88.3697,13.615012257279703,62.0,116.0,0.46135386461353867,66.9054054054054,13.530451620927948,40.65,88.69999999999999,0.04,74,88.4475,13.205873059299254,63.0,114.0,0.4674532546745325,0.3788621137886211,1.0,0.36,1.0
pelt_rbf,all,lexical,chat,changelog categories,3,29,25,389,281,0.32390745501285345,133,0.47330960854092524,115.6966,14.505977760188312,89.0,143.0,0.1406859314068593,0.14095744680851063,132.6483,15.585162714571958,102.0,162.0,0.5075492450754925,113.9054054054054,12.507716981126906,91.65,138.52499999999998,0.10666666666666667,74,132.2952,15.252472611090806,103.0,162.0,0.49935006499350065,0.9106089391060894,1.0,0.7466666666666667,1.0
pelt_rbf,all,lexical,other,changelog categories,3,12,12,389,281,0.17480719794344474,84,0.298932384341637,62.0105,11.151575023849826,43.0,85.0,0.048095190480951906,0.04521276595744681,73.2661,12.768507910849527,49.0,99.0,0.21377862213778623,62.28378378378378,10.265676645682253,44.65,83.175,0.04,74,70.5342,12.213408496186045,47.0,95.0,0.14328567143285673,0.38476152384761525,1.0,0.36,1.0
pelt_rbf,all,lexical,village goal transitions,goals and monitor,3,51,51,389,281,0.6503856041131105,223,0.7935943060498221,202.4227,16.30934162289874,170.0,232.0,0.12618738126187382,0.13031914893617022,205.9964,14.615038384304624,176.0,233.0,0.12238776122387761,204.3783783783784,15.986897634139577,171.0,234.35,0.12,74,219.9791,12.387679712152115,194.0,243.0,0.43525647435256476,0.8833116688331167,0.8567143285671432,0.36,1.0
pelt_rbf,all,lexical,scaffolding + goal transitions,goals and monitor,3,177,118,389,281,0.8226221079691517,251,0.8932384341637011,239.4053,12.406015590522335,218.0,263.0,0.21487851214878512,0.2127659574468085,270.5838,6.1987111532959975,255.0,279.0,0.9919008099190081,237.33783783783784,12.50893053806839,215.825,259.0,0.17333333333333334,74,272.1257,5.626621134974316,258.0,280.0,0.9969003099690031,1.0,1.0,0.36,1.0
pelt_rbf,all,lexical,agent goal changes,goals and monitor,3,33,8,55,30,0.3006060606060606,10,0.3333333333333333,14.2814,4.424813209299769,8.0,22.0,0.7861213878612139,0.7857142857142857,12.7315,3.8805300670604446,6.0,20.0,0.7838216178382161,14.5,4.566962103755937,9.0,20.825,0.7777777777777778,8,12.3331,3.738066572998723,5.0,20.0,0.7598240175982401,1.0,1.0,0.7777777777777778,1.0
pelt_rbf,all,lexical,monitor likely-scaffolding-issue (medium/high),goals and monitor,3,55,55,64,55,1.0,55,1.0,55.0,0.0,55.0,55.0,1.0,1.0,54.9998,0.014141428428549924,55.0,55.0,0.9998000199980002,,,,,,,,,,,,1.0,1.0,,
pelt_rbf,all,lexical,monitor emotional-or-erratic (medium/high),goals and monitor,3,60,60,64,55,1.0,55,1.0,55.0,0.0,55.0,55.0,1.0,1.0,55.0,0.0,55.0,55.0,1.0,,,,,,,,,,,,1.0,1.0,,
pelt_rbf,all,lexical,monitor likely-scaffolding-issue (high),goals and monitor,3,4,4,64,55,0.390625,25,0.45454545454545453,26.9315,7.5171176960218995,15.0,43.0,0.5891410858914109,0.5882352941176471,23.5274,8.127684489786532,8.0,38.0,0.45995400459954006,,,,,,,,,,,,1.0,1.0,,
pelt_rbf,all,lexical,monitor emotional-or-erratic (high),goals and monitor,3,8,8,64,55,0.421875,23,0.41818181818181815,32.3332,4.758869870488625,20.0,39.0,0.9636036396360363,0.9607843137254902,37.1157,8.239872757531273,19.0,50.0,0.944005599440056,,,,,,,,,,,,1.0,1.0,,
pelt_rbf,persistent,agent,all,summary,0,186,110,389,111,0.32904884318766064,77,0.6936936936936937,50.2892,12.795270034412145,26.0,75.0,0.0124987501249875,0.010309278350515464,52.9138,9.854130095954426,32.0,71.0,0.004199580041995801,51.14473684210526,12.489679950389359,28.25,74.125,0.012987012987012988,76,53.4803,9.634225123972033,33.0,71.0,0.0047995200479952005,,,,
pelt_rbf,persistent,agent,scaffolding,summary,0,126,88,389,111,0.2750642673521851,64,0.5765765765765766,42.8057,13.800978016409596,19.0,69.0,0.0644935506449355,0.06443298969072164,45.8333,10.31114654557428,26.0,65.0,0.0362963703629637,43.776315789473685,13.929918577613702,21.0,70.25,0.1038961038961039,76,47.213,10.207519304171534,27.0,66.0,0.0494950504949505,,,,
pelt_rbf,persistent,agent,roster only,changelog categories,0,60,43,389,111,0.11053984575835475,31,0.27927927927927926,22.8033,9.24657552967057,9.0,42.0,0.21037896210378962,0.21649484536082475,23.6786,8.97578734796294,9.0,42.0,0.24807519248075194,22.986842105263158,9.320219483900054,9.0,40.375,0.22077922077922077,76,23.7745,8.727374545454415,10.0,41.0,0.24187581241875813,0.6311368863113689,0.7442255774422558,0.8311688311688312,0.7256274372562744
pelt_rbf,persistent,agent,prompt (goal pooled),changelog categories,0,55,49,389,111,0.14395886889460155,56,0.5045045045045045,26.4126,9.287420893805011,12.0,46.0,0.00009999000099990002,0.0,28.3985,9.661078169290388,12.0,47.0,0.0012998700129987,26.592105263157894,9.289675461254747,11.875,44.5,0.012987012987012988,76,28.9963,9.448079854197525,13.0,47.0,0.0012998700129987,0.0008999100089991002,0.011698830116988301,0.1168831168831169,0.0103989601039896
pelt_rbf,persistent,agent,prompt without goal,changelog categories,0,39,36,389,111,0.11053984575835475,43,0.38738738738738737,21.3127,9.129230690222453,8.0,41.0,0.015598440155984402,0.015463917525773196,22.5255,9.182286272389835,8.0,41.0,0.018098190180981903,20.539473684210527,8.495396069987844,7.0,37.0,0.012987012987012988,76,22.1352,8.839419352731792,8.0,40.0,0.011898810118988102,0.10918908109189082,0.12668733126687332,0.1168831168831169,0.0832916708329167
pelt_rbf,persistent,agent,tool,changelog categories,0,54,43,389,111,0.1516709511568123,34,0.3063063063063063,25.4396,12.800442842874514,9.0,54.0,0.26447355264473554,0.2654639175257732,27.4935,10.352607178751628,11.0,49.0,0.2913708629137086,26.44736842105263,13.216549965193494,8.875,53.125,0.2727272727272727,76,28.6144,10.542610080180822,11.0,50.0,0.32456754324567544,0.6311368863113689,0.7442255774422558,0.8311688311688312,0.7256274372562744
pelt_rbf,persistent,agent,memory,changelog categories,0,18,17,389,111,0.04627249357326479,34,0.3063063063063063,9.0444,6.448766339287684,1.0,26.0,0.00009999000099990002,0.0,10.3929,6.887748086085157,2.0,27.0,0.0032996700329967,8.06578947368421,6.193190941274757,1.0,24.125,0.012987012987012988,76,10.0572,6.859331833591398,2.0,27.0,0.0008999100089991,0.0008999100089991002,0.0263973602639736,0.1168831168831169,0.0080991900809919
pelt_rbf,persistent,agent,model,changelog categories,0,51,40,389,111,0.13367609254498714,27,0.24324324324324326,24.5583,10.56037656834862,8.0,47.0,0.41645835416458354,0.4175257731958763,25.2425,10.119848560304069,9.0,46.0,0.4363563643635636,24.644736842105264,11.436437612436745,6.875,48.375,0.4155844155844156,76,25.5215,10.039741898661497,10.0,46.0,0.43965603439656037,0.6311368863113689,0.7442255774422558,0.8311688311688312,0.7256274372562744
pelt_rbf,persistent,agent,goal,changelog categories,0,16,15,389,111,0.038560411311053984,26,0.23423423423423423,8.1491,7.54499581750637,0.0,27.0,0.037696230376962306,0.03608247422680412,8.992,6.418586746752166,1.0,25.0,0.0217978202179782,8.802631578947368,8.679508030362252,0.0,29.125,0.05194805194805195,76,10.2833,6.783424105439628,2.0,27.0,0.0331966803319668,0.22617738226177383,0.1307869213078692,0.3116883116883117,0.19918008199180082
pelt_rbf,persistent,agent,chat,changelog categories,0,29,25,389,111,0.06940874035989718,25,0.22522522522522523,14.0678,8.459749399124634,3.0,34.0,0.14408559144085592,0.14690721649484537,15.2651,8.005250176792686,4.0,33.0,0.1573842615738426,15.447368421052632,9.379971196604114,3.75,34.125,0.2077922077922078,76,15.9338,8.185702054913383,4.0,34.0,0.1698830116988301,0.5763423657634237,0.6295370462953704,0.8311688311688312,0.6795320467953204
pelt_rbf,persistent,agent,other,changelog categories,0,12,12,389,111,0.030848329048843187,18,0.16216216216216217,6.8844,5.692106521110157,1.0,22.0,0.07289271072892711,0.07474226804123711,7.3143,5.915675365628438,1.0,23.0,0.08899110088991101,6.934210526315789,5.711591783535864,1.0,19.75,0.1038961038961039,76,7.3706,5.63666859441677,1.0,21.0,0.07479252074792521,0.36446355364463556,0.44495550444955506,0.5194805194805195,0.37396260373962603
pelt_rbf,persistent,agent,village goal transitions,goals and monitor,0,51,51,389,111,0.13110539845758354,51,0.4594594594594595,29.9377,11.856866248622516,11.0,57.0,0.057894210578942104,0.061855670103092786,27.3411,9.173318143756743,12.0,45.0,0.004399560043995601,36.30263157894737,14.606865725260484,10.875,58.125,0.22077922077922077,76,36.9736,9.147593721142664,19.0,54.0,0.0655934406559344,0.3473652634736526,0.030796920307969204,0.4155844155844156,0.1967803219678032
pelt_rbf,persistent,agent,scaffolding + goal transitions,goals and monitor,0,177,118,389,111,0.34704370179948585,74,0.6666666666666666,53.5799,15.330496352102896,24.0,81.0,0.11548845115488451,0.1134020618556701,55.2788,9.755162063168806,35.0,73.0,0.0244975502449755,58.1578947368421,16.691756553523817,28.75,84.125,0.2077922077922078,76,61.0639,9.093793845180892,41.0,77.0,0.0745925407459254,0.5774422557744225,0.12248775122487751,0.4155844155844156,0.1967803219678032
pelt_rbf,persistent,agent,agent goal changes,goals and monitor,0,33,8,55,29,0.018181818181818184,8,0.27586206896551724,0.7119,1.1268652858870283,0.0,3.0,0.00009999000099990002,0.0,0.8351,1.4713002625046476,0.0,5.0,0.0178982101789821,0.6,1.0749676997731399,0.0,2.7750000000000004,0.09090909090909091,10,1.2598,2.3318335499710257,0.0,8.0,0.09009099090090991,0.0006999300069993001,0.1073892610738926,0.2727272727272727,0.1967803219678032
pelt_rbf,persistent,agent,monitor likely-scaffolding-issue (medium/high),goals and monitor,0,55,55,64,42,0.859375,38,0.9047619047619048,34.2617,3.9084447935298265,23.0,39.0,0.19508049195080493,0.19047619047619047,34.3736,3.559563187950019,26.0,39.0,0.1810818918108189,,,,,,,,,,,,0.7803219678032197,0.7243275672432756,,
pelt_rbf,persistent,agent,monitor emotional-or-erratic (medium/high),goals and monitor,0,60,60,64,42,0.9375,39,0.9285714285714286,36.934,2.562986712819442,28.0,39.0,0.23747625237476253,0.23809523809523808,36.8903,2.5293686327951597,30.0,39.0,0.27387261273872615,,,,,,,,,,,,0.7803219678032197,0.8216178382161785,,
pelt_rbf,persistent,agent,monitor likely-scaffolding-issue (high),goals and monitor,0,4,4,64,42,0.0625,1,0.023809523809523808,3.6163,2.6241880546741747,0.0,10.0,0.9684031596840316,0.9682539682539683,3.4254,3.1137444308160624,0.0,11.0,0.8666133386661334,,,,,,,,,,,,1.0,1.0,,
pelt_rbf,persistent,agent,monitor emotional-or-erratic (high),goals and monitor,0,8,8,64,42,0.125,6,0.14285714285714285,6.1226,3.2660122356770738,1.0,12.0,0.5136486351364864,0.5079365079365079,6.6507,4.029083377306323,1.0,16.0,0.5337466253374663,,,,,,,,,,,,1.0,1.0,,
pelt_rbf,persistent,agent,all,summary,1,186,110,389,111,0.5886889460154242,91,0.8198198198198198,73.1665,13.87708309024304,42.0,95.0,0.08359164083591641,0.08072916666666667,81.2731,9.867585992294748,58.0,97.0,0.16898310168983102,73.77631578947368,13.137832073022828,43.875,95.0,0.07792207792207792,76,81.8886,9.621717507013937,60.0,98.0,0.18598140185981402,,,,
pelt_rbf,persistent,agent,scaffolding,summary,1,126,88,389,111,0.5038560411311054,77,0.6936936936936937,63.3985,16.592258075765496,31.0,90.0,0.24827517248275172,0.25,72.2827,11.105976543352599,48.0,91.0,0.38906109389061094,64.15789473684211,16.32344132963712,32.875,89.0,0.2857142857142857,76,73.419,10.939826643082517,49.0,92.0,0.4263573642635736,,,,
pelt_rbf,persistent,agent,roster only,changelog categories,1,60,43,389,111,0.2827763496143959,50,0.45045045045045046,39.3916,13.025414219193113,17.0,66.0,0.22077792220777923,0.2265625,41.8832,11.984311416681944,20.0,64.02499999999964,0.28717128287171284,40.80263157894737,13.654810860979467,18.0,65.125,0.3246753246753247,76,42.789,11.647233354083726,21.0,64.0,0.3037696230376962,0.8831116888311169,1.0,1.0,1.0
pelt_rbf,persistent,agent,prompt (goal pooled),changelog categories,1,55,49,389,111,0.32390745501285345,72,0.6486486486486487,43.7565,11.735142909564878,22.0,66.0,0.00009999000099990002,0.0,48.0132,12.088616100444352,25.0,70.0,0.015998400159984,44.64473684210526,11.375651128462549,24.0,66.0,0.012987012987012988,76,49.2795,12.011927754979176,26.0,71.0,0.024397560243975602,0.0008999100089991002,0.127987201279872,0.1168831168831169,0.17078292170782922
pelt_rbf,persistent,agent,prompt without goal,changelog categories,1,39,36,389,111,0.2544987146529563,50,0.45045045045045046,35.8467,11.960388965264466,16.0,59.0,0.15798420157984203,0.15625,38.0594,12.080010939830752,17.0,62.0,0.19138086191380863,36.14473684210526,11.341609465290095,15.875,57.0,0.14285714285714285,76,38.5849,11.675967831939298,17.0,61.0,0.1932806719328067,0.8075192480751925,1.0,0.8571428571428571,1.0
pelt_rbf,persistent,agent,tool,changelog categories,1,54,43,389,111,0.30077120822622105,44,0.3963963963963964,39.8167,16.69483072233093,14.0,73.0,0.40435956404359563,0.4010416666666667,45.0417,12.611671837494569,22.0,69.0,0.5460453954604539,39.36842105263158,17.0722715577146,13.75,71.5,0.38961038961038963,76,45.9181,12.288893118560676,22.0,69.0,0.5809419058094191,0.8831116888311169,1.0,1.0,1.0
pelt_rbf,persistent,agent,memory,changelog categories,1,18,17,389,111,0.10539845758354756,42,0.3783783783783784,15.4458,8.557533844429122,4.0,35.0,0.00009999000099990002,0.0,19.1215,9.753863415854946,5.0,41.0,0.020897910208979104,14.355263157894736,8.273175847066907,3.875,34.125,0.012987012987012988,76,17.9006,9.681626569399532,5.0,40.0,0.0163983601639836,0.0008999100089991002,0.14628537146285372,0.1168831168831169,0.1311868813118688
pelt_rbf,persistent,agent,model,changelog categories,1,51,40,389,111,0.29562982005141386,50,0.45045045045045046,40.3378,14.029945655543708,16.0,66.0,0.30556944305569445,0.3098958333333333,41.9648,12.441665502015654,20.0,66.0,0.29057094290570945,41.276315789473685,14.527765310338708,18.0,66.0,0.35064935064935066,76,42.71,12.196637889089754,20.0,66.0,0.3084691530846915,0.8831116888311169,1.0,1.0,1.0
pelt_rbf,persistent,agent,goal,changelog categories,1,16,15,389,111,0.09768637532133675,50,0.45045045045045046,13.8491,11.345651218425369,0.0,43.0,0.0023997600239976003,0.0026041666666666665,16.8355,9.361218029204268,4.0,38.0,0.0010998900109989002,14.776315789473685,12.985734413024703,0.0,45.0,0.025974025974025976,76,18.9693,9.944860357730192,5.0,41.0,0.0021997800219978004,0.016798320167983202,0.009899010098990102,0.18181818181818182,0.019798020197980205
pelt_rbf,persistent,agent,chat,changelog categories,1,29,25,389,111,0.16966580976863754,32,0.2882882882882883,24.5383,12.387109314029475,8.0,51.0,0.2800719928007199,0.2786458333333333,27.1646,10.962514515951678,10.0,50.0,0.34226577342265774,26.342105263157894,12.780769545510106,9.0,51.5,0.36363636363636365,76,29.5456,11.359578541586139,11.0,52.024999999999636,0.415958404159584,0.8831116888311169,1.0,1.0,1.0
pelt_rbf,persistent,agent,other,changelog categories,1,12,12,389,111,0.08740359897172237,23,0.2072072072072072,12.4497,8.102261077838541,3.0,33.0,0.13458654134586542,0.13541666666666666,13.6735,8.553526409113562,3.0,34.0,0.16948305169483052,13.5,8.69712596206356,2.75,33.625,0.18181818181818182,76,14.9378,8.611489240235597,3.0,35.0,0.19588041195880412,0.8075192480751925,1.0,0.9090909090909092,1.0
pelt_rbf,persistent,agent,village goal transitions,goals and monitor,1,51,51,389,111,0.37532133676092544,75,0.6756756756756757,51.3688,17.877727704459186,21.0,85.0,0.13788621137886212,0.13541666666666666,47.9828,11.980887209461267,25.0,70.0,0.006999300069993001,60.328947368421055,22.270092445786112,21.875,90.375,0.4155844155844156,76,63.8236,11.313950839046404,40.0,84.0,0.17198280171982802,0.8273172682731726,0.04899510048995101,0.8311688311688312,0.34396560343965604
pelt_rbf,persistent,agent,scaffolding + goal transitions,goals and monitor,1,177,118,389,111,0.6401028277634961,87,0.7837837837837838,76.9539,18.373076274352595,40.0,104.0,0.38516148385161486,0.3984375,84.0375,9.551356793234099,62.0,100.0,0.43745625437456254,81.15789473684211,20.286647583458404,42.875,108.125,0.5194805194805194,76,90.2,8.373637906022575,71.0,103.0,0.712028797120288,1.0,1.0,0.8311688311688312,0.712028797120288
pelt_rbf,persistent,agent,agent goal changes,goals and monitor,1,33,8,55,29,0.03636363636363637,10,0.3448275862068966,1.4234,1.6736823358260449,0.0,5.0,0.00009999000099990002,0.0,1.7421,2.332537601661829,0.0,10.0,0.036996300369963,1.7,1.636391694484477,0.0,4.550000000000001,0.09090909090909091,10,2.4518,2.81049224276899,0.0,10.0,0.0918908109189081,0.0006999300069993001,0.221977802219778,0.2727272727272727,0.2756724327567243
pelt_rbf,persistent,agent,monitor likely-scaffolding-issue (medium/high),goals and monitor,1,55,55,64,42,1.0,42,1.0,41.4009,0.9921076644002788,39.0,42.0,0.5973402659734026,0.5932203389830508,41.3766,1.1246772558796543,39.0,42.0,0.5929407059294071,,,,,,,,,,,,1.0,1.0,,
pelt_rbf,persistent,agent,monitor emotional-or-erratic (medium/high),goals and monitor,1,60,60,64,42,1.0,42,1.0,41.6401,0.9423697767222842,39.0,42.0,0.7789221077892211,0.7796610169491526,41.7766,0.5954224490135378,41.0,42.0,0.8142185781421858,,,,,,,,,,,,1.0,1.0,,
pelt_rbf,persistent,agent,monitor likely-scaffolding-issue (high),goals and monitor,1,4,4,64,42,0.171875,1,0.023809523809523808,8.2028,3.95305386043276,3.0,15.0,1.0,1.0,7.4408,4.714734163430975,1.0,18.0,0.985001499850015,,,,,,,,,,,,1.0,1.0,,
pelt_rbf,persistent,agent,monitor emotional-or-erratic (high),goals and monitor,1,8,8,64,42,0.234375,13,0.30952380952380953,11.1516,3.520320540188147,6.0,20.0,0.38636136386361364,0.3898305084745763,13.6978,5.79505249530514,4.0,26.0,0.5571442855714429,,,,,,,,,,,,1.0,1.0,,
pelt_rbf,persistent,agent,all,summary,2,186,110,389,111,0.7326478149100257,97,0.8738738738738738,86.498,12.942965194838603,52.0,103.0,0.2556744325567443,0.24736842105263157,95.8443,8.233919920288598,75.0,108.0,0.5366463353664633,86.05263157894737,12.453534691636326,54.0,101.25,0.23376623376623376,76,96.146,8.041675873540633,76.0,108.0,0.5520447955204479,,,,
pelt_rbf,persistent,agent,scaffolding,summary,2,126,88,389,111,0.6349614395886889,84,0.7567567567567568,76.265,17.278357247230314,39.0,101.0,0.43565643435656437,0.4263157894736842,87.9231,10.081138295100038,64.0,103.0,0.712928707129287,75.71052631578948,16.812547528139955,41.875,100.25,0.4675324675324675,76,88.003,10.07348690939991,64.0,103.0,0.7230276972302769,,,,
pelt_rbf,persistent,agent,roster only,changelog categories,2,60,43,389,111,0.41645244215938304,61,0.5495495495495496,52.4936,14.66049972085558,27.0,80.0,0.3117688231176882,0.3157894736842105,56.6346,13.066849547450586,31.0,79.0,0.41385861413858616,53.69736842105263,14.625110585876703,29.75,77.0,0.37662337662337664,76,56.6707,13.080740502250196,30.0,80.0,0.41515848415158485,1.0,1.0,1.0,1.0
pelt_rbf,persistent,agent,prompt (goal pooled),changelog categories,2,55,49,389,111,0.4498714652956298,78,0.7027027027027027,56.3082,12.58180602871839,32.0,78.0,0.028697130286971302,0.02631578947368421,63.0675,12.929325600975853,37.0,85.0,0.1316868313168683,56.3421052631579,12.45959082429162,32.875,77.125,0.03896103896103896,76,63.7013,12.944645019986812,37.0,86.0,0.14608539146085392,0.20087991200879912,0.9218078192180782,0.2727272727272727,1.0
pelt_rbf,persistent,agent,prompt without goal,changelog categories,2,39,36,389,111,0.37532133676092544,57,0.5135135135135135,48.2007,13.681752027567756,24.0,73.0,0.30456954304569545,0.3078947368421053,51.2063,13.344787321080261,26.0,75.0,0.36676332366763326,48.68421052631579,13.486003140358315,25.75,72.125,0.33766233766233766,76,51.6201,13.220160863443589,26.0,75.0,0.3838616138386161,1.0,1.0,1.0,1.0
pelt_rbf,persistent,agent,tool,changelog categories,2,54,43,389,111,0.4087403598971723,59,0.5315315315315315,50.3669,18.572839832075836,19.0,83.0,0.36196380361963804,0.3605263157894737,59.0945,13.532179489578677,32.0,83.0,0.5326467353264673,50.5921052631579,18.531542574093464,20.75,81.5,0.36363636363636365,76,59.5627,13.281246472405595,33.0,83.0,0.5505449455054494,1.0,1.0,1.0,1.0
pelt_rbf,persistent,agent,memory,changelog categories,2,18,17,389,111,0.15938303341902313,47,0.42342342342342343,21.0746,10.112500240104353,7.0,43.0,0.0027997200279972004,0.002631578947368421,27.0718,11.808149219873531,9.0,52.0,0.06819318068193181,21.460526315789473,10.26377550998161,8.75,42.125,0.025974025974025976,76,26.7186,11.859303451208033,8.0,52.0,0.068993100689931,0.023397660233976603,0.5455454454554545,0.2077922077922078,0.551944805519448
pelt_rbf,persistent,agent,model,changelog categories,2,51,40,389,111,0.41645244215938304,57,0.5135135135135135,52.4485,15.841762651119017,24.0,79.0,0.43995600439956006,0.4368421052631579,55.5151,13.513794221218012,29.0,80.0,0.48625137486251374,52.94736842105263,15.071292567299025,25.75,77.125,0.45454545454545453,76,55.8583,13.316116288366535,30.0,80.0,0.5027497250274973,1.0,1.0,1.0,1.0
pelt_rbf,persistent,agent,goal,changelog categories,2,16,15,389,111,0.14652956298200517,61,0.5495495495495496,18.5601,14.46931664255124,1.0,50.0,0.0025997400259974,0.002631578947368421,24.0154,11.349706799051791,7.0,49.0,0.0010998900109989002,18.93421052631579,15.03802781955647,1.0,48.625,0.012987012987012988,76,24.8481,11.303583656980164,7.0,49.0,0.0012998700129987,0.023397660233976603,0.009899010098990102,0.1168831168831169,0.011698830116988301
pelt_rbf,persistent,agent,chat,changelog categories,2,29,25,389,111,0.2519280205655527,49,0.44144144144144143,32.979,14.259820940296724,11.0,62.0,0.1755824417558244,0.17894736842105263,37.6432,12.929648538964008,15.0,63.0,0.21957804219578042,32.68421052631579,13.887366466267858,14.875,59.375,0.16883116883116883,76,38.1085,12.856712536870596,16.0,63.0,0.22697730226977303,0.877912208779122,1.0,0.8441558441558441,1.0
pelt_rbf,persistent,agent,other,changelog categories,2,12,12,389,111,0.13367609254498714,31,0.27927927927927926,17.4192,9.923573907212521,5.0,42.0,0.11408859114088592,0.11578947368421053,19.7269,10.620743684396162,4.975000000000023,43.0,0.17818218178182182,17.710526315789473,10.147992628395277,5.875,44.125,0.11688311688311688,76,19.7264,10.2763370590077,5.0,43.0,0.16598340165983402,0.6845315468453155,1.0,0.7012987012987013,1.0
pelt_rbf,persistent,agent,village goal transitions,goals and monitor,2,51,51,389,111,0.5886889460154242,84,0.7567567567567568,69.6311,21.39525621461096,26.0,101.0,0.37336266373362664,0.3763157894736842,63.4207,12.847335012043983,37.0,86.0,0.042995700429957005,70.85526315789474,21.940953456868993,29.625,100.5,0.42857142857142855,76,72.7297,11.634525092474242,48.0,92.0,0.1802819718028197,1.0,0.30096990300969906,0.8571428571428571,0.3605639436056394
pelt_rbf,persistent,agent,scaffolding + goal transitions,goals and monitor,2,177,118,389,111,0.7840616966580977,90,0.8108108108108109,89.7072,17.879128459839656,53.0,111.0,0.6021397860213978,0.6026315789473684,98.1344,7.572401915315688,79.0,109.0,0.8811118888111189,89.47368421052632,18.564104204412363,53.0,111.0,0.6103896103896104,76,100.1514,6.763789834500517,83.0,110.0,0.9305069493050695,1.0,1.0,0.8571428571428571,0.9305069493050695
pelt_rbf,persistent,agent,agent goal changes,goals and monitor,2,33,8,55,29,0.054545454545454536,10,0.3448275862068966,2.1289,1.894529945493456,0.0,6.0,0.00009999000099990002,0.0,2.6591,2.8604379735523113,0.0,10.0,0.05699430056994301,2.4,2.2705848487901865,0.0,6.0,0.09090909090909091,10,3.1313,3.0395697406739726,0.0,10.0,0.09759024097590241,0.0006999300069993001,0.34196580341965804,0.2727272727272727,0.2927707229277072
pelt_rbf,persistent,agent,monitor likely-scaffolding-issue (medium/high),goals and monitor,2,55,55,64,42,1.0,42,1.0,41.9825,0.13113149715821404,42.0,42.0,0.9825017498250175,0.9818181818181818,41.9576,0.3140256378229666,41.0,42.0,0.9706029397060294,,,,,,,,,,,,1.0,1.0,,
pelt_rbf,persistent,agent,monitor emotional-or-erratic (medium/high),goals and monitor,2,60,60,64,42,1.0,42,1.0,41.9814,0.13511426862681328,42.0,42.0,0.9814018598140186,0.9818181818181818,41.9959,0.06390303873710532,42.0,42.0,0.9959004099590041,,,,,,,,,,,,1.0,1.0,,
pelt_rbf,persistent,agent,monitor likely-scaffolding-issue (high),goals and monitor,2,4,4,64,42,0.28125,5,0.11904761904761904,12.5668,4.707032332089672,5.0,20.0,0.9798020197980202,0.9818181818181818,11.1884,5.78595309048704,2.0,23.0,0.8687131286871312,,,,,,,,,,,,1.0,1.0,,
pelt_rbf,persistent,agent,monitor emotional-or-erratic (high),goals and monitor,2,8,8,64,42,0.328125,13,0.30952380952380953,15.595,3.4343200863410424,10.0,24.0,0.8016198380161984,0.8,19.6176,6.63048765753,7.0,32.0,0.8366163383661633,,,,,,,,,,,,1.0,1.0,,
pelt_rbf,persistent,agent,all,summary,3,186,110,389,111,0.8123393316195373,99,0.8918918918918919,94.1494,11.50878468181959,62.0,108.0,0.45535446455354467,0.45478723404255317,103.2551,6.397336678779551,85.0,111.0,0.8213178682131786,93.43243243243244,12.010362057071696,60.65,106.175,0.44,74,103.3152,6.316505266670676,85.97500000000002,111.0,0.822017798220178,,,,
pelt_rbf,persistent,agent,scaffolding,summary,3,126,88,389,111,0.7172236503856041,87,0.7837837837837838,83.8522,17.014779029730096,46.0,105.0,0.5542445755424458,0.5558510638297872,97.2736,8.641898592388603,75.0,109.0,0.8862113788621138,83.56756756756756,17.41679325113858,46.65,105.175,0.5333333333333333,74,97.2691,8.68808571972833,75.97500000000002,109.0,0.8836116388361164,,,,
pelt_rbf,persistent,agent,roster only,changelog categories,3,60,43,389,111,0.5089974293059126,67,0.6036036036036037,62.1829,15.09176675317947,38.0,89.0,0.41525847415258477,0.42021276595744683,68.2056,13.69116771671959,39.0,91.0,0.5745425457454254,61.75675675675676,15.06316455209807,38.475,88.175,0.4533333333333333,74,68.2484,13.529589883667649,40.0,91.0,0.5743425657434257,1.0,1.0,1.0,1.0
pelt_rbf,persistent,agent,prompt (goal pooled),changelog categories,3,55,49,389,111,0.5449871465295629,80,0.7207207207207207,65.765,12.681918549880793,38.0,86.0,0.1797820217978202,0.18617021276595744,74.3927,13.220732411124152,46.0,96.0,0.39266073392660733,65.47297297297297,12.522005805641514,38.65,85.52499999999999,0.17333333333333334,74,74.5428,13.074473692896193,46.0,95.0,0.4046595340465953,1.0,1.0,1.0,1.0
pelt_rbf,persistent,agent,prompt without goal,changelog categories,3,39,36,389,111,0.480719794344473,64,0.5765765765765766,58.3411,14.958834428615964,32.0,83.0,0.41685831416858316,0.40691489361702127,61.975,14.150215470436695,33.0,86.0,0.47975202479752027,58.432432432432435,15.138702176582461,29.475,81.87499999999999,0.4533333333333333,74,62.2895,14.261172036434639,34.0,87.0,0.48975102489751027,1.0,1.0,1.0,1.0
pelt_rbf,persistent,agent,tool,changelog categories,3,54,43,389,111,0.4910025706940874,72,0.6486486486486487,58.4231,19.599012692476425,23.0,92.0,0.28487151284871515,0.2898936170212766,70.1629,13.79163458435768,41.0,93.0,0.4941505849415059,58.689189189189186,19.43018811778425,27.825,90.175,0.29333333333333333,74,69.9107,13.890652271655684,41.0,93.0,0.4948505149485051,1.0,1.0,1.0,1.0
pelt_rbf,persistent,agent,memory,changelog categories,3,18,17,389,111,0.20822622107969152,52,0.46846846846846846,26.4099,11.281596049803552,10.0,51.0,0.0225977402259774,0.02127659574468085,34.2073,13.492150700427722,12.0,62.0,0.11458854114588542,27.62162162162162,11.28546489437922,10.825,54.0,0.06666666666666667,74,35.6278,13.544283366837542,12.0,63.0,0.1316868313168683,0.1807819218078192,0.9167083291670833,0.5333333333333333,1.0
pelt_rbf,persistent,agent,model,changelog categories,3,51,40,389,111,0.506426735218509,62,0.5585585585585585,62.2279,16.23124477422148,32.0,88.0,0.539046095390461,0.5292553191489362,66.3742,14.026968665573987,37.0,90.0,0.6427357264273572,61.82432432432432,16.059272154738153,34.65,85.175,0.56,74,66.6578,13.947779508413571,37.0,91.0,0.6553344665533447,1.0,1.0,1.0,1.0
pelt_rbf,persistent,agent,goal,changelog categories,3,16,15,389,111,0.18251928020565553,63,0.5675675675675675,22.3059,16.623819065606813,2.0,58.0,0.012198780121987801,0.013297872340425532,30.6681,13.123207086929042,10.0,58.0,0.0096990300969903,22.45945945945946,15.626802746799328,2.0,55.0,0.013333333333333334,74,29.8573,12.640012409067095,10.0,56.0,0.0051994800519948,0.10978902109789021,0.0872912708729127,0.12000000000000001,0.046795320467953205
pelt_rbf,persistent,agent,chat,changelog categories,3,29,25,389,111,0.32390745501285345,56,0.5045045045045045,40.702,15.734120638129909,15.0,72.0,0.20317968203179682,0.20212765957446807,46.852,14.16516011826614,21.0,74.0,0.28317168283171684,38.67567567567568,15.024279991508273,17.475,66.69999999999999,0.18666666666666668,74,45.749,13.967029275786569,20.0,73.0,0.2518748125187481,1.0,1.0,1.0,1.0
pelt_rbf,persistent,agent,other,changelog categories,3,12,12,389,111,0.17480719794344474,35,0.3153153153153153,21.9044,11.341495650590323,6.0,50.0,0.14778522147785222,0.14361702127659576,25.3848,12.144672834944002,7.0,52.0,0.2343765623437656,21.472972972972972,11.233783408562426,6.0,48.349999999999994,0.14666666666666667,74,24.163,11.82862725096468,6.0,50.0,0.20707929207079293,1.0,1.0,1.0,1.0
pelt_rbf,persistent,agent,village goal transitions,goals and monitor,3,51,51,389,111,0.6503856041131105,86,0.7747747747747747,75.9714,21.652872020281112,31.0,105.0,0.4527547245275472,0.45478723404255317,75.079,12.908773088185578,47.0,96.0,0.22467753224677534,75.63513513513513,20.863925952367445,34.65,102.52499999999999,0.4533333333333333,74,77.9533,11.943549888889603,52.0,97.0,0.293970602939706,1.0,1.0,0.9066666666666666,0.587941205879412
pelt_rbf,persistent,agent,scaffolding + goal transitions,goals and monitor,3,177,118,389,111,0.8226221079691517,91,0.8198198198198198,93.7401,16.98251431824089,58.0,111.0,0.6527347265273473,0.6462765957446809,104.7068,5.695531377120731,89.0,111.0,0.9701029897010299,93.05405405405405,17.449647240530563,60.775,111.0,0.64,74,105.1028,5.527484732565697,90.0,111.0,0.9742025797420258,1.0,1.0,0.9066666666666666,0.9742025797420258
pelt_rbf,persistent,agent,agent goal changes,goals and monitor,3,33,8,55,29,0.07272727272727274,10,0.3448275862068966,2.8622,1.9729674148454668,0.0,7.0,0.00009999000099990002,0.0,3.4932,3.3303847985316395,0.0,13.0,0.0746925307469253,2.375,1.9226098333849673,0.17500000000000002,5.65,0.1111111111111111,8,3.2695,3.045685041125719,0.0,10.0,0.0893910608939106,0.0006999300069993001,0.5228477152284772,0.3333333333333333,0.26817318268173185
pelt_rbf,persistent,agent,monitor likely-scaffolding-issue (medium/high),goals and monitor,3,55,55,64,42,1.0,42,1.0,42.0,0.0,42.0,42.0,1.0,1.0,41.9992,0.031614236444908794,42.0,42.0,0.9993000699930007,,,,,,,,,,,,1.0,1.0,,
pelt_rbf,persistent,agent,monitor emotional-or-erratic (medium/high),goals and monitor,3,60,60,64,42,1.0,42,1.0,42.0,0.0,42.0,42.0,1.0,1.0,42.0,0.0,42.0,42.0,1.0,,,,,,,,,,,,1.0,1.0,,
pelt_rbf,persistent,agent,monitor likely-scaffolding-issue (high),goals and monitor,3,4,4,64,42,0.390625,16,0.38095238095238093,16.8538,5.824518697867334,8.0,26.0,0.5952404759524048,0.5882352941176471,14.2818,6.810229561671784,3.0,28.0,0.42385761423857615,,,,,,,,,,,,1.0,1.0,,
pelt_rbf,persistent,agent,monitor emotional-or-erratic (high),goals and monitor,3,8,8,64,42,0.421875,17,0.40476190476190477,19.4163,3.833701088557067,12.0,26.0,0.8056194380561944,0.803921568627451,24.1044,7.2687126823396895,10.0,36.0,0.8237176282371763,,,,,,,,,,,,1.0,1.0,,
pelt_rbf,persistent,all,all,summary,0,186,110,389,245,0.32904884318766064,168,0.6857142857142857,118.2257,20.50827682795035,76.0,156.0,0.00009999000099990002,0.0,124.9356,16.332523619232187,90.0,154.0,0.000999900009999,120.25,19.989413865010317,84.875,153.0,0.012987012987012988,76,126.196,15.977231023901455,92.0,155.0,0.0004999500049995,,,,
pelt_rbf,persistent,all,scaffolding,summary,0,126,88,389,245,0.2750642673521851,145,0.5918367346938775,100.4517,22.635059127384004,62.0,141.0,0.015398460153984602,0.015463917525773196,109.3851,17.039484510783748,75.97500000000002,140.0,0.011998800119988001,102.61842105263158,22.26984035581944,65.0,141.0,0.025974025974025976,76,111.3771,17.082677699287597,77.0,143.0,0.017798220177982202,,,,
pelt_rbf,persistent,all,roster only,changelog categories,0,60,43,389,245,0.11053984575835474,76,0.31020408163265306,55.2795,16.093150055159175,30.0,90.0,0.10868913108689131,0.11082474226804123,57.2367,15.573815443967103,32.0,89.0,0.141985801419858,55.89473684210526,16.23952293828725,30.625,88.125,0.12987012987012986,76,58.1962,15.133136051085845,33.0,88.0,0.14408559144085592,0.456954304569543,0.567943205679432,0.5454545454545454,0.5763423657634237
pelt_rbf,persistent,all,prompt (goal pooled),changelog categories,0,55,49,389,245,0.14395886889460155,123,0.5020408163265306,63.0221,16.65182692451469,36.0,97.0,0.00009999000099990002,0.0,68.3432,16.621697923021717,40.0,101.0,0.00019998000199980003,64.01315789473684,15.723861630064146,41.0,97.375,0.012987012987012988,76,69.9097,15.889468003345579,42.0,101.0,0.00039996000399960006,0.0008999100089991002,0.0017998200179982003,0.1168831168831169,0.0035996400359964006
pelt_rbf,persistent,all,prompt without goal,changelog categories,0,39,36,389,245,0.11053984575835474,104,0.42448979591836733,51.3569,16.188308389787128,27.0,84.0,0.00009999000099990002,0.0,54.0838,15.862141668571473,29.0,86.0,0.00039996000399960006,50.25,14.267095009146045,24.625,78.375,0.012987012987012988,76,54.3633,15.25661133833306,30.0,85.0,0.0004999500049995,0.0008999100089991002,0.0031996800319968005,0.1168831168831169,0.003999600039996
pelt_rbf,persistent,all,tool,changelog categories,0,54,43,389,245,0.15167095115681234,84,0.34285714285714286,60.7331,20.91484658013888,33.0,108.0,0.17668233176682333,0.17525773195876287,65.9392,17.29247831690513,37.0,100.0,0.1745825417458254,62.86842105263158,21.29434485507872,34.75,110.875,0.18181818181818182,76,68.28,17.52895109276768,39.0,104.0,0.2064793520647935,0.456954304569543,0.567943205679432,0.5454545454545454,0.5763423657634237
pelt_rbf,persistent,all,memory,changelog categories,0,18,17,389,245,0.04627249357326478,59,0.24081632653061225,21.9281,11.225744167903184,9.0,53.0,0.008599140085991401,0.010309278350515464,25.6223,11.892190089656019,10.0,55.0,0.0110988901109889,19.973684210526315,10.906846393234574,7.75,48.5,0.012987012987012988,76,24.8061,12.112166331723023,10.0,55.0,0.012098790120987902,0.06019398060193981,0.0776922307769223,0.1168831168831169,0.08469153084691532
pelt_rbf,persistent,all,model,changelog categories,0,51,40,389,245,0.13367609254498714,72,0.2938775510204082,58.705,17.31351930703517,30.0,95.0,0.23987601239876014,0.24484536082474226,60.5009,17.014997802086853,33.0,95.0,0.272972702729727,58.98684210526316,18.26508028711445,30.625,97.625,0.23376623376623376,76,61.0737,16.976987074242942,34.0,95.0,0.28517148285171484,0.456954304569543,0.567943205679432,0.5454545454545454,0.5763423657634237
pelt_rbf,persistent,all,goal,changelog categories,0,16,15,389,245,0.038560411311053984,44,0.17959183673469387,19.3784,12.769828514589738,3.0,51.0,0.06529347065293471,0.06958762886597938,22.1923,11.27563012400945,8.0,51.0,0.0690930906909309,20.657894736842106,14.434729076389758,3.0,63.125,0.1038961038961039,76,24.4869,11.633828389068606,9.0,53.0,0.0867913208679132,0.39176082391760825,0.41455854414558546,0.5454545454545454,0.4871512848715128
pelt_rbf,persistent,all,chat,changelog categories,0,29,25,389,245,0.06940874035989718,54,0.22040816326530613,34.1591,15.008841185160568,15.0,70.0,0.143985601439856,0.13917525773195877,36.779,13.888090110043585,17.0,68.0,0.14878512148785122,36.53947368421053,15.74584879852353,17.5,70.125,0.2077922077922078,76,37.4605,13.845757843145499,17.0,69.0,0.15108489151084892,0.456954304569543,0.567943205679432,0.5454545454545454,0.5763423657634237
pelt_rbf,persistent,all,other,changelog categories,0,12,12,389,245,0.030848329048843187,35,0.14285714285714285,16.8259,9.960296679366238,6.0,44.0,0.0913908609139086,0.09020618556701031,18.0074,10.284635268800796,5.0,45.024999999999636,0.0993900609939006,16.86842105263158,9.921481213694062,4.875,39.375,0.09090909090909091,76,17.865,9.400468705399115,5.0,41.0,0.0811918808119188,0.456954304569543,0.496950304969503,0.5454545454545454,0.4871512848715128
pelt_rbf,persistent,all,village goal transitions,goals and monitor,0,51,51,389,245,0.13110539845758354,114,0.46530612244897956,74.384,19.90927879000628,41.0,115.0,0.0334966503349665,0.03350515463917526,66.4408,15.843926229310586,39.0,97.0,0.0008999100089991,83.77631578947368,21.540410818868196,45.875,119.5,0.11688311688311688,76,85.1328,15.022008195744778,56.0,112.0,0.019698030196980302,0.16748325167483252,0.0053994600539946005,0.23376623376623376,0.039396060393960604
pelt_rbf,persistent,all,scaffolding + goal transitions,goals and monitor,0,177,118,389,245,0.34704370179948585,168,0.6857142857142857,125.0326,24.152467190892544,79.0,166.0,0.018098190180981903,0.01804123711340206,129.8837,16.17605454936643,95.0,159.0,0.0037996200379962005,132.94736842105263,24.09088056331253,86.875,174.125,0.07792207792207792,76,140.8957,14.98340654714994,108.0,168.0,0.026597340265973404,0.10858914108589142,0.018998100189981004,0.23376623376623376,0.039396060393960604
pelt_rbf,persistent,all,agent goal changes,goals and monitor,0,33,8,55,36,0.03232323232323233,12,0.3333333333333333,1.6364,1.535327575169647,0.0,5.0,0.00009999000099990002,0.0,1.7715,1.7873464159812646,0.0,7.0,0.00019998000199980003,1.6,1.776388345929897,0.0,4.775,0.09090909090909091,10,2.5375,2.5567650370625525,0.0,10.0,0.0012998700129987,0.0006999300069993001,0.0013998600139986002,0.23376623376623376,0.0038996100389961
pelt_rbf,persistent,all,monitor likely-scaffolding-issue (medium/high),goals and monitor,0,55,55,64,56,0.859375,50,0.8928571428571429,47.0454,4.810369300301228,33.0,53.0,0.3691630836916308,0.36507936507936506,47.092,4.646019215355759,36.0,53.0,0.37506249375062495,,,,,,,,,,,,1.0,1.0,,
pelt_rbf,persistent,all,monitor emotional-or-erratic (medium/high),goals and monitor,0,60,60,64,56,0.9375,51,0.9107142857142857,50.3542,3.2963356841945406,39.0,53.0,0.635036496350365,0.6349206349206349,50.3699,3.214795091564636,41.0,53.0,0.6506349365063494,,,,,,,,,,,,1.0,1.0,,
pelt_rbf,persistent,all,monitor likely-scaffolding-issue (high),goals and monitor,0,4,4,64,56,0.0625,1,0.017857142857142856,5.4964,3.7862409593236674,1.0,17.0,0.9841015898410159,0.9841269841269841,5.2368,4.327608875563732,0.0,18.0,0.9656034396560343,,,,,,,,,,,,1.0,1.0,,
pelt_rbf,persistent,all,monitor emotional-or-erratic (high),goals and monitor,0,8,8,64,56,0.125,6,0.10714285714285714,8.9136,5.275710222504188,2.0,20.0,0.7290270972902709,0.7301587301587301,9.9576,5.7171383407331255,2.0,24.0,0.7812218778122187,,,,,,,,,,,,1.0,1.0,,
pelt_rbf,persistent,all,all,summary,1,186,110,389,245,0.5886889460154242,196,0.8,165.7324,21.625766058472045,121.0,199.0,0.05369463053694631,0.0546875,183.7521,16.16154587737555,145.0,210.0,0.23607639236076391,167.44736842105263,20.36951626775796,129.75,198.375,0.05194805194805195,76,185.0848,15.927805199017401,148.0,211.0,0.27187281271872815,,,,
pelt_rbf,persistent,all,scaffolding,summary,1,126,88,389,245,0.5038560411311054,177,0.7224489795918367,143.0751,25.949258108655805,95.0,184.0,0.07629237076292371,0.078125,163.6681,18.680156241683886,122.0,194.0,0.26317368263173685,145.19736842105263,25.511837637636432,96.875,184.0,0.11688311688311688,76,166.054,18.16029359967406,125.0,196.0,0.3043695630436956,,,,
pelt_rbf,persistent,all,roster only,changelog categories,1,60,43,389,245,0.2827763496143959,109,0.4448979591836735,90.7362,21.453247626953228,52.0,134.0,0.19988001199880012,0.203125,96.6,20.36751539997839,60.0,135.0,0.3053694630536946,94.32894736842105,22.459081701556567,57.875,138.5,0.2727272727272727,76,99.5684,19.98505095480536,62.0,136.0,0.35526447355264473,0.7995200479952005,1.0,1.0,1.0
pelt_rbf,persistent,all,prompt (goal pooled),changelog categories,1,55,49,389,245,0.32390745501285345,149,0.6081632653061224,100.0004,20.903863207304507,65.0,136.0,0.0029997000299970002,0.0026041666666666665,110.428,20.57660700104776,71.0,147.0,0.0216978302169783,102.89473684210526,20.212589441479896,65.75,135.625,0.025974025974025976,76,113.2599,20.08870597128546,74.0,149.0,0.026697330266973303,0.026997300269973,0.1735826417358264,0.2337662337662338,0.24027597240275972
pelt_rbf,persistent,all,prompt without goal,changelog categories,1,39,36,389,245,0.2544987146529563,120,0.4897959183673469,82.5825,20.415466511380234,51.0,120.0,0.0282971702829717,0.028645833333333332,87.5349,20.35325053820021,52.0,126.0,0.062493750624937505,84.27631578947368,20.075589611406535,50.875,122.625,0.06493506493506493,76,89.8795,19.885963011694713,54.0,127.0,0.0714928507149285,0.22557744225577442,0.43745625437456254,0.4155844155844156,0.428957104289571
pelt_rbf,persistent,all,tool,changelog categories,1,54,43,389,245,0.30077120822622105,109,0.4448979591836735,90.6286,25.750016861680653,52.0,145.0,0.2545745425457454,0.2604166666666667,103.7609,21.00540058831032,65.0,142.0,0.4336566343365663,89.97368421052632,26.471606768616837,50.0,144.0,0.2727272727272727,76,105.7332,20.71172410282474,67.0,143.0,0.46095390460953906,0.7995200479952005,1.0,1.0,1.0
pelt_rbf,persistent,all,memory,changelog categories,1,18,17,389,245,0.10539845758354756,74,0.3020408163265306,36.0354,15.023285817412752,19.0,75.0,0.028197180281971802,0.026041666666666668,44.4619,16.821552985812144,20.0,81.0,0.07039296070392961,33.69736842105263,14.714183395025907,17.875,76.5,0.05194805194805195,76,41.6876,16.474408846896008,18.0,79.0,0.04989501049895011,0.22557744225577442,0.43745625437456254,0.4155844155844156,0.34926507349265073
pelt_rbf,persistent,all,model,changelog categories,1,51,40,389,245,0.29562982005141386,109,0.4448979591836735,92.5858,22.063139318140045,53.0,135.0,0.22137786221377861,0.22135416666666666,97.1693,21.279706767293813,59.0,137.02499999999964,0.3270672932706729,95.26315789473684,22.66472643914776,55.625,139.25,0.33766233766233766,76,99.0583,20.53256583420527,62.0,137.0,0.3431656834316568,0.7995200479952005,1.0,1.0,1.0
pelt_rbf,persistent,all,goal,changelog categories,1,16,15,389,245,0.09768637532133675,79,0.3224489795918367,32.1394,18.38827834567586,8.0,81.0,0.0327967203279672,0.03125,39.1886,16.02953912788715,16.0,75.0,0.015798420157984203,33.64473684210526,20.489154169864875,8.0,83.25,0.05194805194805195,76,43.1894,16.83892759614634,19.0,80.0,0.031096890310968902,0.22557744225577442,0.14218578142185784,0.4155844155844156,0.24877512248775122
pelt_rbf,persistent,all,chat,changelog categories,1,29,25,389,245,0.16966580976863754,68,0.27755102040816326,56.4891,21.45767285523843,28.0,102.0,0.2997700229977002,0.3020833333333333,62.9021,19.081360680584137,33.0,101.0,0.38206179382061795,59.71052631578947,21.177860004872187,30.875,102.75,0.3246753246753247,76,66.6966,19.196463186219642,36.0,105.0,0.44835516448355167,0.7995200479952005,1.0,1.0,1.0
pelt_rbf,persistent,all,other,changelog categories,1,12,12,389,245,0.08740359897172237,47,0.19183673469387755,29.0331,14.59650335460579,11.0,64.0,0.1463853614638536,0.14583333333333334,32.1229,14.837446228076349,12.0,67.0,0.1810818918108189,31.18421052631579,15.261900734675471,11.875,66.125,0.2077922077922078,76,34.3674,15.055506768900436,13.0,69.0,0.20267973202679732,0.7319268073192681,0.9054094590540945,1.0,1.0
pelt_rbf,persistent,all,village goal transitions,goals and monitor,1,51,51,389,245,0.37532133676092544,164,0.6693877551020408,117.6335,27.378114140009465,67.0,173.0,0.0435956404359564,0.044270833333333336,110.2743,20.612247475338503,71.0,147.0,0.000999900009999,130.75,32.410337856924606,68.0,180.5,0.16883116883116883,76,139.9439,18.7238407120735,99.0,171.0,0.0893910608939106,0.2615738426157384,0.0059994000599940004,0.33766233766233766,0.1787821217878212
pelt_rbf,persistent,all,scaffolding + goal transitions,goals and monitor,1,177,118,389,245,0.6401028277634961,201,0.8204081632653061,173.8878,27.28883799702587,118.0,213.0,0.18388161183881613,0.18229166666666666,189.5492,15.517720816084191,152.0,215.0,0.24737526247375263,178.85526315789474,29.086860239573667,117.75,218.0,0.33766233766233766,76,199.3749,13.313064025887344,167.0,221.0,0.5158484151584841,0.9194080591940806,1.0,0.33766233766233766,0.5158484151584841
pelt_rbf,persistent,all,agent goal changes,goals and monitor,1,33,8,55,36,0.07474747474747476,16,0.4444444444444444,3.2237,2.1725860910519295,0.0,8.0,0.00009999000099990002,0.0,3.7639,2.7441774434216346,0.0,12.0,0.0005999400059994001,3.5,2.273030282830976,0.225,6.775,0.09090909090909091,10,4.6829,3.128086648833159,0.0,13.0,0.0013998600139986002,0.0006999300069993001,0.004199580041995801,0.2727272727272727,0.004199580041995801
pelt_rbf,persistent,all,monitor likely-scaffolding-issue (medium/high),goals and monitor,1,55,55,64,56,1.0,56,1.0,55.362,1.0983973086569205,51.0,56.0,0.5907409259074092,0.5932203389830508,55.322,1.3001096217253567,51.0,56.0,0.587941205879412,,,,,,,,,,,,1.0,1.0,,
pelt_rbf,persistent,all,monitor emotional-or-erratic (medium/high),goals and monitor,1,60,60,64,56,1.0,56,1.0,55.6145,1.0348897765873275,51.0,56.0,0.7743225677432257,0.7796610169491526,55.7778,0.6101347281040835,55.0,56.0,0.8177182281771823,,,,,,,,,,,,1.0,1.0,,
pelt_rbf,persistent,all,monitor likely-scaffolding-issue (high),goals and monitor,1,4,4,64,56,0.171875,2,0.03571428571428571,11.3236,5.822445631116939,4.0,25.0,1.0,1.0,10.4503,6.606276878803971,2.0,25.0,0.9805019498050195,,,,,,,,,,,,1.0,1.0,,
pelt_rbf,persistent,all,monitor emotional-or-erratic (high),goals and monitor,1,8,8,64,56,0.234375,13,0.23214285714285715,15.8424,6.472692779298391,7.0,32.0,0.6345365463453655,0.6271186440677966,19.088,8.044944257905785,6.0,36.0,0.7523247675232477,,,,,,,,,,,,1.0,1.0,,
pelt_rbf,persistent,all,all,summary,2,186,110,389,245,0.7326478149100257,216,0.8816326530612245,192.7688,20.404097119890597,146.0,222.0,0.10588941105889411,0.10526315789473684,213.5221,13.426143814356092,179.0,233.0,0.5077492250774922,191.68421052631578,19.147296085046083,148.75,216.25,0.06493506493506493,76,213.8516,13.343881869918357,178.0,234.0,0.5182481751824818,,,,
pelt_rbf,persistent,all,scaffolding,summary,2,126,88,389,245,0.6349614395886889,196,0.8,169.7566,26.525310849291948,114.0,208.0,0.16998300169983002,0.16842105263157894,196.9543,16.756165683677214,156.0,223.0,0.6096390360963904,168.5,25.634612018388992,115.875,204.375,0.19480519480519481,76,197.6575,16.23476980203454,158.0,223.0,0.6242375762423757,,,,
pelt_rbf,persistent,all,roster only,changelog categories,2,60,43,389,245,0.41645244215938304,135,0.5510204081632653,118.747,23.538916692573302,76.0,163.0,0.24577542245775422,0.24736842105263157,128.2401,22.217538430064415,85.0,167.0,0.4253574642535746,121.8157894736842,23.41265215010368,85.25,162.125,0.35064935064935066,76,129.3406,21.894911060633138,86.0,167.0,0.44425557444255576,0.7415258474152585,1.0,0.8311688311688312,1.0
pelt_rbf,persistent,all,prompt (goal pooled),changelog categories,2,55,49,389,245,0.4498714652956298,168,0.6857142857142857,127.4342,22.27284621075252,86.0,165.0,0.021597840215978402,0.02368421052631579,142.4357,22.02193820003609,97.0,180.0,0.1222877712228777,126.96052631578948,21.752204969902053,88.75,165.125,0.025974025974025976,76,144.1257,21.661191569995015,99.97500000000002,181.02499999999964,0.13758624137586242,0.17278272172782722,0.9783021697830216,0.2077922077922078,0.963103689631037
pelt_rbf,persistent,all,prompt without goal,changelog categories,2,39,36,389,245,0.37532133676092544,141,0.5755102040816327,109.4393,22.86547175305703,71.0,150.0,0.08919108089191082,0.08947368421052632,115.8806,22.487479011913077,73.0,156.0,0.14508549145085492,110.35526315789474,22.715459609331216,73.875,150.25,0.11688311688311688,76,117.3346,22.485897900694116,74.0,157.0,0.16328367163283672,0.5351464853514649,0.9783021697830216,0.7012987012987013,0.9797020297970203
pelt_rbf,persistent,all,tool,changelog categories,2,54,43,389,245,0.4087403598971722,137,0.5591836734693878,113.54,28.10061857818165,69.0,170.0,0.23177682231776822,0.23157894736842105,133.7959,22.441225546979492,89.0,173.0,0.48365163483651635,113.82894736842105,28.234441453843676,70.0,167.375,0.22077922077922077,76,135.3961,22.27906282710396,90.0,174.0,0.5144485551444855,0.7415258474152585,1.0,0.8311688311688312,1.0
pelt_rbf,persistent,all,memory,changelog categories,2,18,17,389,245,0.15938303341902313,89,0.363265306122449,48.1349,17.119901024571057,26.0,93.0,0.030496950304969503,0.02894736842105263,62.0036,20.166944677014428,30.0,104.0,0.12488751124887511,48.921052631578945,17.65956825285355,26.875,91.375,0.05194805194805195,76,61.2634,20.10541328111214,29.0,103.0,0.11588841115888411,0.2134786521347865,0.9783021697830216,0.36363636363636365,0.9271072892710729
pelt_rbf,persistent,all,model,changelog categories,2,51,40,389,245,0.41645244215938304,125,0.5102040816326531,118.3639,24.057767028663335,73.0,163.0,0.414958504149585,0.42105263157894735,126.0995,22.897297403249084,82.0,166.0,0.545045495450455,119.6842105263158,22.905143833538524,81.375,160.25,0.4025974025974026,76,126.9617,22.77798754898418,82.0,168.0,0.5589441055894411,0.7415258474152585,1.0,0.8311688311688312,1.0
pelt_rbf,persistent,all,goal,changelog categories,2,16,15,389,245,0.14652956298200515,106,0.4326530612244898,43.3728,22.53370357796725,12.0,97.0,0.00009999000099990002,0.0,55.163,19.375932846636516,25.975000000000023,97.0,0.006799320067993201,43.19736842105263,23.18851424698133,12.625,98.125,0.012987012987012988,76,56.6733,19.300570414156965,27.0,97.0,0.006899310068993101,0.0008999100089991002,0.061193880611938804,0.1168831168831169,0.06209379062093791
pelt_rbf,persistent,all,chat,changelog categories,2,29,25,389,245,0.2519280205655527,108,0.44081632653061226,74.8421,24.12268554671719,39.0,125.0,0.11868813118688132,0.12105263157894737,85.4471,21.570515299895604,48.0,127.0,0.17648235176482352,74.77631578947368,23.56245526776898,41.875,123.375,0.11688311688311688,76,85.7505,21.87988397323597,48.0,128.0,0.18438156184381563,0.5934406559344065,0.9783021697830216,0.7012987012987013,0.9797020297970203
pelt_rbf,persistent,all,other,changelog categories,2,12,12,389,245,0.13367609254498714,58,0.23673469387755103,39.9709,17.894314008572213,16.0,81.0,0.18538146185381463,0.18421052631578946,44.6754,17.924652413824255,19.0,85.0,0.23297670232976703,40.64473684210526,18.649542584108897,16.875,83.25,0.2077922077922078,76,44.2826,17.759258891283633,19.0,85.0,0.22057794220577942,0.7415258474152585,0.9783021697830216,0.8311688311688312,0.9797020297970203
pelt_rbf,persistent,all,village goal transitions,goals and monitor,2,51,51,389,245,0.5886889460154242,187,0.763265306122449,156.1542,30.782835812479426,90.97500000000002,205.0,0.19708029197080293,0.19473684210526315,144.1802,21.478753726558825,100.0,181.0,0.0081991800819918,158.44736842105263,31.69958768894515,95.625,206.125,0.23376623376623376,76,164.4492,19.344964257506717,122.0,196.0,0.11118888111188881,1.0,0.057394260573942604,0.4675324675324675,0.22237776222377761
pelt_rbf,persistent,all,scaffolding + goal transitions,goals and monitor,2,177,118,389,245,0.7840616966580977,212,0.8653061224489796,198.4943,26.37758414268677,137.0,232.0,0.41415858414158585,0.4236842105263158,218.5019,12.294613135077253,187.0,236.0,0.76992300769923,198.1578947368421,26.662859377333078,141.75,231.125,0.4155844155844156,76,222.3663,11.254474249340255,193.0,238.0,0.8573142685731426,1.0,1.0,0.4675324675324675,0.8573142685731426
pelt_rbf,persistent,all,agent goal changes,goals and monitor,2,33,8,55,36,0.11010101010101009,16,0.4444444444444444,4.6386,2.4945966289631123,1.0,9.0,0.00009999000099990002,0.0,5.4547,3.1978071403777157,1.0,14.0,0.0093990600939906,5.0,2.943920288775949,1.225,9.55,0.09090909090909091,10,6.016,3.3066656020439043,1.0,14.0,0.0059994000599940004,0.0006999300069993001,0.057394260573942604,0.2727272727272727,0.017998200179982
pelt_rbf,persistent,all,monitor likely-scaffolding-issue (medium/high),goals and monitor,2,55,55,64,56,1.0,56,1.0,55.9812,0.13582490508181497,56.0,56.0,0.9812018798120188,0.9818181818181818,55.9569,0.35952095284079505,55.0,56.0,0.973002699730027,,,,,,,,,,,,1.0,1.0,,
pelt_rbf,persistent,all,monitor emotional-or-erratic (medium/high),goals and monitor,2,60,60,64,56,1.0,56,1.0,55.9825,0.13113149715821404,56.0,56.0,0.9825017498250175,0.9818181818181818,55.9961,0.08880078016467978,56.0,56.0,0.9969003099690031,,,,,,,,,,,,1.0,1.0,,
pelt_rbf,persistent,all,monitor likely-scaffolding-issue (high),goals and monitor,2,4,4,64,56,0.28125,10,0.17857142857142858,17.169,7.455454203449846,7.0,31.0,0.7417258274172582,0.7454545454545455,15.2919,8.125004366743195,3.0,32.0,0.6927307269273073,,,,,,,,,,,,1.0,1.0,,
pelt_rbf,persistent,all,monitor emotional-or-erratic (high),goals and monitor,2,8,8,64,56,0.328125,13,0.23214285714285715,22.012,6.663159593584485,11.0,36.0,0.9488051194880512,0.9454545454545454,26.7966,9.026260342887179,10.0,43.0,0.9355064493550644,,,,,,,,,,,,1.0,1.0,,
pelt_rbf,persistent,all,all,summary,3,186,110,389,245,0.8123393316195373,228,0.9306122448979591,208.4738,18.795223850860634,159.0,231.0,0.0805919408059194,0.0797872340425532,228.8662,10.777667343694421,198.0,242.0,0.646935306469353,207.2972972972973,18.78481588048784,161.475,230.0,0.09333333333333334,74,229.0382,10.697868254868343,197.0,242.0,0.6513348665133487,,,,
pelt_rbf,persistent,all,scaffolding,summary,3,126,88,389,245,0.7172236503856041,207,0.8448979591836735,185.9965,26.072158780897865,127.0,220.0,0.24867513248675133,0.2473404255319149,216.4042,14.544943378981912,178.0,237.0,0.8036196380361964,185.1081081081081,26.551355029564135,124.825,219.0,0.26666666666666666,74,216.1945,14.465890776222352,179.0,236.0,0.8033196680331967,,,,
pelt_rbf,persistent,all,roster only,changelog categories,3,60,43,389,245,0.5089974293059126,148,0.6040816326530613,140.0611,23.658920965338307,97.0,182.0,0.42045795420457954,0.42021276595744683,152.7358,22.716729591654122,106.0,190.02499999999964,0.6184381561843816,139.47297297297297,24.418285856935995,99.6,181.175,0.41333333333333333,74,153.7289,22.78785056567074,105.0,192.0,0.6365363463653635,0.8691130886911309,1.0,1.0,1.0
pelt_rbf,persistent,all,prompt (goal pooled),changelog categories,3,55,49,389,245,0.5449871465295629,180,0.7346938775510204,147.8194,22.66646775560876,105.0,186.0,0.0673932606739326,0.06648936170212766,166.8147,22.08795037266171,119.0,203.0,0.3164683531646835,146.44594594594594,22.44087628736862,105.825,185.04999999999998,0.06666666666666667,74,167.0243,22.128029159359127,119.0,202.0,0.32986701329867013,0.4717528247175282,1.0,0.4666666666666667,1.0
pelt_rbf,persistent,all,prompt without goal,changelog categories,3,39,36,389,245,0.480719794344473,158,0.6448979591836734,130.3483,24.707230355367297,88.0,172.0,0.1720827917208279,0.1702127659574468,139.3369,24.01981043887216,91.0,181.0,0.2501749825017498,130.47297297297297,25.248476407565057,88.65,169.52499999999998,0.2,74,139.5023,23.548270569506407,92.0,180.0,0.2501749825017498,0.8604139586041395,1.0,1.0,1.0
pelt_rbf,persistent,all,tool,changelog categories,3,54,43,389,245,0.4910025706940874,159,0.6489795918367347,130.6079,29.426830468556116,80.0,184.0,0.22257774222577742,0.22872340425531915,157.4166,22.932074316189635,109.0,195.02499999999964,0.5205479452054794,130.47297297297297,28.82218655160808,83.825,181.35,0.2,74,156.8697,23.148025942194337,108.0,195.0,0.5195480451954805,0.8691130886911309,1.0,1.0,1.0
pelt_rbf,persistent,all,memory,changelog categories,3,18,17,389,245,0.20822622107969152,103,0.4204081632653061,59.826,18.970785778963062,34.0,104.04999999999927,0.030596940305969402,0.02925531914893617,77.7323,22.594359632853546,40.0,122.0,0.16128387161283872,62.972972972972975,18.80321524019556,38.475,110.22499999999998,0.05333333333333334,74,81.2489,22.634521884680815,42.0,126.0,0.1987801219878012,0.24477552244775522,1.0,0.4266666666666667,1.0
pelt_rbf,persistent,all,model,changelog categories,3,51,40,389,245,0.506426735218509,137,0.5591836734693878,139.7748,24.48783882634477,94.0,181.0,0.5391460853914608,0.5345744680851063,149.7726,23.53791606300904,101.0,189.0,0.7136286371362863,139.1216216216216,24.89151954540996,97.3,182.175,0.5066666666666667,74,149.738,23.38417067042991,102.0,189.0,0.7142285771422858,0.8691130886911309,1.0,1.0,1.0
pelt_rbf,persistent,all,goal,changelog categories,3,16,15,389,245,0.18251928020565553,115,0.46938775510204084,50.9439,24.801964973297046,16.0,107.0,0.0025997400259974,0.0026595744680851063,69.5237,21.919290222048335,34.0,115.0,0.027297270272972702,51.7972972972973,23.330842500291695,17.825,102.87499999999999,0.013333333333333334,74,69.2915,21.54823334721523,34.0,113.0,0.0211978802119788,0.023397660233976603,0.24567543245675433,0.12000000000000001,0.1907809219078092
pelt_rbf,persistent,all,chat,changelog categories,3,29,25,389,245,0.32390745501285345,127,0.5183673469387755,91.5723,25.79467986350918,53.0,144.0,0.09859014098590141,0.10372340425531915,105.7663,23.786354562570903,62.0,150.0,0.21657834216578342,88.87837837837837,25.047326547903957,53.0,134.35,0.09333333333333334,74,103.4401,23.442729537040147,61.0,147.0,0.1842815718428157,0.5915408459154085,1.0,0.56,1.0
pelt_rbf,persistent,all,other,changelog categories,3,12,12,389,245,0.17480719794344474,68,0.27755102040816326,49.0963,20.554938016391237,22.0,96.0,0.21727827217278273,0.2154255319148936,57.2485,20.412917882352026,26.0,101.0,0.28997100289971,49.189189189189186,20.67933630507787,24.0,91.35,0.22666666666666666,74,54.2309,19.992612526770095,24.0,98.0,0.2516748325167483,0.8691130886911309,1.0,1.0,1.0
pelt_rbf,persistent,all,village goal transitions,goals and monitor,3,51,51,389,245,0.6503856041131105,190,0.7755102040816326,169.5322,30.384405282454303,101.0,215.0,0.2957704229577042,0.2978723404255319,168.8808,21.77186240906542,121.0,204.0,0.1723827617238276,169.56756756756758,29.525044433442297,105.475,212.0,0.28,74,177.3992,19.70770100006266,132.0,208.0,0.29647035296470353,1.0,1.0,0.56,0.5929407059294071
pelt_rbf,persistent,all,scaffolding + goal transitions,goals and monitor,3,177,118,389,245,0.8226221079691517,216,0.8816326530612245,206.201,25.078450746989674,146.0,235.0,0.47525247475252475,0.4787234042553192,232.282,9.299415245723317,209.0,244.0,0.9493050694930507,205.33783783783784,25.455455064117164,148.125,234.0,0.4666666666666667,74,233.182,8.839654402124266,211.0,244.0,0.9585041495850415,1.0,1.0,0.56,0.9585041495850415
pelt_rbf,persistent,all,agent goal changes,goals and monitor,3,33,8,55,36,0.1393939393939394,16,0.4444444444444444,5.8814,2.643337428947793,2.0,10.0,0.00009999000099990002,0.0,6.9677,3.6065159649917775,2.0,17.0,0.04279572042795721,5.375,2.669269563007828,2.0,9.0,0.1111111111111111,8,6.6647,3.250158498139176,2.0,14.0,0.006899310068993101,0.0006999300069993001,0.29957004299570045,0.3333333333333333,0.0206979302069793
pelt_rbf,persistent,all,monitor likely-scaffolding-issue (medium/high),goals and monitor,3,55,55,64,56,1.0,56,1.0,56.0,0.0,56.0,56.0,1.0,1.0,55.9969,0.09534830428441289,56.0,56.0,0.9984001599840016,,,,,,,,,,,,1.0,1.0,,
pelt_rbf,persistent,all,monitor emotional-or-erratic (medium/high),goals and monitor,3,60,60,64,56,1.0,56,1.0,56.0,0.0,56.0,56.0,1.0,1.0,56.0,0.0,56.0,56.0,1.0,,,,,,,,,,,,1.0,1.0,,
pelt_rbf,persistent,all,monitor likely-scaffolding-issue (high),goals and monitor,3,4,4,64,56,0.390625,26,0.4642857142857143,22.4997,8.647362464807394,10.0,35.0,0.44915508449155084,0.45098039215686275,19.6177,9.21947105720591,5.0,37.0,0.29827017298270175,,,,,,,,,,,,1.0,1.0,,
pelt_rbf,persistent,all,monitor emotional-or-erratic (high),goals and monitor,3,8,8,64,56,0.421875,18,0.32142857142857145,26.9709,6.58206544699723,15.0,38.0,0.9242075792420757,0.9215686274509803,32.6989,9.696681976538954,13.0,48.0,0.9082091790820918,,,,,,,,,,,,1.0,1.0,,
pelt_rbf,persistent,external,all,summary,0,186,110,389,9,0.32904884318766064,8,0.8888888888888888,7.3839,1.0793689330944138,5.0,9.0,0.5071492850714928,0.5025773195876289,7.9303,0.9375125615053369,6.0,9.0,0.7067293270672933,7.565789473684211,1.0749949000287022,5.0,9.0,0.5714285714285714,76,7.977,0.9105788902624194,6.0,9.0,0.7282271772822718,,,,
pelt_rbf,persistent,external,scaffolding,summary,0,126,88,389,9,0.2750642673521851,6,0.6666666666666666,6.5437,1.1828060758303969,4.0,9.0,0.8116188381161884,0.8144329896907216,7.4334,1.0639913757943606,5.0,9.0,0.9591040895910409,6.75,1.1902380714238083,4.0,9.0,0.8701298701298701,76,7.4958,1.0361900062116491,5.0,9.0,0.966003399660034,,,,
pelt_rbf,persistent,external,roster only,changelog categories,0,60,43,389,9,0.11053984575835475,6,0.6666666666666666,5.1178,1.314798855187728,3.0,8.0,0.3862613738626137,0.37628865979381443,5.4415,1.2518524128052575,3.0,8.0,0.48225177482251774,5.131578947368421,1.29966257429286,3.0,8.0,0.37662337662337664,76,5.4485,1.2575793814268976,3.0,8.0,0.4841515848415158,1.0,1.0,1.0,1.0
pelt_rbf,persistent,external,prompt (goal pooled),changelog categories,0,55,49,389,9,0.14395886889460155,5,0.5555555555555556,5.2806,1.3211503259729311,3.0,8.0,0.7041295870412959,0.7036082474226805,5.8719,1.2381614169281148,4.0,8.0,0.8669133086691331,5.355263157894737,1.3236711310434681,3.0,7.125,0.7662337662337663,76,5.9742,1.246872017884313,4.0,8.0,0.883011698830117,1.0,1.0,1.0,1.0
pelt_rbf,persistent,external,prompt without goal,changelog categories,0,39,36,389,9,0.11053984575835475,4,0.4444444444444444,4.6791,1.392952699025409,2.0,7.0,0.7754224577542246,0.7731958762886598,5.0346,1.2708124709939084,3.0,7.0,0.8909109089091091,4.723684210526316,1.3022921762341588,2.875,7.0,0.8181818181818182,76,5.1447,1.2693002096833634,3.0,8.0,0.9078092190780922,1.0,1.0,1.0,1.0
pelt_rbf,persistent,external,tool,changelog categories,0,54,43,389,9,0.15167095115681234,3,0.3333333333333333,4.7849,1.445213082588657,2.0,7.0,0.936906309369063,0.9355670103092784,5.5883,1.2552930678007455,3.0,8.0,0.9961003899610039,4.921052631578948,1.4307402083745493,2.0,7.125,0.961038961038961,76,5.6789,1.2509801297896432,3.0,8.0,0.9963003699630038,1.0,1.0,1.0,1.0
pelt_rbf,persistent,external,memory,changelog categories,0,18,17,389,9,0.04627249357326478,2,0.2222222222222222,2.4205,0.9412589159390117,1.0,4.0,0.8596140385961404,0.8634020618556701,3.0838,1.2199698326759,1.0,6.0,0.9135086491350864,2.3815789473684212,0.8939366907211851,1.0,4.0,0.8311688311688312,76,3.1061,1.1933085051732648,1.0,5.0,0.92010798920108,1.0,1.0,1.0,1.0
pelt_rbf,persistent,external,model,changelog categories,0,51,40,389,9,0.13367609254498714,6,0.6666666666666666,5.1415,1.308223564567421,3.0,8.0,0.3895610438956104,0.38917525773195877,5.366,1.2683078729102206,3.0,8.0,0.45835416458354167,5.184210526315789,1.2828148873035887,3.0,8.0,0.37662337662337664,76,5.4151,1.2706507959878413,3.0,8.0,0.47225277472252775,1.0,1.0,1.0,1.0
pelt_rbf,persistent,external,goal,changelog categories,0,16,15,389,9,0.038560411311053984,2,0.2222222222222222,2.0734,1.1390092950531272,0.0,4.0,0.6594340565943405,0.6572164948453608,2.7838,1.1809305736164044,1.0,5.0,0.8698130186981302,2.0657894736842106,1.147002194892285,0.0,4.0,0.6623376623376623,76,2.84,1.199142941595971,1.0,5.0,0.8776122387761224,1.0,1.0,1.0,1.0
pelt_rbf,persistent,external,chat,changelog categories,0,29,25,389,9,0.06940874035989718,3,0.3333333333333333,3.3964,1.187774440208275,1.0,6.0,0.8011198880111989,0.8041237113402062,4.0202,1.2496191879174556,2.0,6.0,0.8936106389361064,3.4078947368421053,1.1795776823812538,1.0,5.125,0.7922077922077922,76,3.9878,1.2547543986215335,2.0,6.0,0.8917108289171083,1.0,1.0,1.0,1.0
pelt_rbf,persistent,external,other,changelog categories,0,12,12,389,9,0.030848329048843184,1,0.1111111111111111,1.9189,1.2553407418059066,0.0,4.0,0.8639136086391361,0.865979381443299,2.3415,1.1373685026019804,0.0,5.0,0.9607039296070393,1.9473684210526316,1.2425214883947913,0.0,4.0,0.8701298701298701,76,2.2516,1.1157158787936199,0.0,4.0,0.9554044595540446,1.0,1.0,1.0,1.0
pelt_rbf,persistent,external,village goal transitions,goals and monitor,0,51,51,389,9,0.13110539845758354,8,0.8888888888888888,6.1932,1.1399139004196925,4.0,8.0,0.10438956104389562,0.10824742268041238,5.882,1.236619958957597,3.0,8.0,0.09069093090690931,6.092105263157895,1.1216372744513248,4.0,8.0,0.09090909090909091,76,6.4145,1.181367560470192,4.0,9.0,0.17868213178682132,0.6263373662633737,0.5441455854414559,0.18181818181818182,0.35736426357364265
pelt_rbf,persistent,external,scaffolding + goal transitions,goals and monitor,0,177,118,389,9,0.34704370179948585,8,0.8888888888888888,7.4533,0.9352574943073516,5.0,9.0,0.49525047495250474,0.5051546391752577,8.0733,0.8762441956378593,6.0,9.0,0.76992300769923,7.473684210526316,0.916132220595933,5.0,9.0,0.5194805194805194,76,8.2296,0.8123729654435199,6.0,9.0,0.8304169583041696,1.0,1.0,0.5194805194805194,0.8304169583041696
pelt_rbf,persistent,external,monitor likely-scaffolding-issue (medium/high),goals and monitor,0,55,55,64,3,0.859375,3,1.0,3.0,0.0,3.0,3.0,1.0,1.0,2.9999,0.010000000000000002,3.0,3.0,0.9999000099990001,,,,,,,,,,,,1.0,1.0,,
pelt_rbf,persistent,external,monitor emotional-or-erratic (medium/high),goals and monitor,0,60,60,64,3,0.9375,3,1.0,3.0,0.0,3.0,3.0,1.0,1.0,3.0,0.0,3.0,3.0,1.0,,,,,,,,,,,,1.0,1.0,,
pelt_rbf,persistent,external,monitor likely-scaffolding-issue (high),goals and monitor,0,4,4,64,3,0.0625,2,0.6666666666666666,0.8506,0.7013763846062173,0.0,2.0,0.18248175182481752,0.19047619047619047,0.8024,0.7137262644165842,0.0,2.0,0.15648435156484353,,,,,,,,,,,,0.9124087591240876,0.7824217578242176,,
pelt_rbf,persistent,external,monitor emotional-or-erratic (high),goals and monitor,0,8,8,64,3,0.125,2,0.6666666666666666,1.095,0.6622830677936652,0.0,2.0,0.2713728627137286,0.2698412698412698,1.4154,0.8055480933954703,0.0,3.0,0.45325467453254675,,,,,,,,,,,,1.0,1.0,,
pelt_rbf,persistent,external,all,summary,1,186,110,389,9,0.5886889460154242,8,0.8888888888888888,7.8831,0.9043871856777727,6.0,9.0,0.6992300769923008,0.703125,8.4718,0.6915580852383449,7.0,9.0,0.9091090890910909,8.013157894736842,0.9308551058409549,6.0,9.0,0.7142857142857143,76,8.5032,0.6660586486281378,7.0,9.0,0.9206079392060794,,,,
pelt_rbf,persistent,external,scaffolding,summary,1,126,88,389,9,0.5038560411311054,6,0.6666666666666666,7.0772,1.0599776012970865,5.0,9.0,0.9435056494350565,0.9453125,8.0611,0.8720337346017231,6.0,9.0,0.9946005399460054,7.144736842105263,1.0671325736873378,5.0,9.0,0.935064935064935,76,8.1077,0.8568396159216386,6.0,9.0,0.9956004399560044,,,,
pelt_rbf,persistent,external,roster only,changelog categories,1,60,43,389,9,0.2827763496143959,7,0.7777777777777778,5.7131,1.2913385092664709,4.0,8.0,0.26717328267173285,0.2708333333333333,6.1766,1.2285615069412006,4.0,8.0,0.40705929407059294,5.842105263157895,1.3170940900730148,3.875,8.0,0.3246753246753247,76,6.3179,1.2106965633951645,4.0,9.0,0.44965503449655037,1.0,1.0,1.0,1.0
pelt_rbf,persistent,external,prompt (goal pooled),changelog categories,1,55,49,389,9,0.32390745501285345,5,0.5555555555555556,5.9563,1.3127690757572812,4.0,8.0,0.8655134486551345,0.8671875,6.6202,1.2002066528731459,4.0,9.0,0.9605039496050395,6.078947368421052,1.354135964564237,4.0,8.125,0.9090909090909091,76,6.7733,1.1733050645409522,4.0,9.0,0.9711028897110289,1.0,1.0,1.0,1.0
pelt_rbf,persistent,external,prompt without goal,changelog categories,1,39,36,389,9,0.2544987146529563,4,0.4444444444444444,5.3772,1.4367764588338945,3.0,8.0,0.9042095790420958,0.9088541666666666,5.7554,1.2511304379389359,3.0,8.0,0.9698030196980302,5.565789473684211,1.4636532040597547,3.0,8.0,0.935064935064935,76,5.9361,1.2589580165870318,3.0,8.0,0.9732026797320268,1.0,1.0,1.0,1.0
pelt_rbf,persistent,external,tool,changelog categories,1,54,43,389,9,0.30077120822622105,3,0.3333333333333333,5.2829,1.406579338872733,2.0,8.0,0.972002799720028,0.9739583333333334,6.3243,1.2237970738352797,4.0,9.0,0.9986001399860014,5.434210526315789,1.4727346564880766,2.875,8.0,0.974025974025974,76,6.4466,1.1998718303389426,4.0,9.0,0.9998000199980002,1.0,1.0,1.0,1.0
pelt_rbf,persistent,external,memory,changelog categories,1,18,17,389,9,0.10539845758354756,2,0.2222222222222222,2.8228,0.9561859595073104,1.0,5.0,0.9405059494050595,0.9427083333333334,3.5769,1.2638220264781987,1.0,6.0,0.9571042895710429,2.75,0.9814954576223638,1.0,5.0,0.922077922077922,76,3.4968,1.2443249553309803,1.0,6.0,0.9562043795620438,1.0,1.0,1.0,1.0
pelt_rbf,persistent,external,model,changelog categories,1,51,40,389,9,0.29562982005141386,7,0.7777777777777778,5.7511,1.26463778247848,3.0,8.0,0.26907309269073093,0.2682291666666667,6.0885,1.2426673618540167,4.0,8.0,0.3808619138086191,5.855263157894737,1.3033694525438908,3.0,8.0,0.35064935064935066,76,6.2522,1.2488999700190209,4.0,9.0,0.42585741425857415,1.0,1.0,1.0,1.0
pelt_rbf,persistent,external,goal,changelog categories,1,16,15,389,9,0.09768637532133675,2,0.2222222222222222,2.3537,1.1706123796262933,0.0,4.0,0.7307269273072693,0.7291666666666666,3.2763,1.245356736577971,1.0,6.0,0.933006699330067,2.3157894736842106,1.1799494488131201,0.0,4.0,0.7272727272727273,76,3.2865,1.2546613756375669,1.0,6.0,0.9302069793020697,1.0,1.0,1.0,1.0
pelt_rbf,persistent,external,chat,changelog categories,1,29,25,389,9,0.16966580976863754,3,0.3333333333333333,3.9529,1.2817354932229421,1.0,6.0,0.8812118788121188,0.8828125,4.6664,1.2985683147092402,2.0,7.0,0.9533046695330467,3.8552631578947367,1.2723096831450122,1.875,6.0,0.8701298701298701,76,4.5473,1.2941909453478269,2.0,7.0,0.949005099490051,1.0,1.0,1.0,1.0
pelt_rbf,persistent,external,other,changelog categories,1,12,12,389,9,0.08740359897172237,3,0.3333333333333333,2.2873,1.3794016764157169,0.0,5.0,0.44275572442755723,0.4427083333333333,2.7567,1.1964314668318794,1.0,5.0,0.5727427257274272,2.3289473684210527,1.4178684273207378,0.0,5.0,0.44155844155844154,76,2.6851,1.1946048292509983,1.0,5.0,0.5456454354564544,1.0,1.0,1.0,1.0
pelt_rbf,persistent,external,village goal transitions,goals and monitor,1,51,51,389,9,0.37532133676092544,8,0.8888888888888888,6.6202,1.0707318089328748,4.0,9.0,0.1770822917708229,0.17447916666666666,6.6777,1.178881540346025,4.0,9.0,0.2526747325267473,6.631578947368421,1.1056473851779676,4.0,9.0,0.16883116883116883,76,7.1649,1.0949099838741443,5.0,9.0,0.401959804019598,0.8854114588541145,1.0,0.33766233766233766,0.803919608039196
pelt_rbf,persistent,external,scaffolding + goal transitions,goals and monitor,1,177,118,389,9,0.6401028277634961,8,0.8888888888888888,7.7555,0.837490232175217,6.0,9.0,0.6208379162083791,0.609375,8.5543,0.6353675150555927,7.0,9.0,0.9353064693530647,7.671052631578948,0.9293461198747837,6.0,9.0,0.6103896103896104,76,8.6538,0.5637174272042451,7.0,9.0,0.9599040095990401,1.0,1.0,0.6103896103896104,0.9599040095990401
pelt_rbf,persistent,external,monitor likely-scaffolding-issue (medium/high),goals and monitor,1,55,55,64,3,1.0,3,1.0,3.0,0.0,3.0,3.0,1.0,1.0,3.0,0.0,3.0,3.0,1.0,,,,,,,,,,,,1.0,1.0,,
pelt_rbf,persistent,external,monitor emotional-or-erratic (medium/high),goals and monitor,1,60,60,64,3,1.0,3,1.0,3.0,0.0,3.0,3.0,1.0,1.0,3.0,0.0,3.0,3.0,1.0,,,,,,,,,,,,1.0,1.0,,
pelt_rbf,persistent,external,monitor likely-scaffolding-issue (high),goals and monitor,1,4,4,64,3,0.171875,2,0.6666666666666666,1.1268,0.744162037269956,0.0,2.0,0.34836516348365165,0.3559322033898305,1.0417,0.7366243082719669,0.0,2.0,0.25547445255474455,,,,,,,,,,,,1.0,1.0,,
pelt_rbf,persistent,external,monitor emotional-or-erratic (high),goals and monitor,1,8,8,64,3,0.234375,3,1.0,1.3307,0.7004188522997262,0.0,2.0,0.0173982601739826,0.01694915254237288,1.7569,0.7809374983554278,0.0,3.0,0.16678332166783322,,,,,,,,,,,,0.1043895610438956,1.0,,
pelt_rbf,persistent,external,all,summary,2,186,110,389,9,0.7326478149100257,9,1.0,8.2345,0.7921947407365976,6.0,9.0,0.4316568343165683,0.42894736842105263,8.7171,0.5129267973014658,7.0,9.0,0.7457254274572542,8.171052631578947,0.806443350268934,7.0,9.0,0.4155844155844156,76,8.7483,0.4898684589874215,8.0,9.0,0.7731226877312268,,,,
pelt_rbf,persistent,external,scaffolding,summary,2,126,88,389,9,0.6349614395886889,8,0.8888888888888888,7.4895,0.9347604654202976,6.0,9.0,0.48795120487951205,0.4789473684210526,8.4611,0.6844951740986466,7.0,9.0,0.9073092690730927,7.368421052631579,0.8920703300100338,6.0,9.0,0.42857142857142855,76,8.4668,0.6906123764786253,7.0,9.0,0.9113088691130887,,,,
pelt_rbf,persistent,external,roster only,changelog categories,2,60,43,389,9,0.41645244215938304,7,0.7777777777777778,6.2642,1.2852873438868195,4.0,9.0,0.41995800419958,0.41578947368421054,6.7999,1.1872661664913262,4.0,9.0,0.6188381161883811,6.355263157894737,1.2827465051565052,4.0,9.0,0.45454545454545453,76,6.8656,1.1745103607285658,4.975000000000023,9.0,0.6371362863713629,1.0,1.0,1.0,1.0
pelt_rbf,persistent,external,prompt (goal pooled),changelog categories,2,55,49,389,9,0.44987146529562977,6,0.6666666666666666,6.535,1.2193948057824573,4.0,9.0,0.7722227777222278,0.7684210526315789,7.1876,1.0982380673994454,5.0,9.0,0.9334066593340666,6.473684210526316,1.1601572791137855,5.0,8.125,0.7662337662337663,76,7.2668,1.09239969503354,5.0,9.0,0.942005799420058,1.0,1.0,1.0,1.0
pelt_rbf,persistent,external,prompt without goal,changelog categories,2,39,36,389,9,0.37532133676092544,5,0.5555555555555556,6.01,1.3664138131147778,3.0,8.0,0.8637136286371363,0.8631578947368421,6.3475,1.2443868369040174,4.0,9.0,0.9316068393160684,6.026315789473684,1.3660032621779137,3.875,8.125,0.8571428571428571,76,6.4129,1.2068799633453995,4.0,9.0,0.9419058094190581,1.0,1.0,1.0,1.0
pelt_rbf,persistent,external,tool,changelog categories,2,54,43,389,9,0.4087403598971722,5,0.5555555555555556,5.7723,1.3765326709596912,3.0,8.0,0.8118188181181882,0.8078947368421052,6.8923,1.1638883853778084,5.0,9.0,0.9764023597640236,5.697368421052632,1.385830550893389,3.0,8.0,0.7662337662337663,76,6.9441,1.1425873010733392,5.0,9.0,0.9809019098090191,1.0,1.0,1.0,1.0
pelt_rbf,persistent,external,memory,changelog categories,2,18,17,389,9,0.15938303341902313,3,0.3333333333333333,3.1839,0.9618592970547891,2.0,5.0,0.7754224577542246,0.7736842105263158,4.0641,1.3052055570501588,2.0,7.0,0.8889111088891111,3.210526315789474,1.0747500729463784,1.0,5.0,0.7532467532467533,76,4.0184,1.3071466265229479,2.0,7.0,0.8809119088091191,1.0,1.0,1.0,1.0
pelt_rbf,persistent,external,model,changelog categories,2,51,40,389,9,0.41645244215938304,8,0.8888888888888888,6.2307,1.2209121887577605,4.0,9.0,0.13458654134586542,0.13421052631578947,6.669,1.1879310240968544,4.0,9.0,0.24867513248675133,6.276315789473684,1.1730153077776528,4.0,8.0,0.14285714285714285,76,6.7103,1.1917700875563877,4.0,9.0,0.2615738426157384,1.0,1.0,1.0,1.0
pelt_rbf,persistent,external,goal,changelog categories,2,16,15,389,9,0.14652956298200515,3,0.3333333333333333,2.5977,1.181775938762058,1.0,5.0,0.5553444655534446,0.5578947368421052,3.72,1.300141929522962,1.0,6.0,0.8301169883011699,2.6052631578947367,1.1556117845069027,0.0,4.0,0.5844155844155844,76,3.8066,1.2873081046181685,1.0,6.0,0.8451154884511549,1.0,1.0,1.0,1.0
pelt_rbf,persistent,external,chat,changelog categories,2,29,25,389,9,0.2519280205655527,5,0.5555555555555556,4.4448,1.2824653725318178,2.0,7.0,0.46765323467653236,0.46578947368421053,5.2121,1.3008008295968403,3.0,8.0,0.7074292570742926,4.355263157894737,1.411419591460277,1.875,7.0,0.4675324675324675,76,5.1463,1.3260739637047858,3.0,8.0,0.6907309269073093,1.0,1.0,1.0,1.0
pelt_rbf,persistent,external,other,changelog categories,2,12,12,389,9,0.13367609254498714,4,0.4444444444444444,2.5613,1.4994889651863637,0.0,5.0,0.27207279272072793,0.27631578947368424,3.1437,1.2387105191993155,1.0,6.0,0.38076192380761925,2.6578947368421053,1.5539423548205586,0.0,5.125,0.2987012987012987,76,3.0653,1.2349851937747611,1.0,6.0,0.34696530346965304,1.0,1.0,1.0,1.0
pelt_rbf,persistent,external,village goal transitions,goals and monitor,2,51,51,389,9,0.5886889460154242,8,0.8888888888888888,6.9976,0.9869608144019277,5.0,9.0,0.2813718628137186,0.28421052631578947,7.2464,1.0980016396891563,5.0,9.0,0.43145685431456854,7.118421052631579,0.908729593269753,5.875,9.0,0.3246753246753247,76,7.889,0.9264798089994452,6.0,9.0,0.6903309669033096,1.0,1.0,0.6493506493506493,1.0
pelt_rbf,persistent,external,scaffolding + goal transitions,goals and monitor,2,177,118,389,9,0.7840616966580977,8,0.8888888888888888,7.8845,0.7775732840197135,7.0,9.0,0.6723327667233276,0.6789473684210526,8.7846,0.4514678530330063,8.0,9.0,0.9842015798420158,7.815789473684211,0.8117557319914981,6.875,9.0,0.6233766233766234,76,8.8496,0.3789382527799773,8.0,9.0,0.9923007699230078,1.0,1.0,0.6493506493506493,1.0
pelt_rbf,persistent,external,monitor likely-scaffolding-issue (medium/high),goals and monitor,2,55,55,64,3,1.0,3,1.0,3.0,0.0,3.0,3.0,1.0,1.0,3.0,0.0,3.0,3.0,1.0,,,,,,,,,,,,1.0,1.0,,
pelt_rbf,persistent,external,monitor emotional-or-erratic (medium/high),goals and monitor,2,60,60,64,3,1.0,3,1.0,3.0,0.0,3.0,3.0,1.0,1.0,3.0,0.0,3.0,3.0,1.0,,,,,,,,,,,,1.0,1.0,,
pelt_rbf,persistent,external,monitor likely-scaffolding-issue (high),goals and monitor,2,4,4,64,3,0.28125,2,0.6666666666666666,1.4304,0.7313065847728252,0.0,2.0,0.5378462153784621,0.5454545454545454,1.2925,0.7508662530790695,0.0,3.0,0.38196180381961803,,,,,,,,,,,,1.0,1.0,,
pelt_rbf,persistent,external,monitor emotional-or-erratic (high),goals and monitor,2,8,8,64,3,0.328125,3,1.0,1.7096,0.6631076919936294,1.0,3.0,0.09679032096790322,0.09090909090909091,2.0764,0.7300796817020478,1.0,3.0,0.292970702929707,,,,,,,,,,,,0.5807419258074193,1.0,,
pelt_rbf,persistent,external,all,summary,3,186,110,389,9,0.8123393316195373,9,1.0,8.4375,0.6792200556435292,7.0,9.0,0.53994600539946,0.5452127659574468,8.8625,0.3657965701220712,8.0,9.0,0.8700129987001299,8.27027027027027,0.7638635985476906,7.0,9.0,0.4533333333333333,74,8.851,0.37869953965397607,8.0,9.0,0.8591140885911409,,,,
pelt_rbf,persistent,external,scaffolding,summary,3,126,88,389,9,0.7172236503856041,8,0.8888888888888888,7.7124,0.8515625378535552,6.0,9.0,0.5845415458454155,0.5904255319148937,8.6748,0.5459622399733773,7.0,9.0,0.9653034696530347,7.54054054054054,0.9243907907105028,6.0,9.0,0.48,74,8.6584,0.5626198486628524,7.0,9.0,0.9599040095990401,,,,
pelt_rbf,persistent,external,roster only,changelog categories,3,60,43,389,9,0.5089974293059126,8,0.8888888888888888,6.725,1.2630655301500968,4.0,9.0,0.2860713928607139,0.2845744680851064,7.2835,1.0962882535143206,5.0,9.0,0.44895510448955106,6.662162162162162,1.208157512943959,4.825,9.0,0.26666666666666666,74,7.2596,1.1075786712695876,5.0,9.0,0.44085591440855915,1.0,1.0,1.0,1.0
pelt_rbf,persistent,external,prompt (goal pooled),changelog categories,3,55,49,389,9,0.5449871465295629,6,0.6666666666666666,6.9413,1.1170403251041525,5.0,9.0,0.8919108089191081,0.8909574468085106,7.615,1.02872777161055,5.0,9.0,0.9694030596940306,6.783783783783784,1.1618392394662738,5.0,9.0,0.8666666666666667,74,7.5996,1.0157672067466197,5.0,9.0,0.9736026397360263,1.0,1.0,1.0,1.0
pelt_rbf,persistent,external,prompt without goal,changelog categories,3,39,36,389,9,0.48071979434447304,5,0.5555555555555556,6.393,1.2837117244845737,4.0,9.0,0.935006499350065,0.9335106382978723,6.8346,1.1798228842516238,4.0,9.0,0.9725027497250275,6.283783783783784,1.3800959890208777,3.825,9.0,0.9066666666666666,74,6.7862,1.1876155114599616,4.0,9.0,0.9712028797120288,1.0,1.0,1.0,1.0
pelt_rbf,persistent,external,tool,changelog categories,3,54,43,389,9,0.49100257069408737,5,0.5555555555555556,6.1493,1.338203493067809,3.0,8.0,0.8736126387361264,0.8696808510638298,7.3443,1.0825316149978008,5.0,9.0,0.9921007899210079,6.04054054054054,1.2212635404859393,3.825,8.0,0.9066666666666666,74,7.3206,1.0858791614886694,5.0,9.0,0.9922007799220078,1.0,1.0,1.0,1.0
pelt_rbf,persistent,external,memory,changelog categories,3,18,17,389,9,0.20822622107969152,5,0.5555555555555556,3.5438,1.0308190038905367,2.0,6.0,0.17488251174882513,0.17553191489361702,4.4816,1.3321557355994038,2.0,7.0,0.49095090490950904,3.608108108108108,1.0703675923126055,2.0,6.0,0.24,74,4.6269,1.328259318537509,2.0,7.0,0.5364463553644635,1.0,1.0,1.0,1.0
pelt_rbf,persistent,external,model,changelog categories,3,51,40,389,9,0.506426735218509,9,1.0,6.669,1.162572216000254,4.0,9.0,0.0408959104089591,0.0398936170212766,7.1187,1.139447297602834,5.0,9.0,0.10258974102589741,6.594594594594595,1.109349049148686,5.0,8.174999999999997,0.04,74,7.1311,1.1124012466971462,5.0,9.0,0.09609039096090391,0.36806319368063195,0.9233076692330766,0.36,0.8648135186481352
pelt_rbf,persistent,external,goal,changelog categories,3,16,15,389,9,0.18251928020565553,3,0.3333333333333333,2.8454,1.1901430519262821,1.0,5.0,0.6423357664233577,0.6436170212765957,4.1347,1.328883931444099,2.0,7.0,0.8956104389561044,2.891891891891892,1.1886168728166016,1.0,5.0,0.6533333333333333,74,4.2018,1.3029376518669131,2.0,7.0,0.9096090390960904,1.0,1.0,1.0,1.0
pelt_rbf,persistent,external,chat,changelog categories,3,29,25,389,9,0.32390745501285345,6,0.6666666666666666,4.8742,1.3012854008131485,2.0,8.0,0.25177482251774824,0.2553191489361702,5.718,1.297553222198012,3.0,8.0,0.5784421557844216,4.837837837837838,1.3751914140940529,2.0,8.0,0.26666666666666666,74,5.6364,1.2876959486173778,3.0,8.0,0.5466453354664533,1.0,1.0,1.0,1.0
pelt_rbf,persistent,external,other,changelog categories,3,12,12,389,9,0.17480719794344474,4,0.4444444444444444,2.8226,1.5610166294090941,0.0,6.0,0.33326667333266674,0.3377659574468085,3.5202,1.2832601589948807,1.0,6.0,0.49875012498750126,2.810810810810811,1.549862350721152,0.0,6.0,0.3466666666666667,74,3.2711,1.2370763217290106,1.0,6.0,0.414958504149585,1.0,1.0,1.0,1.0
pelt_rbf,persistent,external,village goal transitions,goals and monitor,3,51,51,389,9,0.6503856041131105,8,0.8888888888888888,7.2969,0.9369301862024628,5.0,9.0,0.41485851414858516,0.4122340425531915,7.6799,0.9986669733060953,6.0,9.0,0.6078392160783922,7.3108108108108105,0.9640905385164132,5.825,9.0,0.4266666666666667,74,7.9844,0.9003542101697404,6.0,9.0,0.7342265773422658,1.0,1.0,0.8533333333333334,1.0
pelt_rbf,persistent,external,scaffolding + goal transitions,goals and monitor,3,177,118,389,9,0.8226221079691517,8,0.8888888888888888,7.9898,0.7468277814687382,7.0,9.0,0.7332266773322668,0.7313829787234043,8.9023,0.3088110205686359,8.0,9.0,0.9966003399660034,7.878378378378378,0.7929950629966496,7.0,9.0,0.6533333333333333,74,8.9163,0.28372937852119506,8.0,9.0,0.9981001899810019,1.0,1.0,0.8533333333333334,1.0
pelt_rbf,persistent,external,monitor likely-scaffolding-issue (medium/high),goals and monitor,3,55,55,64,3,1.0,3,1.0,3.0,0.0,3.0,3.0,1.0,1.0,3.0,0.0,3.0,3.0,1.0,,,,,,,,,,,,1.0,1.0,,
pelt_rbf,persistent,external,monitor emotional-or-erratic (medium/high),goals and monitor,3,60,60,64,3,1.0,3,1.0,3.0,0.0,3.0,3.0,1.0,1.0,3.0,0.0,3.0,3.0,1.0,,,,,,,,,,,,1.0,1.0,,
pelt_rbf,persistent,external,monitor likely-scaffolding-issue (high),goals and monitor,3,4,4,64,3,0.390625,2,0.6666666666666666,1.6048,0.665327908720664,0.0,2.0,0.6686331366863314,0.6666666666666666,1.4884,0.7616583567093809,0.0,3.0,0.48895110488951105,,,,,,,,,,,,1.0,1.0,,
pelt_rbf,persistent,external,monitor emotional-or-erratic (high),goals and monitor,3,8,8,64,3,0.421875,3,1.0,2.0622,0.5443902975619679,1.0,3.0,0.1812818718128187,0.17647058823529413,2.284,0.6833671773431228,1.0,3.0,0.41145885411458855,,,,,,,,,,,,1.0,1.0,,
pelt_rbf,persistent,family,all,summary,0,186,110,389,75,0.32904884318766064,50,0.6666666666666666,32.7878,6.59872150287821,19.0,44.0,0.00009999000099990002,0.0,34.3561,5.913120097624341,22.0,45.0,0.0024997500249975004,33.46052631578947,6.6281033777367195,21.0,43.375,0.012987012987012988,76,34.8247,5.817796368510894,23.0,46.0,0.0029997000299970002,,,,
pelt_rbf,persistent,family,scaffolding,summary,0,126,88,389,75,0.2750642673521851,43,0.5733333333333334,27.8687,7.064506425441448,15.0,40.0,0.0071992800719928,0.007731958762886598,29.6069,6.12535095994003,17.0,41.0,0.011398860113988602,28.605263157894736,6.629386995026354,17.0,39.0,0.012987012987012988,76,30.6168,6.09721865833404,18.0,42.0,0.0192980701929807,,,,
pelt_rbf,persistent,family,roster only,changelog categories,0,60,43,389,75,0.11053984575835477,22,0.29333333333333333,14.4823,5.432719222803198,5.0,27.0,0.09309069093090691,0.09278350515463918,15.0394,5.491052977916042,6.0,26.0,0.13138686131386862,14.618421052631579,5.635523294869568,4.875,24.5,0.1038961038961039,76,15.0876,5.439180518099289,6.0,26.0,0.132986701329867,0.406959304069593,0.532946705329467,0.5194805194805195,0.660933906609339
pelt_rbf,persistent,family,prompt (goal pooled),changelog categories,0,55,49,389,75,0.14395886889460155,37,0.49333333333333335,16.977,5.949236114076672,7.0,29.0,0.00009999000099990002,0.0,18.1377,5.816280737908222,8.0,29.0,0.00029997000299970003,17.30263157894737,5.609562637359185,7.875,28.25,0.012987012987012988,76,18.7205,5.770659390483907,8.0,30.0,0.0006999300069993001,0.0008999100089991002,0.0026997300269973002,0.1168831168831169,0.005599440055994401
pelt_rbf,persistent,family,prompt without goal,changelog categories,0,39,36,389,75,0.11053984575835477,34,0.4533333333333333,13.5408,5.4870708173501335,5.0,25.0,0.00009999000099990002,0.0,14.2038,5.511579021508359,5.0,25.0,0.0005999400059994001,13.302631578947368,4.901754072008932,5.0,23.25,0.012987012987012988,76,14.3304,5.4413781985513525,5.0,25.0,0.00019998000199980003,0.0008999100089991002,0.0047995200479952005,0.1168831168831169,0.0017998200179982003
pelt_rbf,persistent,family,tool,changelog categories,0,54,43,389,75,0.15167095115681234,30,0.4,16.4871,6.509844191464163,5.0,31.0,0.0537946205379462,0.05412371134020619,17.7008,5.969023562043328,7.0,29.0,0.024197580241975804,17.105263157894736,6.543350716299045,7.875,29.5,0.03896103896103896,76,18.4866,5.965884646719362,8.0,30.0,0.034596540345965404,0.3227677232276772,0.16938306169383063,0.2727272727272727,0.24217578242175783
pelt_rbf,persistent,family,memory,changelog categories,0,18,17,389,75,0.04627249357326478,16,0.21333333333333335,5.8249,4.110952442317753,1.0,16.0,0.031996800319968,0.030927835051546393,6.624,4.267299495523891,1.0,17.0,0.039696030396960305,5.197368421052632,4.020015710888388,1.0,15.125,0.03896103896103896,76,6.3688,4.228732053166499,1.0,16.0,0.036996300369963,0.22397760223977603,0.23817618238176183,0.2727272727272727,0.24217578242175783
pelt_rbf,persistent,family,model,changelog categories,0,51,40,389,75,0.13367609254498714,22,0.29333333333333333,15.7086,5.841172653654143,5.0,28.0,0.1518848115188481,0.15721649484536082,16.1389,5.8435795136331645,6.0,28.0,0.1947805219478052,15.618421052631579,5.8514205802537855,6.0,26.125,0.19480519480519481,76,16.1998,5.724539893799289,6.0,28.0,0.19338066193380662,0.406959304069593,0.532946705329467,0.5844155844155845,0.660933906609339
pelt_rbf,persistent,family,goal,changelog categories,0,16,15,389,75,0.038560411311053984,12,0.16,5.0533,4.109786873405296,0.0,15.0,0.08139186081391861,0.08505154639175258,5.6596,3.9792601436861488,0.0,15.0,0.1065893410658934,5.631578947368421,4.507304013896135,0.0,17.375,0.11688311688311688,76,6.4547,4.119107259402388,1.0,16.0,0.1321867813218678,0.406959304069593,0.532946705329467,0.5194805194805195,0.660933906609339
pelt_rbf,persistent,family,chat,changelog categories,0,29,25,389,75,0.06940874035989718,16,0.21333333333333335,8.9471,5.04026209776847,2.0,20.0,0.13188681131886812,0.13402061855670103,9.6653,4.928844211427873,2.0,20.0,0.1426857314268573,9.671052631578947,5.018334804546854,1.875,20.25,0.19480519480519481,76,10.0351,4.975534502378457,2.0,21.0,0.1566843315668433,0.406959304069593,0.532946705329467,0.5844155844155845,0.660933906609339
pelt_rbf,persistent,family,other,changelog categories,0,12,12,389,75,0.030848329048843184,8,0.10666666666666667,4.2925,3.466719712430824,0.0,14.0,0.1506849315068493,0.15721649484536082,4.6115,3.579392260551432,0.0,13.0,0.19048095190480951,4.4868421052631575,3.782392262585965,0.0,12.375,0.19480519480519481,76,4.6702,3.4723245331861445,0.0,13.0,0.20027997200279973,0.406959304069593,0.532946705329467,0.5844155844155845,0.660933906609339
pelt_rbf,persistent,family,village goal transitions,goals and monitor,0,51,51,389,75,0.13110539845758354,33,0.44,19.14,5.901803379333543,9.0,31.0,0.012698730126987301,0.01288659793814433,17.3026,5.6338448026836945,7.0,28.0,0.0030996900309969004,23.13157894736842,6.156497067355013,13.0,34.25,0.06493506493506493,76,23.4911,5.599540720061563,13.0,34.0,0.051594840515948405,0.0761923807619238,0.018598140185981403,0.12987012987012986,0.10318968103189681
pelt_rbf,persistent,family,scaffolding + goal transitions,goals and monitor,0,177,118,389,75,0.34704370179948585,51,0.68,34.8652,6.910239076935764,22.0,47.0,0.009099090090990901,0.007731958762886598,35.7872,5.7491583246719005,24.0,46.0,0.0023997600239976003,38.03947368421053,6.591794473886827,26.875,49.0,0.025974025974025976,76,39.8105,5.476384649463813,28.0,50.0,0.0170982901709829,0.06369363063693631,0.016798320167983202,0.07792207792207792,0.051294870512948704
pelt_rbf,persistent,family,agent goal changes,goals and monitor,0,33,8,55,5,0.09818181818181819,2,0.4,0.476,0.7219945481877001,0.0,2.0,0.135986401359864,0.12962962962962962,0.4953,0.8181960978185172,0.0,2.0,0.1548845115488451,0.6,0.8432740427115678,0.0,2.0,0.2727272727272727,10,0.7104,0.9625094713550848,0.0,3.0,0.2655734426557344,0.67993200679932,0.7744225577442255,0.2727272727272727,0.2655734426557344
pelt_rbf,persistent,family,monitor likely-scaffolding-issue (medium/high),goals and monitor,0,55,55,64,10,0.859375,8,0.8,8.9039,1.4265581995942833,6.0,10.0,0.8091190880911909,0.8095238095238095,8.8521,1.455210415622213,5.0,10.0,0.8062193780621938,,,,,,,,,,,,1.0,1.0,,
pelt_rbf,persistent,family,monitor emotional-or-erratic (medium/high),goals and monitor,0,60,60,64,10,0.9375,8,0.8,9.5153,0.9327662704512473,7.0,10.0,0.9355064493550644,0.9365079365079365,9.5053,0.9991354949023267,7.0,10.0,0.9296070392960704,,,,,,,,,,,,1.0,1.0,,
pelt_rbf,persistent,family,monitor likely-scaffolding-issue (high),goals and monitor,0,4,4,64,10,0.0625,0,0.0,1.0083,1.5050772856446861,0.0,5.0,1.0,1.0,0.9601,1.4957712803675292,0.0,5.0,1.0,,,,,,,,,,,,1.0,1.0,,
pelt_rbf,persistent,family,monitor emotional-or-erratic (high),goals and monitor,0,8,8,64,10,0.125,0,0.0,1.6669,1.9241399693011283,0.0,7.0,1.0,1.0,1.8273,1.9092509614829034,0.0,7.0,1.0,,,,,,,,,,,,1.0,1.0,,
pelt_rbf,persistent,family,all,summary,1,186,110,389,75,0.5886889460154242,61,0.8133333333333334,48.7736,7.028419659375131,34.0,60.0,0.022997700229977002,0.026041666666666668,54.1318,5.784459763666418,41.0,64.0,0.12318768123187682,49.44736842105263,6.367406037714479,34.0,60.125,0.03896103896103896,76,54.6098,5.6202760350601135,42.0,64.0,0.14258574142585742,,,,
pelt_rbf,persistent,family,scaffolding,summary,1,126,88,389,75,0.5038560411311054,57,0.76,42.2056,7.925768758993799,26.0,55.0,0.0110988901109889,0.010416666666666666,47.9618,6.506302633400613,34.0,59.0,0.07839216078392161,42.671052631578945,7.602434974655137,27.875,57.125,0.05194805194805195,76,48.5018,6.300251270910365,35.0,59.0,0.09119088091190881,,,,
pelt_rbf,persistent,family,roster only,changelog categories,1,60,43,389,75,0.2827763496143959,31,0.41333333333333333,25.9649,7.023389551354745,13.0,40.0,0.24977502249775022,0.25,27.6254,6.95578271162298,15.0,41.0,0.35096490350964904,27.07894736842105,6.973785500753971,13.75,38.25,0.33766233766233766,76,28.2375,6.810354751639911,15.0,41.0,0.3855614438556144,0.8331166883311669,0.8915108489151085,0.987012987012987,1.0
pelt_rbf,persistent,family,prompt (goal pooled),changelog categories,1,55,49,389,75,0.32390745501285345,44,0.5866666666666667,28.7706,7.350603973679836,16.0,44.0,0.025197480251974803,0.026041666666666668,31.675,7.0522583925182065,18.0,45.0,0.04079592040795921,29.592105263157894,6.976489339830739,16.875,42.375,0.03896103896103896,76,32.6414,6.931349825325519,19.0,46.0,0.051094890510948905,0.20157984201579843,0.32636736326367366,0.3116883116883117,0.40875912408759124
pelt_rbf,persistent,family,prompt without goal,changelog categories,1,39,36,389,75,0.2544987146529563,40,0.5333333333333333,23.457,6.914588357466793,11.0,38.0,0.013498650134986502,0.013020833333333334,24.9266,6.893472596336599,12.0,38.0,0.014498550144985502,23.80263157894737,6.792191078666943,13.5,37.125,0.012987012987012988,76,25.7411,6.803594614611308,13.0,39.0,0.0170982901709829,0.12148785121487851,0.1304869513048695,0.1168831168831169,0.1538846115388461
pelt_rbf,persistent,family,tool,changelog categories,1,54,43,389,75,0.30077120822622105,39,0.52,26.2986,7.720051681160948,14.0,43.0,0.0917908209179082,0.08854166666666667,29.7838,7.174050756750055,16.0,43.0,0.1166883311668833,26.039473684210527,8.010727456727318,13.875,43.125,0.09090909090909091,76,30.4393,7.120069174418522,17.0,44.0,0.13588641135886412,0.458954104589541,0.6383361663833617,0.4545454545454546,0.6794320567943206
pelt_rbf,persistent,family,memory,changelog categories,1,18,17,389,75,0.10539845758354756,21,0.28,10.0393,5.280032517356161,2.0,22.0,0.044195580441955803,0.046875,12.4963,5.756431182598816,4.0,25.0,0.10638936106389361,9.68421052631579,5.286991649487862,2.875,22.25,0.06493506493506493,76,11.8659,5.7195444319325714,3.0,25.0,0.0932906709329067,0.3093690630936906,0.6383361663833617,0.4545454545454545,0.653034696530347
pelt_rbf,persistent,family,model,changelog categories,1,51,40,389,75,0.29562982005141386,32,0.4266666666666667,26.6559,7.054025171284244,13.0,41.0,0.25177482251774824,0.24739583333333334,27.6663,7.110625880331563,14.0,41.0,0.3083691630836916,27.63157894736842,7.1364643071354,13.0,41.0,0.2857142857142857,76,28.4317,6.981676696249196,15.0,41.0,0.34806519348065196,0.8331166883311669,0.8915108489151085,0.987012987012987,1.0
pelt_rbf,persistent,family,goal,changelog categories,1,16,15,389,75,0.09768637532133675,20,0.26666666666666666,9.0857,5.680825880826557,1.0,23.0,0.0628937106289371,0.06510416666666667,11.0758,5.462383923143116,3.0,23.0,0.08299170082991701,9.631578947368421,6.131540546525336,2.0,23.25,0.06493506493506493,76,12.0127,5.549055587376214,3.0,24.0,0.11188881111888811,0.3773622637736226,0.5809419058094191,0.4545454545454545,0.6713328667133287
pelt_rbf,persistent,family,chat,changelog categories,1,29,25,389,75,0.16966580976863754,22,0.29333333333333333,15.9791,6.870253505389946,5.0,30.0,0.2502749725027497,0.2526041666666667,17.7205,6.325233640590742,7.0,31.0,0.2820717928207179,16.94736842105263,6.883593512775345,7.875,30.25,0.2597402597402597,76,18.7054,6.526765715656622,7.0,32.0,0.3371662833716628,0.8331166883311669,0.8915108489151085,0.987012987012987,1.0
pelt_rbf,persistent,family,other,changelog categories,1,12,12,389,75,0.08740359897172237,13,0.17333333333333334,8.2841,5.0539629444767815,1.0,20.0,0.20827917208279173,0.20572916666666666,8.9232,5.017730515078724,2.0,21.0,0.22287771222877711,8.736842105263158,5.216303725954184,1.0,19.0,0.24675324675324675,76,9.4128,4.993444663652627,2.0,21.0,0.24917508249175083,0.8331166883311669,0.8915108489151085,0.987012987012987,0.9967003299670033
pelt_rbf,persistent,family,village goal transitions,goals and monitor,1,51,51,389,75,0.37532133676092544,48,0.64,33.8658,7.9436830607758395,19.0,50.0,0.047995200479952004,0.046875,31.5536,6.983208686582124,18.0,45.0,0.007499250074992501,37.60526315789474,7.8927459477986,23.0,52.125,0.1038961038961039,76,39.7016,6.175967268142676,27.0,51.0,0.09549045095490451,0.23997600239976002,0.05249475052494751,0.1948051948051948,0.19098090190980901
pelt_rbf,persistent,family,scaffolding + goal transitions,goals and monitor,1,177,118,389,75,0.6401028277634961,65,0.8666666666666667,51.958,7.55303520672871,36.0,65.0,0.031196880311968805,0.028645833333333332,56.1305,5.520753356360179,44.0,66.0,0.046795320467953205,53.23684210526316,7.409666517107018,39.0,66.375,0.06493506493506493,76,59.0055,4.820683939999068,48.0,67.0,0.11868813118688132,0.18718128187181282,0.257974202579742,0.1948051948051948,0.19098090190980901
pelt_rbf,persistent,family,agent goal changes,goals and monitor,1,33,8,55,5,0.24727272727272726,4,0.8,1.2448,1.0088482232098877,0.0,3.0,0.00009999000099990002,0.0,1.3331,1.1499898424176478,0.0,4.0,0.042995700429957005,1.3,1.0593499054713802,0.0,2.7750000000000004,0.09090909090909091,10,1.5513,1.1997133996184763,0.0,4.0,0.05089491050894911,0.0006999300069993001,0.257974202579742,0.1948051948051948,0.1526847315268473
pelt_rbf,persistent,family,monitor likely-scaffolding-issue (medium/high),goals and monitor,1,55,55,64,10,1.0,10,1.0,9.9636,0.2673615309254902,10.0,10.0,0.9818018198180182,0.9830508474576272,9.9475,0.32489122091946876,9.0,10.0,0.9736026397360263,,,,,,,,,,,,1.0,1.0,,
pelt_rbf,persistent,family,monitor emotional-or-erratic (medium/high),goals and monitor,1,60,60,64,10,1.0,10,1.0,9.9654,0.2607865812577334,10.0,10.0,0.9827017298270173,0.9830508474576272,9.9942,0.10755239072970514,10.0,10.0,0.997000299970003,,,,,,,,,,,,1.0,1.0,,
pelt_rbf,persistent,family,monitor likely-scaffolding-issue (high),goals and monitor,1,4,4,64,10,0.171875,0,0.0,2.0131,2.2625296227959986,0.0,7.0,1.0,1.0,1.8373,2.046276480523459,0.0,7.0,1.0,,,,,,,,,,,,1.0,1.0,,
pelt_rbf,persistent,family,monitor emotional-or-erratic (high),goals and monitor,1,8,8,64,10,0.234375,0,0.0,2.9102,2.548761577424977,0.0,8.0,1.0,1.0,3.4517,2.499698373643492,0.0,8.0,1.0,,,,,,,,,,,,1.0,1.0,,
pelt_rbf,persistent,family,all,summary,2,186,110,389,75,0.7326478149100257,68,0.9066666666666666,57.9338,6.597876230809101,44.0,68.0,0.0354964503549645,0.034210526315789476,64.3767,4.73975143170646,53.0,72.0,0.264973502649735,57.6578947368421,6.174253275398728,45.5,68.0,0.05194805194805195,76,64.4926,4.671501635743401,53.0,72.0,0.27147285271472854,,,,
pelt_rbf,persistent,family,scaffolding,summary,2,126,88,389,75,0.6349614395886889,62,0.8266666666666667,50.622,7.969784673802341,35.0,64.0,0.0683931606839316,0.07368421052631578,58.9783,5.704812319293232,46.0,68.0,0.35906409359064095,50.473684210526315,7.7278262302936165,34.875,62.25,0.06493506493506493,76,59.0448,5.714337960414364,46.0,68.0,0.3641635836416358,,,,
pelt_rbf,persistent,family,roster only,changelog categories,2,60,43,389,75,0.41645244215938304,40,0.5333333333333333,35.0158,7.448832047367358,21.0,48.0,0.30186981301869814,0.29473684210526313,37.4723,7.53354552258192,23.0,51.0,0.41545845415458454,35.80263157894737,7.411737964143282,22.0,47.375,0.36363636363636365,76,37.8235,7.364833455495292,23.0,51.0,0.43175682431756823,0.9056094390560945,1.0,1.0,1.0
pelt_rbf,persistent,family,prompt (goal pooled),changelog categories,2,55,49,389,75,0.4498714652956299,52,0.6933333333333334,37.6201,7.826525502427243,22.0,53.0,0.033596640335966405,0.034210526315789476,42.0269,7.4039893500618685,27.0,55.0,0.09509049095090491,37.51315789473684,7.767442171959624,24.875,52.25,0.05194805194805195,76,42.3284,7.36787499881749,27.0,55.0,0.09869013098690131,0.23517648235176483,0.6656334366563343,0.36363636363636365,0.6908309169083092
pelt_rbf,persistent,family,prompt without goal,changelog categories,2,39,36,389,75,0.37532133676092544,50,0.6666666666666666,31.9156,7.658390283484736,19.0,47.0,0.0084991500849915,0.007894736842105263,34.0361,7.597879280888629,19.0,48.0,0.012798720127987202,32.23684210526316,7.738851630662233,18.875,47.25,0.025974025974025976,76,34.3138,7.516646829401778,20.0,48.0,0.011998800119988001,0.0764923507649235,0.10238976102389762,0.2077922077922078,0.107989201079892
pelt_rbf,persistent,family,tool,changelog categories,2,54,43,389,75,0.4087403598971722,44,0.5866666666666667,33.4638,8.223420944181473,19.0,49.0,0.14008599140085992,0.1368421052631579,39.2258,7.5793112454823754,24.0,53.0,0.31086891310868914,33.69736842105263,8.326695602045437,18.875,50.0,0.14285714285714285,76,39.9342,7.543763066011525,25.0,53.0,0.3454654534546545,0.5603439656034397,1.0,0.5714285714285714,1.0
pelt_rbf,persistent,family,memory,changelog categories,2,18,17,389,75,0.15938303341902313,27,0.36,13.9296,6.084056657735975,4.0,27.0,0.038396160383961604,0.039473684210526314,17.788,6.607073583829244,7.0,32.0,0.11558844115588442,14.210526315789474,6.208200575526287,5.875,27.5,0.05194805194805195,76,17.8198,6.630786129296379,7.0,31.0,0.11448855114488551,0.23517648235176483,0.6935306469353065,0.36363636363636365,0.6908309169083092
pelt_rbf,persistent,family,model,changelog categories,2,51,40,389,75,0.41645244215938304,39,0.52,35.02,7.406070819840899,19.0,50.0,0.32796720327967205,0.32894736842105265,37.0354,7.633241348034774,22.0,51.0,0.4497550244975502,35.276315789473685,7.085381540816795,21.0,49.0,0.35064935064935066,76,37.3551,7.518514267837734,22.0,51.0,0.46405359464053597,0.9056094390560945,1.0,1.0,1.0
pelt_rbf,persistent,family,goal,changelog categories,2,16,15,389,75,0.14652956298200515,32,0.4266666666666667,12.532,6.570532184634585,3.0,26.0,0.010798920107989201,0.010526315789473684,15.9057,6.418841613777854,5.0,30.0,0.010698930106989302,12.697368421052632,6.762681394914506,3.0,26.5,0.012987012987012988,76,16.3982,6.478984062601817,6.0,30.0,0.013398660133986601,0.08639136086391361,0.09629037096290372,0.1168831168831169,0.107989201079892
pelt_rbf,persistent,family,chat,changelog categories,2,29,25,389,75,0.2519280205655527,34,0.4533333333333333,21.8927,7.82388062414056,9.0,37.0,0.0907909209079092,0.08947368421052632,24.8665,7.190051977193452,12.0,39.0,0.13018698130186981,21.69736842105263,7.6315480943114995,10.875,36.125,0.1038961038961039,76,24.8748,7.162629076360757,12.0,39.0,0.12868713128687131,0.453954604539546,0.6935306469353065,0.5194805194805195,0.6908309169083092
pelt_rbf,persistent,family,other,changelog categories,2,12,12,389,75,0.13367609254498714,14,0.18666666666666668,11.6447,6.10434175065755,3.0,25.0,0.32656734326567344,0.31842105263157894,12.9989,5.886218102173469,4.0,26.0,0.40645935406459355,11.828947368421053,6.440265331790272,2.0,26.25,0.35064935064935066,76,12.5657,5.765328040167452,4.0,25.0,0.37936206379362064,0.9056094390560945,1.0,1.0,1.0
pelt_rbf,persistent,family,village goal transitions,goals and monitor,2,51,51,389,75,0.5886889460154242,57,0.76,46.7151,8.175378625578583,31.0,61.0,0.10838916108389161,0.10789473684210527,42.2416,7.331016561185907,27.0,55.0,0.015998400159984,47.5921052631579,8.309316268027429,32.875,63.0,0.15584415584415584,76,48.2876,6.609376265992317,34.0,60.0,0.09399060093990601,0.6503349665033497,0.11198880111988802,0.4675324675324675,0.281971802819718
pelt_rbf,persistent,family,scaffolding + goal transitions,goals and monitor,2,177,118,389,75,0.7840616966580977,67,0.8933333333333333,60.3188,7.165214622749203,45.0,73.0,0.17548245175482452,0.17105263157894737,65.9044,4.409331566177128,55.0,73.0,0.49895010498950104,60.19736842105263,7.050332827778853,46.875,73.0,0.18181818181818182,76,67.2128,3.9932331200513587,58.0,73.0,0.6256374362563744,0.8774122587741227,1.0,0.4675324675324675,0.6256374362563744
pelt_rbf,persistent,family,agent goal changes,goals and monitor,2,33,8,55,5,0.3527272727272727,4,0.8,1.7791,1.2279470572453601,0.0,4.0,0.0917908209179082,0.08695652173913043,1.9675,1.2277599478110306,0.0,4.0,0.11588841115888411,1.8,1.3984117975602022,0.0,3.7750000000000004,0.18181818181818182,10,2.0149,1.228018238007599,0.0,4.0,0.12448755124487551,0.6425357464253574,0.6953304669533047,0.4675324675324675,0.281971802819718
pelt_rbf,persistent,family,monitor likely-scaffolding-issue (medium/high),goals and monitor,2,55,55,64,10,1.0,10,1.0,10.0,0.0,10.0,10.0,1.0,1.0,9.9951,0.10038425025754777,10.0,10.0,0.9976002399760024,,,,,,,,,,,,1.0,1.0,,
pelt_rbf,persistent,family,monitor emotional-or-erratic (medium/high),goals and monitor,2,60,60,64,10,1.0,10,1.0,10.0,0.0,10.0,10.0,1.0,1.0,9.9998,0.020000000000000004,10.0,10.0,0.9999000099990001,,,,,,,,,,,,1.0,1.0,,
pelt_rbf,persistent,family,monitor likely-scaffolding-issue (high),goals and monitor,2,4,4,64,10,0.28125,2,0.2,2.9498,2.55271063639405,0.0,9.0,0.670932906709329,0.6727272727272727,2.7707,2.3825383856122637,0.0,7.0,0.6747325267473253,,,,,,,,,,,,1.0,1.0,,
pelt_rbf,persistent,family,monitor emotional-or-erratic (high),goals and monitor,2,8,8,64,10,0.328125,0,0.0,4.0881,2.703455059165159,0.0,8.0,1.0,1.0,4.8449,2.6165872129291405,0.0,9.0,1.0,,,,,,,,,,,,1.0,1.0,,
pelt_rbf,persistent,family,all,summary,3,186,110,389,75,0.8123393316195373,72,0.96,63.1101,5.947395660414241,49.0,71.0,0.020397960203979604,0.02127659574468085,69.6585,3.5675973042164535,61.0,75.0,0.33636636336366366,62.891891891891895,6.170117042400383,49.825,72.0,0.05333333333333334,74,69.5735,3.7278126842346673,60.0,75.0,0.3407659234076592,,,,
pelt_rbf,persistent,family,scaffolding,summary,3,126,88,389,75,0.7172236503856041,66,0.88,56.3167,7.726989824451351,39.0,69.0,0.10678932106789321,0.10106382978723404,65.4779,4.794894231478845,54.0,73.0,0.5560443955604439,56.067567567567565,8.058571682616295,39.65,68.0,0.10666666666666667,74,65.3868,4.925952929254007,53.0,73.0,0.5545445455454454,,,,
pelt_rbf,persistent,family,roster only,changelog categories,3,60,43,389,75,0.5089974293059126,42,0.56,41.6225,7.160427425935704,27.0,54.0,0.5118488151184881,0.5053191489361702,45.693,7.471662035541847,30.0,59.0,0.7219278072192781,41.513513513513516,7.771114839087158,27.0,54.349999999999994,0.49333333333333335,74,45.7033,7.5015262713423825,30.0,59.0,0.7135286471352865,1.0,1.0,1.0,1.0
pelt_rbf,persistent,family,prompt (goal pooled),changelog categories,3,55,49,389,75,0.5449871465295629,57,0.76,44.0491,7.926258369948251,28.0,59.0,0.0463953604639536,0.04521276595744681,49.8181,7.257773757702275,34.0,62.0,0.18238176182381763,43.74324324324324,8.085266171457182,28.65,58.175,0.05333333333333334,74,49.9368,7.247707133008935,34.97500000000002,62.0,0.1855814418558144,0.2783721627837216,0.949105089491051,0.37333333333333335,1.0
pelt_rbf,persistent,family,prompt without goal,changelog categories,3,39,36,389,75,0.48071979434447293,55,0.7333333333333333,38.5444,8.068205391152569,24.0,53.0,0.009499050094990502,0.007978723404255319,41.3648,7.787797245601214,26.0,55.0,0.036196380361963806,38.75675675675676,8.515595380227284,24.0,52.349999999999994,0.02666666666666667,74,41.4212,7.747747628784248,26.0,55.0,0.0327967203279672,0.07599240075992401,0.28957104289571045,0.21333333333333335,0.2623737626237376
pelt_rbf,persistent,family,tool,changelog categories,3,54,43,389,75,0.4910025706940874,49,0.6533333333333333,39.0595,8.395737525128991,24.0,54.0,0.16798320167983202,0.1675531914893617,46.917,7.548934338101246,31.0,60.0,0.45335466453354667,39.16216216216216,8.822491536116658,21.65,54.175,0.2,74,46.9135,7.607969891540519,31.0,60.0,0.45465453454654536,0.6719328067193281,1.0,0.8,1.0
pelt_rbf,persistent,family,memory,changelog categories,3,18,17,389,75,0.20822622107969152,32,0.4266666666666667,17.5279,6.636507056621824,6.0,32.0,0.03569643035696431,0.034574468085106384,22.7992,7.303712328766662,10.0,37.0,0.13558644135586442,18.41891891891892,6.4955343073946805,8.0,32.349999999999994,0.05333333333333334,74,23.91,7.361122102768109,11.0,39.0,0.16918308169183083,0.24987501249875016,0.949105089491051,0.37333333333333335,1.0
pelt_rbf,persistent,family,model,changelog categories,3,51,40,389,75,0.506426735218509,40,0.5333333333333333,41.489,7.276137245635334,26.0,55.0,0.6163383661633837,0.6143617021276596,44.5452,7.5915426701040944,29.0,58.0,0.7448255174482552,41.472972972972975,7.748129200577941,26.825,54.349999999999994,0.6133333333333333,74,44.5514,7.6074138387846,29.0,58.0,0.748025197480252,1.0,1.0,1.0,1.0
pelt_rbf,persistent,family,goal,changelog categories,3,16,15,389,75,0.18251928020565553,35,0.4666666666666667,15.2805,7.165232292492724,4.0,30.0,0.00009999000099990002,0.0,20.5338,7.134938562792919,8.0,35.0,0.031596840315968405,15.243243243243244,6.93770877422169,4.0,27.349999999999994,0.013333333333333334,74,20.268,6.962515613078812,8.0,34.0,0.024397560243975602,0.0008999100089991002,0.2843715628437157,0.12000000000000001,0.21957804219578042
pelt_rbf,persistent,family,chat,changelog categories,3,29,25,389,75,0.32390745501285345,40,0.5333333333333333,26.9143,8.339467020200876,13.0,43.0,0.09159084091590841,0.09574468085106383,31.2316,7.7370632448472,17.0,46.0,0.1518848115188481,26.324324324324323,8.276237825902967,12.825,40.175,0.06666666666666667,74,30.3121,7.706635635170597,16.0,45.0,0.1260873912608739,0.45795420457954206,0.949105089491051,0.37333333333333335,0.8826117388261173
pelt_rbf,persistent,family,other,changelog categories,3,12,12,389,75,0.17480719794344474,17,0.22666666666666666,14.4762,6.855912332679826,4.0,31.0,0.34506549345065496,0.34574468085106386,16.769,6.657347146356626,6.0,31.0,0.46255374462553744,14.432432432432432,7.154041067205478,5.0,30.349999999999994,0.37333333333333335,74,15.7522,6.456017594176586,5.0,30.0,0.40575942405759424,1.0,1.0,1.0,1.0
pelt_rbf,persistent,family,village goal transitions,goals and monitor,3,51,51,389,75,0.6503856041131105,58,0.7733333333333333,50.9748,7.884933872786621,35.0,65.0,0.20287971202879712,0.2074468085106383,50.4001,7.128723718884469,35.0,63.0,0.1566843315668433,50.891891891891895,7.497154834888334,34.825,64.175,0.16,74,52.9742,6.4844844987031465,39.0,64.0,0.2566743325667433,1.0,1.0,0.48,0.575942405759424
pelt_rbf,persistent,family,scaffolding + goal transitions,goals and monitor,3,177,118,389,75,0.8226221079691517,68,0.9066666666666666,62.7198,6.979080076619811,47.0,75.0,0.23357664233576642,0.23404255319148937,70.6635,3.2321683807073116,63.0,75.0,0.8607139286071392,62.608108108108105,7.041593778900957,47.825,75.0,0.28,74,70.9981,3.043554289358287,64.0,75.0,0.8898110188981102,1.0,1.0,0.56,0.8898110188981102
pelt_rbf,persistent,family,agent goal changes,goals and monitor,3,33,8,55,5,0.4290909090909091,4,0.8,2.1274,1.4156163452587345,0.0,5.0,0.2328767123287671,0.23809523809523808,2.4576,1.2045527529890392,0.0,5.0,0.20637936206379362,2.125,1.4577379737113252,0.17500000000000002,4.0,0.3333333333333333,8,2.3919,1.203685704794899,0.0,5.0,0.19198080191980801,1.0,1.0,0.56,0.575942405759424
pelt_rbf,persistent,family,monitor likely-scaffolding-issue (medium/high),goals and monitor,3,55,55,64,10,1.0,10,1.0,10.0,0.0,10.0,10.0,1.0,1.0,9.9988,0.048977544650462,10.0,10.0,0.9994000599940006,,,,,,,,,,,,1.0,1.0,,
pelt_rbf,persistent,family,monitor emotional-or-erratic (medium/high),goals and monitor,3,60,60,64,10,1.0,10,1.0,10.0,0.0,10.0,10.0,1.0,1.0,10.0,0.0,10.0,10.0,1.0,,,,,,,,,,,,1.0,1.0,,
pelt_rbf,persistent,family,monitor likely-scaffolding-issue (high),goals and monitor,3,4,4,64,10,0.390625,7,0.7,3.7392,2.6357310310057778,0.0,9.0,0.1616838316168383,0.1568627450980392,3.4189,2.4458579296641925,0.0,8.0,0.1571842815718428,,,,,,,,,,,,1.0,1.0,,
pelt_rbf,persistent,family,monitor emotional-or-erratic (high),goals and monitor,3,8,8,64,10,0.421875,1,0.1,4.8081,2.628757392104234,1.0,9.0,0.9812018798120188,0.9803921568627451,5.7325,2.4725199868774674,1.0,10.0,0.9796020397960205,,,,,,,,,,,,1.0,1.0,,
pelt_rbf,persistent,lexical,all,summary,0,186,110,389,59,0.32904884318766064,41,0.6949152542372882,34.5496,4.724465249865821,24.0,43.0,0.0978902109789021,0.10051546391752578,37.6173,4.252652021376954,29.0,46.0,0.2572742725727427,35.64473684210526,4.840671984668853,25.0,44.125,0.16883116883116883,76,37.866,4.251099997073523,29.0,46.0,0.2706729327067293,,,,
pelt_rbf,persistent,lexical,scaffolding,summary,0,126,88,389,59,0.2750642673521851,38,0.6440677966101694,29.729,5.006941775834292,20.0,40.0,0.062993700629937,0.061855670103092786,33.4064,4.484155417130466,25.0,42.0,0.1817818218178182,30.236842105263158,4.8658494867875,21.0,38.25,0.07792207792207792,76,33.7355,4.490184397727176,25.0,42.0,0.20187981201879812,,,,
pelt_rbf,persistent,lexical,roster only,changelog categories,0,60,43,389,59,0.11053984575835475,23,0.3898305084745763,17.9806,4.717313742469806,9.0,28.0,0.16728327167283272,0.17010309278350516,18.8521,4.384238559291052,11.0,28.0,0.20407959204079593,18.289473684210527,5.378514762704624,7.875,28.5,0.2077922077922078,76,19.1022,4.44861036430674,11.0,28.0,0.22077792220777923,1.0,1.0,1.0,1.0
pelt_rbf,persistent,lexical,prompt (goal pooled),changelog categories,0,55,49,389,59,0.14395886889460152,30,0.5084745762711864,19.972,4.346988110239439,12.0,28.0,0.0086991300869913,0.010309278350515464,21.8592,4.572358910518799,13.0,31.0,0.0494950504949505,20.11842105263158,4.48394797847658,12.875,29.125,0.03896103896103896,76,22.294,4.595049014705366,13.0,31.0,0.062493750624937505,0.0695930406959304,0.395960403959604,0.3116883116883117,0.49995000499950004
pelt_rbf,persistent,lexical,prompt without goal,changelog categories,0,39,36,389,59,0.11053984575835475,27,0.4576271186440678,16.2469,4.271108126290254,9.0,25.0,0.00009999000099990002,0.0,17.2849,4.288259659476173,9.0,26.0,0.019498050194980503,16.407894736842106,4.3762316562051335,8.875,25.125,0.012987012987012988,76,17.795,4.3798964998427685,10.0,27.0,0.0282971702829717,0.0008999100089991002,0.17548245175482452,0.1168831168831169,0.2546745325467453
pelt_rbf,persistent,lexical,tool,changelog categories,0,54,43,389,59,0.15167095115681234,20,0.3389830508474576,18.4916,5.08754535623764,9.975000000000023,30.0,0.38316168383161686,0.3788659793814433,20.7658,4.567125597530942,12.0,30.0,0.6048395160483951,19.31578947368421,5.149007739531413,10.0,28.25,0.4675324675324675,76,21.2724,4.628405822099592,13.0,31.0,0.6380361963803619,1.0,1.0,1.0,1.0
pelt_rbf,persistent,lexical,memory,changelog categories,0,18,17,389,59,0.04627249357326478,9,0.15254237288135594,7.0756,3.0452605801803103,2.0,14.0,0.2823717628237176,0.28350515463917525,8.5229,3.349865333080567,3.0,16.0,0.47435256474352566,6.7105263157894735,2.841669882181645,2.0,12.25,0.22077922077922077,76,8.4315,3.4166174906635,3.0,16.0,0.45835416458354167,1.0,1.0,1.0,1.0
pelt_rbf,persistent,lexical,model,changelog categories,0,51,40,389,59,0.13367609254498714,23,0.3898305084745763,18.5134,4.612759282123823,10.0,29.0,0.18798120187981202,0.18814432989690721,19.2352,4.530599694671704,11.0,28.0,0.2343765623437656,18.723684210526315,5.092736485650981,10.625,32.125,0.19480519480519481,76,19.4565,4.565631637487296,11.0,29.0,0.2538746125387461,1.0,1.0,1.0,1.0
pelt_rbf,persistent,lexical,goal,changelog categories,0,16,15,389,59,0.038560411311053984,6,0.1016949152542373,6.4894,3.6431325643583365,1.0,14.0,0.557044295570443,0.5515463917525774,7.4741,3.182537045221064,2.0,14.0,0.7136286371362863,6.223684210526316,3.4702494980832963,0.875,13.125,0.5844155844155844,76,7.7499,3.1202762061010296,2.0,15.0,0.7498250174982501,1.0,1.0,1.0,1.0
pelt_rbf,persistent,lexical,chat,changelog categories,0,29,25,389,59,0.06940874035989718,13,0.22033898305084745,11.0272,3.8928107528565725,4.0,20.0,0.3254674532546745,0.32989690721649484,12.1758,3.8710712831576646,5.0,20.0,0.44625537446255376,11.421052631578947,3.834103660204427,6.0,20.0,0.33766233766233766,76,11.7889,3.754829778387626,5.0,20.0,0.411958804119588,1.0,1.0,1.0,1.0
pelt_rbf,persistent,lexical,other,changelog categories,0,12,12,389,59,0.030848329048843187,9,0.15254237288135594,5.5811,2.6622418265729197,1.0,11.0,0.14508549145085492,0.14690721649484537,6.1097,2.935017434826286,1.0,13.0,0.20137986201379862,5.447368421052632,2.374277360052136,2.0,11.0,0.14285714285714285,76,5.7809,2.7571099643531727,1.0,12.0,0.1633836616338366,1.0,1.0,1.0,1.0
pelt_rbf,persistent,lexical,village goal transitions,goals and monitor,0,51,51,389,59,0.13110539845758354,30,0.5084745762711864,24.8307,5.2980226891210505,16.0,34.0,0.23927607239276072,0.23711340206185566,21.6463,4.428222806693738,13.0,30.0,0.0385961403859614,24.342105263157894,4.773685177662913,16.0,32.0,0.18181818181818182,76,24.6969,3.9835181977396785,17.0,32.0,0.11278872112788721,1.0,0.23157684231576842,0.2727272727272727,0.22557744225577442
pelt_rbf,persistent,lexical,scaffolding + goal transitions,goals and monitor,0,177,118,389,59,0.34704370179948585,43,0.7288135593220338,36.808,4.931142627907012,27.0,47.0,0.12498750124987501,0.12371134020618557,38.8436,4.192123141039986,30.0,47.0,0.1937806219378062,36.75,4.47548880012005,28.875,46.125,0.11688311688311688,76,39.9904,3.869755204213059,32.0,47.0,0.26687331266873315,0.7499250074992501,0.968903109689031,0.2727272727272727,0.26687331266873315
pelt_rbf,persistent,lexical,agent goal changes,goals and monitor,0,33,8,55,2,0.07272727272727272,2,1.0,0.4486,0.4973758923367997,0.0,1.0,0.00009999000099990002,0.0,0.4503,0.5410722557280052,0.0,1.0,0.0226977302269773,0.4,0.5163977794943223,0.0,1.0,0.09090909090909091,10,0.4935,0.5670889780192337,0.0,2.0,0.035896410358964105,0.0006999300069993001,0.1588841115888411,0.2727272727272727,0.10768923107689232
pelt_rbf,persistent,lexical,monitor likely-scaffolding-issue (medium/high),goals and monitor,0,55,55,64,4,0.859375,4,1.0,3.853,0.35412362298219446,3.0,4.0,0.853014698530147,0.8571428571428571,3.8628,0.34465640688065036,3.0,4.0,0.863013698630137,,,,,,,,,,,,1.0,1.0,,
pelt_rbf,persistent,lexical,monitor emotional-or-erratic (medium/high),goals and monitor,0,60,60,64,4,0.9375,4,1.0,3.9333,0.24951419946282288,3.0,4.0,0.9333066693330667,0.9365079365079365,3.9361,0.24458694216418778,3.0,4.0,0.9361063893610639,,,,,,,,,,,,1.0,1.0,,
pelt_rbf,persistent,lexical,monitor likely-scaffolding-issue (high),goals and monitor,0,4,4,64,4,0.0625,0,0.0,0.8972,1.076916029601882,0.0,3.0,1.0,1.0,0.8085,0.9525326670766651,0.0,3.0,1.0,,,,,,,,,,,,1.0,1.0,,
pelt_rbf,persistent,lexical,monitor emotional-or-erratic (high),goals and monitor,0,8,8,64,4,0.125,0,0.0,1.2067,1.3640238876634865,0.0,4.0,1.0,1.0,1.4932,1.1247578708445667,0.0,3.0,1.0,,,,,,,,,,,,1.0,1.0,,
pelt_rbf,persistent,lexical,all,summary,1,186,110,389,59,0.5886889460154242,44,0.7457627118644068,43.2404,4.681901308227887,33.0,51.0,0.5325467453254674,0.5364583333333334,48.0363,3.9127628705721658,40.0,55.0,0.8718128187181282,44.223684210526315,4.39271725840404,33.0,51.125,0.5584415584415584,76,48.4989,3.8534249283420374,40.0,55.0,0.8966103389661034,,,,
pelt_rbf,persistent,lexical,scaffolding,summary,1,126,88,389,59,0.5038560411311054,43,0.7288135593220338,37.8181,5.1713524999431115,28.0,48.0,0.17368263173682633,0.17708333333333334,43.7424,4.546967091476811,34.0,52.0,0.6258374162583742,38.36842105263158,5.2658449281209885,26.875,47.375,0.2597402597402597,76,44.1557,4.420453772086653,35.0,52.0,0.661033896610339,,,,
pelt_rbf,persistent,lexical,roster only,changelog categories,1,60,43,389,59,0.2827763496143959,28,0.4745762711864407,25.3177,5.399766889250482,15.0,36.0,0.3467653234676532,0.3489583333333333,27.2832,5.141540751966322,17.0,37.0,0.48665133486651335,26.44736842105263,5.516991298022514,16.875,37.25,0.4025974025974026,76,28.2408,5.127128251215336,18.0,38.0,0.5598440155984401,1.0,1.0,1.0,1.0
pelt_rbf,persistent,lexical,prompt (goal pooled),changelog categories,1,55,49,389,59,0.32390745501285345,33,0.559322033898305,27.477,5.276462366539778,17.0,38.0,0.17048295170482952,0.17447916666666666,30.6176,5.198449059793,20.0,41.0,0.3655634436556344,28.657894736842106,5.524617951385592,16.875,37.25,0.2597402597402597,76,31.7625,5.061685076689536,22.0,42.0,0.44275572442755723,1.0,1.0,1.0,1.0
pelt_rbf,persistent,lexical,prompt without goal,changelog categories,1,39,36,389,59,0.2544987146529563,30,0.5084745762711864,23.3216,5.1377245022778455,14.0,33.0,0.10998900109989002,0.109375,24.7161,5.151810837510491,15.0,35.0,0.1790820917908209,24.32894736842105,5.6388844237011675,13.875,35.125,0.16883116883116883,76,25.7448,5.112952883483171,16.0,36.0,0.23647635236476353,0.9899010098990102,1.0,1.0,1.0
pelt_rbf,persistent,lexical,tool,changelog categories,1,54,43,389,59,0.30077120822622105,26,0.4406779661016949,24.6952,5.331448151669432,16.0,36.0,0.41475852414758524,0.4166666666666667,28.7862,5.200614790524284,19.0,39.0,0.7324267573242675,24.56578947368421,5.289828040849191,16.875,35.0,0.4025974025974026,76,29.4481,5.199231634670559,19.0,40.0,0.7717228277172283,1.0,1.0,1.0,1.0
pelt_rbf,persistent,lexical,memory,changelog categories,1,18,17,389,59,0.10539845758354756,11,0.1864406779661017,10.3273,3.7333588773182105,4.0,20.0,0.4360563943605639,0.4453125,12.9108,4.311856047023952,5.0,22.0,0.6957304269573042,9.657894736842104,3.6131339363640067,3.0,17.625,0.33766233766233766,76,11.9061,4.1180794853748015,5.0,21.0,0.6054394560543945,1.0,1.0,1.0,1.0
pelt_rbf,persistent,lexical,model,changelog categories,1,51,40,389,59,0.29562982005141386,27,0.4576271186440678,25.6881,5.098275947000435,17.0,36.0,0.4283571642835716,0.421875,27.0311,5.228849479253316,17.0,37.0,0.5405459454054594,26.355263157894736,5.170954643953529,17.0,38.25,0.4805194805194805,76,27.909,5.160986589621971,18.0,38.0,0.6092390760923908,1.0,1.0,1.0,1.0
pelt_rbf,persistent,lexical,goal,changelog categories,1,16,15,389,59,0.09768637532133675,9,0.15254237288135594,9.18,4.4885648844003745,2.0,18.0,0.5358464153584641,0.5390625,11.4182,4.108016107518806,4.0,20.0,0.7488251174882512,9.236842105263158,4.655801888833993,1.875,18.125,0.5584415584415584,76,12.2072,4.180025768047627,5.0,21.0,0.8008199180081992,1.0,1.0,1.0,1.0
pelt_rbf,persistent,lexical,chat,changelog categories,1,29,25,389,59,0.16966580976863754,14,0.23728813559322035,16.0256,5.152222741683243,7.0,26.0,0.6697330266973303,0.6692708333333334,18.0997,4.834076617067003,9.0,28.0,0.8249175082491751,16.42105263157895,4.578975599832309,9.0,25.125,0.7012987012987013,76,18.6221,4.782152077030673,10.0,28.0,0.8508149185081492,1.0,1.0,1.0,1.0
pelt_rbf,persistent,lexical,other,changelog categories,1,12,12,389,59,0.08740359897172237,11,0.1864406779661017,8.3675,3.45717210359788,3.0,16.0,0.26847315268473154,0.2682291666666667,9.3123,3.7931527138715464,3.0,17.024999999999636,0.3631636836316368,8.947368421052632,3.517175900603988,4.0,16.125,0.35064935064935066,76,9.8891,3.879704421813608,3.0,18.0,0.408959104089591,1.0,1.0,1.0,1.0
pelt_rbf,persistent,lexical,village goal transitions,goals and monitor,1,51,51,389,59,0.37532133676092544,41,0.6949152542372882,32.5789,5.841865072795919,22.0,43.0,0.08689131086891311,0.08854166666666667,30.9058,5.16619737520083,21.0,41.0,0.028997100289971003,32.81578947368421,6.644718256010137,21.875,43.125,0.12987012987012986,76,36.7118,4.476644367657482,27.0,45.0,0.20327967203279673,0.5213478652134786,0.20297970202979704,0.2727272727272727,0.40655934406559346
pelt_rbf,persistent,lexical,scaffolding + goal transitions,goals and monitor,1,177,118,389,59,0.6401028277634961,49,0.8305084745762712,44.7356,4.830116524739776,35.0,53.0,0.25077492250774924,0.2552083333333333,49.338,3.722464462445198,41.0,56.0,0.6145385461453855,44.46052631578947,5.183154224919247,33.875,51.125,0.2077922077922078,76,50.3828,3.293318805532724,43.0,56.0,0.7349265073492651,1.0,1.0,0.2727272727272727,0.7349265073492651
pelt_rbf,persistent,lexical,agent goal changes,goals and monitor,1,33,8,55,2,0.19999999999999998,2,1.0,0.578,0.49390322335393194,0.0,1.0,0.00009999000099990002,0.0,0.66,0.6156605426616026,0.0,2.0,0.07739226077392261,0.5,0.5270462766947299,0.0,1.0,0.09090909090909091,10,0.7509,0.6173226860644868,0.0,2.0,0.09709029097090291,0.0006999300069993001,0.46435356464353567,0.2727272727272727,0.2912708729127087
pelt_rbf,persistent,lexical,monitor likely-scaffolding-issue (medium/high),goals and monitor,1,55,55,64,4,1.0,4,1.0,4.0,0.0,4.0,4.0,1.0,1.0,3.9983,0.04119805490521121,4.0,4.0,0.9983001699830018,,,,,,,,,,,,1.0,1.0,,
pelt_rbf,persistent,lexical,monitor emotional-or-erratic (medium/high),goals and monitor,1,60,60,64,4,1.0,4,1.0,4.0,0.0,4.0,4.0,1.0,1.0,3.9999,0.010000000000000004,4.0,4.0,0.9999000099990001,,,,,,,,,,,,1.0,1.0,,
pelt_rbf,persistent,lexical,monitor likely-scaffolding-issue (high),goals and monitor,1,4,4,64,4,0.171875,1,0.25,1.252,1.1606165185238004,0.0,4.0,0.6808319168083191,0.6779661016949152,1.1229,1.029223746399205,0.0,3.0,0.6614338566143385,,,,,,,,,,,,1.0,1.0,,
pelt_rbf,persistent,lexical,monitor emotional-or-erratic (high),goals and monitor,1,8,8,64,4,0.234375,0,0.0,1.6807,1.560702114148921,0.0,4.0,1.0,1.0,1.9509,1.1472666699949094,0.0,4.0,1.0,,,,,,,,,,,,1.0,1.0,,
pelt_rbf,persistent,lexical,all,summary,2,186,110,389,59,0.7326478149100257,51,0.864406779661017,48.4745,4.086883899990457,38.0,55.0,0.35626437356264373,0.35526315789473684,53.4242,3.183939086542122,46.0,58.0,0.8236176382361764,47.973684210526315,3.9258924563654785,40.75,54.0,0.2857142857142857,76,53.5008,3.096959553472984,46.0,58.0,0.8372162783721628,,,,
pelt_rbf,persistent,lexical,scaffolding,summary,2,126,88,389,59,0.6349614395886889,50,0.847457627118644,42.9227,4.86948620488753,34.0,51.0,0.09379062093790622,0.09736842105263158,49.8985,3.9696062181723684,41.0,56.0,0.5740425957404259,42.31578947368421,5.039075381630481,33.75,51.0,0.07792207792207792,76,50.0188,3.878704808966456,41.0,57.0,0.5891410858914109,,,,
pelt_rbf,persistent,lexical,roster only,changelog categories,2,60,43,389,59,0.41645244215938304,34,0.576271186440678,31.433,5.5759860259882466,19.0,43.0,0.33636636336366366,0.34210526315789475,33.9707,5.276743874075305,23.0,44.0,0.5460453954604539,32.31578947368421,5.4606727944843065,21.0,44.125,0.4155844155844156,76,34.3788,5.291664268552296,24.0,44.0,0.5732426757324267,1.0,1.0,1.0,1.0
pelt_rbf,persistent,lexical,prompt (goal pooled),changelog categories,2,55,49,389,59,0.4498714652956299,38,0.6440677966101694,33.652,5.52042964943413,22.0,44.0,0.2348765123487651,0.22894736842105262,37.4223,5.2929731027492135,27.0,47.0,0.5133486651334866,33.10526315789474,5.51501936501507,21.875,42.0,0.23376623376623376,76,37.9239,5.247881745645725,27.0,47.0,0.5469453054694531,1.0,1.0,1.0,1.0
pelt_rbf,persistent,lexical,prompt without goal,changelog categories,2,39,36,389,59,0.37532133676092544,34,0.576271186440678,29.3172,5.546445750753054,18.0,40.0,0.23607639236076391,0.23684210526315788,30.9396,5.40764977671546,20.0,41.0,0.3257674232576742,29.43421052631579,5.216219643421954,19.75,39.125,0.19480519480519481,76,31.2738,5.44187421386198,20.0,42.0,0.34796520347965204,1.0,1.0,1.0,1.0
pelt_rbf,persistent,lexical,tool,changelog categories,2,54,43,389,59,0.40874035989717217,34,0.576271186440678,29.6555,5.58468787165965,19.0,41.0,0.23377662233776622,0.22631578947368422,35.2016,5.375578771138274,24.0,45.0,0.6271372862713729,29.539473684210527,5.3924411033067,22.0,42.125,0.2077922077922078,76,35.9182,5.283341757828373,25.0,46.0,0.6804319568043196,1.0,1.0,1.0,1.0
pelt_rbf,persistent,lexical,memory,changelog categories,2,18,17,389,59,0.15938303341902313,15,0.2542372881355932,13.2031,4.064689724967458,6.0,23.0,0.33556644335566443,0.3447368421052632,16.8674,4.7766409609564535,8.0,27.0,0.6766323367663234,13.25,4.400378771575617,6.875,24.125,0.3246753246753247,76,16.4762,4.822609181338624,8.0,26.0,0.6379362063793621,1.0,1.0,1.0,1.0
pelt_rbf,persistent,lexical,model,changelog categories,2,51,40,389,59,0.41645244215938304,29,0.4915254237288136,31.2315,5.1633490844002345,20.0,42.0,0.7484251574842515,0.7473684210526316,33.3813,5.4123968548113135,23.0,44.0,0.8132186781321867,31.460526315789473,4.981139868139111,21.875,43.0,0.7532467532467533,76,33.7132,5.381286238824173,23.0,44.0,0.82991700829917,1.0,1.0,1.0,1.0
pelt_rbf,persistent,lexical,goal,changelog categories,2,16,15,389,59,0.14652956298200515,13,0.22033898305084745,11.6343,4.9930808721329125,4.0,22.0,0.42675732426757323,0.4236842105263158,15.1216,4.670502628141852,7.0,25.0,0.6913308669133087,11.56578947368421,5.231533940291419,2.875,20.25,0.4155844155844156,76,15.754,4.657794918773318,8.0,25.0,0.7410258974102589,1.0,1.0,1.0,1.0
pelt_rbf,persistent,lexical,chat,changelog categories,2,29,25,389,59,0.2519280205655527,25,0.423728813559322,20.3719,5.3200395367015085,11.0,31.024999999999636,0.18298170182981702,0.1868421052631579,23.1993,5.185197020057548,13.0,34.0,0.39506049395060494,20.394736842105264,5.289181278467512,11.75,31.25,0.2077922077922078,76,23.0641,5.1851788588225,13.0,33.0,0.3932606739326067,1.0,1.0,1.0,1.0
pelt_rbf,persistent,lexical,other,changelog categories,2,12,12,389,59,0.13367609254498714,13,0.22033898305084745,10.8709,3.9744198056168054,5.0,20.0,0.30656934306569344,0.3026315789473684,12.4464,4.3404851135676195,5.0,22.0,0.47605239476052397,11.105263157894736,4.081107520819713,5.0,20.0,0.35064935064935066,76,12.0253,4.184042367263159,5.0,21.0,0.42915708429157085,1.0,1.0,1.0,1.0
pelt_rbf,persistent,lexical,village goal transitions,goals and monitor,2,51,51,389,59,0.5886889460154242,46,0.7796610169491526,39.4543,5.746582796008697,30.0,49.0,0.17838216178382163,0.17105263157894737,37.7685,5.141648704952577,27.0,47.0,0.0608939106089391,40.0,5.694441734416699,30.0,49.0,0.2077922077922078,76,43.1306,4.714230163728078,33.0,52.0,0.32626737326267374,0.8919108089191081,0.4262573742625737,0.2077922077922078,0.6525347465253475
pelt_rbf,persistent,lexical,scaffolding + goal transitions,goals and monitor,2,177,118,389,59,0.7840616966580977,55,0.9322033898305084,48.6658,4.520857681393824,39.0,55.0,0.0494950504949505,0.05,54.326,2.872098343526817,48.0,59.0,0.5292470752924707,48.48684210526316,4.544574555966361,39.0,55.125,0.06493506493506493,76,55.1751,2.595826230968117,49.0,59.0,0.6541345865413458,0.296970302969703,1.0,0.1948051948051948,0.6541345865413458
pelt_rbf,persistent,lexical,agent goal changes,goals and monitor,2,33,8,55,2,0.3090909090909091,2,1.0,0.7423,0.48053491171832463,0.0,1.0,0.0198980101989801,0.021739130434782608,0.8762,0.6498582857663338,0.0,2.0,0.15698430156984303,0.8,0.42163702135578396,0.0,1.0,0.09090909090909091,10,0.9108,0.6303039650111927,0.0,2.0,0.15808419158084192,0.1392860713928607,0.9419058094190582,0.1948051948051948,0.47425257474252575
pelt_rbf,persistent,lexical,monitor likely-scaffolding-issue (medium/high),goals and monitor,2,55,55,64,4,1.0,4,1.0,4.0,0.0,4.0,4.0,1.0,1.0,4.0,0.0,4.0,4.0,1.0,,,,,,,,,,,,1.0,1.0,,
pelt_rbf,persistent,lexical,monitor emotional-or-erratic (medium/high),goals and monitor,2,60,60,64,4,1.0,4,1.0,4.0,0.0,4.0,4.0,1.0,1.0,4.0,0.0,4.0,4.0,1.0,,,,,,,,,,,,1.0,1.0,,
pelt_rbf,persistent,lexical,monitor likely-scaffolding-issue (high),goals and monitor,2,4,4,64,4,0.28125,3,0.75,1.6743,1.1340847079528413,0.0,4.0,0.27587241275872415,0.2727272727272727,1.4963,1.0751287830720648,0.0,3.0,0.20937906209379062,,,,,,,,,,,,1.0,1.0,,
pelt_rbf,persistent,lexical,monitor emotional-or-erratic (high),goals and monitor,2,8,8,64,4,0.328125,0,0.0,2.2295,1.6207073823617648,0.0,4.0,1.0,1.0,2.478,1.0907038844234258,0.0,4.0,1.0,,,,,,,,,,,,1.0,1.0,,
pelt_rbf,persistent,lexical,all,summary,3,186,110,389,59,0.8123393316195373,57,0.9661016949152542,51.5893,3.571176394422993,42.0,57.0,0.035896410358964105,0.034574468085106384,56.2044,2.3678642947035233,50.0,59.0,0.5296470352964704,50.972972972972975,3.3636777530935973,42.825,55.175,0.013333333333333334,74,56.1254,2.454888487843954,50.0,59.0,0.5276472352764724,,,,
pelt_rbf,persistent,lexical,scaffolding,summary,3,126,88,389,59,0.7172236503856041,54,0.9152542372881356,46.3892,4.5574774184895315,36.0,54.0,0.041995800419958006,0.0398936170212766,53.6265,3.276594475539461,46.0,59.0,0.5731426857314269,45.472972972972975,4.581747507058591,36.0,53.349999999999994,0.04,74,53.6442,3.237074948996786,46.0,59.0,0.5761423857614238,,,,
pelt_rbf,persistent,lexical,roster only,changelog categories,3,60,43,389,59,0.5089974293059126,39,0.6610169491525424,36.3187,5.549685595691084,24.0,46.0,0.3758624137586241,0.3696808510638298,39.4372,5.318917676419222,28.0,49.0,0.5849415058494151,36.2027027027027,5.3787499941384755,23.825,45.175,0.4,74,39.47,5.290831625550845,29.0,49.0,0.5843415658434157,1.0,1.0,1.0,1.0
pelt_rbf,persistent,lexical,prompt (goal pooled),changelog categories,3,55,49,389,59,0.5449871465295629,43,0.7288135593220338,37.682,5.636333278407384,26.0,48.0,0.21157884211578842,0.21808510638297873,42.6172,5.017308192462351,32.0,52.0,0.5385461453854614,37.229729729729726,5.587528424854418,26.0,47.175,0.21333333333333335,74,42.6713,4.979270591518636,32.0,51.0,0.5338466153384661,1.0,1.0,1.0,1.0
pelt_rbf,persistent,lexical,prompt without goal,changelog categories,3,39,36,389,59,0.480719794344473,39,0.6610169491525424,33.5821,5.670791424266788,22.0,44.0,0.18118188181181882,0.18617021276595744,35.9264,5.574754777484199,24.0,46.0,0.33436656334366566,33.28378378378378,5.597260264911583,22.65,43.0,0.16,74,35.8178,5.447785880254446,25.0,46.0,0.32886711328867113,1.0,1.0,1.0,1.0
pelt_rbf,persistent,lexical,tool,changelog categories,3,54,43,389,59,0.4910025706940874,38,0.6440677966101694,33.3,5.571974936274305,23.0,44.0,0.22897710228977103,0.22606382978723405,40.3044,5.265065311206797,29.0,50.0,0.7126287371262874,32.62162162162162,5.282959690149574,22.825,43.0,0.16,74,39.9793,5.274888999343545,29.0,50.0,0.6915308469153084,1.0,1.0,1.0,1.0
pelt_rbf,persistent,lexical,memory,changelog categories,3,18,17,389,59,0.20822622107969152,19,0.3220338983050847,15.9575,4.333217214396564,8.0,26.0,0.2638736126387361,0.26595744680851063,20.5146,5.199470193108996,11.0,31.0,0.6372362763723628,16.93243243243243,4.339468691299586,10.0,24.52499999999999,0.38666666666666666,74,21.4973,5.298207226032311,12.0,32.0,0.7036296370362963,1.0,1.0,1.0,1.0
pelt_rbf,persistent,lexical,model,changelog categories,3,51,40,389,59,0.506426735218509,35,0.5932203389830508,35.9275,4.967666607286777,25.0,46.0,0.6504349565043496,0.6569148936170213,38.3421,5.430084361372037,27.0,48.0,0.7624237576242375,35.82432432432432,4.717667487594883,26.825,44.175,0.68,74,38.4415,5.355151306410628,27.0,48.0,0.7707229277072293,1.0,1.0,1.0,1.0
pelt_rbf,persistent,lexical,goal,changelog categories,3,16,15,389,59,0.18251928020565553,17,0.288135593220339,13.6341,5.371005674936121,5.0,25.0,0.29987001299870014,0.300531914893617,18.5012,5.0414621087556934,9.0,29.0,0.6393360663933607,14.094594594594595,5.200550336839148,5.825,24.174999999999997,0.32,74,18.627,4.992330451435845,10.0,29.0,0.6467353264673532,1.0,1.0,1.0,1.0
pelt_rbf,persistent,lexical,chat,changelog categories,3,29,25,389,59,0.32390745501285345,31,0.5254237288135594,24.1527,5.4162455891168895,15.0,35.0,0.11838816118388161,0.11436170212765957,27.7099,5.57767451858779,17.0,38.0,0.3163683631636836,23.87837837837838,5.0039784246184205,14.825,33.349999999999994,0.13333333333333333,74,27.5519,5.4481625010147905,17.0,38.0,0.2986701329867013,1.0,1.0,1.0,1.0
pelt_rbf,persistent,lexical,other,changelog categories,3,12,12,389,59,0.17480719794344474,16,0.2711864406779661,13.0532,4.3339414007121135,6.0,22.0,0.2966703329667033,0.2978723404255319,15.2622,4.733507343310763,7.0,25.0,0.4570542945705429,13.283783783783784,4.156263701043299,6.825,21.349999999999994,0.30666666666666664,74,14.4756,4.624904714084543,7.0,24.0,0.3962603739626037,1.0,1.0,1.0,1.0
pelt_rbf,persistent,lexical,village goal transitions,goals and monitor,3,51,51,389,59,0.6503856041131105,46,0.7796610169491526,42.3714,5.435753561529272,33.0,51.0,0.33966603339666035,0.3377659574468085,43.1579,5.016919825794892,32.0,52.0,0.33726627337266274,43.04054054054054,4.966846769037784,34.0,51.0,0.41333333333333333,74,46.2898,4.486962139680286,37.0,54.0,0.5927407259274072,1.0,1.0,0.41333333333333333,1.0
pelt_rbf,persistent,lexical,scaffolding + goal transitions,goals and monitor,3,177,118,389,59,0.8226221079691517,57,0.9661016949152542,50.1325,4.237303296192331,40.0,56.0,0.011498850114988501,0.013297872340425532,56.7934,2.0915434242179956,51.0,59.0,0.6482351764823517,49.67567567567568,4.265529590554188,39.825,56.0,0.02666666666666667,74,57.1605,1.962785011788161,52.0,59.0,0.710928907109289,0.08049195080491951,1.0,0.08,1.0
pelt_rbf,persistent,lexical,agent goal changes,goals and monitor,3,33,8,55,2,0.38181818181818183,2,1.0,0.8566,0.5107470276493298,0.0,2.0,0.0690930906909309,0.07142857142857142,1.0249,0.6578170432014,0.0,2.0,0.22917708229177083,0.875,0.3535533905932738,0.17500000000000002,1.0,0.1111111111111111,8,0.9986,0.6521047186276185,0.0,2.0,0.21197880211978803,0.41455854414558546,1.0,0.2222222222222222,0.6359364063593641
pelt_rbf,persistent,lexical,monitor likely-scaffolding-issue (medium/high),goals and monitor,3,55,55,64,4,1.0,4,1.0,4.0,0.0,4.0,4.0,1.0,1.0,4.0,0.0,4.0,4.0,1.0,,,,,,,,,,,,1.0,1.0,,
pelt_rbf,persistent,lexical,monitor emotional-or-erratic (medium/high),goals and monitor,3,60,60,64,4,1.0,4,1.0,4.0,0.0,4.0,4.0,1.0,1.0,4.0,0.0,4.0,4.0,1.0,,,,,,,,,,,,1.0,1.0,,
pelt_rbf,persistent,lexical,monitor likely-scaffolding-issue (high),goals and monitor,3,4,4,64,4,0.390625,3,0.75,1.9923,1.0454424924406411,0.0,4.0,0.38736126387361264,0.39215686274509803,1.8534,1.0726711995528895,0.0,4.0,0.3123687631236876,,,,,,,,,,,,1.0,1.0,,
pelt_rbf,persistent,lexical,monitor emotional-or-erratic (high),goals and monitor,3,8,8,64,4,0.421875,0,0.0,2.6117,1.537712445796221,0.0,4.0,1.0,1.0,2.8577,1.0134857795462815,1.0,4.0,1.0,,,,,,,,,,,,1.0,1.0,,
